filename,hand_label,score,x_0,y_0,z_0,x_1,y_1,z_1,x_2,y_2,z_2,x_3,y_3,z_3,x_4,y_4,z_4,x_5,y_5,z_5,x_6,y_6,z_6,x_7,y_7,z_7,x_8,y_8,z_8,x_9,y_9,z_9,x_10,y_10,z_10,x_11,y_11,z_11,x_12,y_12,z_12,x_13,y_13,z_13,x_14,y_14,z_14,x_15,y_15,z_15,x_16,y_16,z_16,x_17,y_17,z_17,x_18,y_18,z_18,x_19,y_19,z_19,x_20,y_20,z_20
IMG_9795.JPG,Right,0.9823392033576965,0.7949923872947693,0.5679212212562561,-4.757099532071152e-07,0.7264935374259949,0.619057297706604,0.007683970034122467,0.6678926348686218,0.6468073129653931,-6.515748827951029e-05,0.6189293265342712,0.6749056577682495,-0.010381609201431274,0.5942155122756958,0.7239206433296204,-0.01987384632229805,0.6090275645256042,0.5710347294807434,-0.011649238876998425,0.5923950672149658,0.523169755935669,-0.003808734007179737,0.6220576167106628,0.5248285531997681,0.005757580976933241,0.6436176896095276,0.5409490466117859,0.010155255906283855,0.6225227117538452,0.5124677419662476,-0.02090364694595337,0.6090630292892456,0.4790423810482025,-0.004183412063866854,0.6350642442703247,0.4869377017021179,0.004245240241289139,0.654816746711731,0.5036265850067139,0.0024772314354777336,0.6481996774673462,0.4625381529331207,-0.027015836909413338,0.6285126209259033,0.4427644610404968,-0.009662183932960033,0.6540066003799438,0.45269250869750977,-0.00048152226372621953,0.6753859519958496,0.4720422923564911,-0.0029307797085493803,0.6783218383789062,0.4225389063358307,-0.03296482935547829,0.6586867570877075,0.4119144380092621,-0.017346899956464767,0.6763092279434204,0.42557981610298157,-0.0039550368674099445,0.6930649280548096,0.44353169202804565,0.001490123220719397
IMG_9781.JPG,Right,0.9996048808097839,0.7884753942489624,0.6989287734031677,3.3324022297165357e-07,0.7339074015617371,0.6911490559577942,-0.015357312746345997,0.6879022121429443,0.6858498454093933,-0.04096587374806404,0.6605222225189209,0.6729697585105896,-0.0664282888174057,0.6457399129867554,0.6589442491531372,-0.09274393320083618,0.6941697597503662,0.7764649391174316,-0.06549300253391266,0.6723916530609131,0.7966589331626892,-0.10615933686494827,0.6524909138679504,0.8264632225036621,-0.132129967212677,0.6425189971923828,0.8554426431655884,-0.14823618531227112,0.724351167678833,0.7899869680404663,-0.07521678507328033,0.6839589476585388,0.6834203004837036,-0.11652909219264984,0.692130446434021,0.6417258381843567,-0.12188073992729187,0.7065417170524597,0.632392406463623,-0.12065678834915161,0.7593119144439697,0.7709982991218567,-0.08509311079978943,0.7209799885749817,0.6543101072311401,-0.12188374251127243,0.7226855754852295,0.6276149749755859,-0.11353656649589539,0.7313951253890991,0.6337840557098389,-0.1022772416472435,0.7913466691970825,0.7369628548622131,-0.09607260674238205,0.7568292021751404,0.6551132798194885,-0.11976374685764313,0.7457336187362671,0.6282963156700134,-0.11150777339935303,0.7432543039321899,0.6241729259490967,-0.1019560694694519
IMG_9756.JPG,Right,0.9764187335968018,0.9826451539993286,0.5999419689178467,-5.653843118125224e-07,0.9148781895637512,0.7027021646499634,-0.029136937111616135,0.8462070226669312,0.7794318795204163,-0.05632167309522629,0.8052905201911926,0.8539268970489502,-0.07860694080591202,0.8049033284187317,0.9340927600860596,-0.09879174083471298,0.7916772365570068,0.6045629978179932,-0.05993685871362686,0.71915203332901,0.683269739151001,-0.06190653517842293,0.7532329559326172,0.7099865674972534,-0.056690413504838943,0.7835234999656677,0.7048218250274658,-0.054840896278619766,0.7914977073669434,0.5285341143608093,-0.04841889813542366,0.7223554849624634,0.6243482828140259,-0.04883035272359848,0.7496187090873718,0.6558710336685181,-0.04231031611561775,0.7779465913772583,0.6503192782402039,-0.04298729449510574,0.8009540438652039,0.4813128411769867,-0.03409761190414429,0.7339206337928772,0.5688125491142273,-0.030144348740577698,0.7544429898262024,0.6012473106384277,-0.022441279143095016,0.783484935760498,0.6052852869033813,-0.022888779640197754,0.8120033144950867,0.45546579360961914,-0.022086549550294876,0.764413595199585,0.5177962779998779,-0.018174761906266212,0.7774981260299683,0.5494669079780579,-0.010097834281623363,0.7963303327560425,0.5571715235710144,-0.005911771208047867
508721772433827_.pic.jpg,Left,0.9297493100166321,0.3253781795501709,0.9467524886131287,-4.478820585518406e-07,0.5600835084915161,0.8450646996498108,0.01566656306385994,0.6789162158966064,0.7240137457847595,0.023927994072437286,0.7589107155799866,0.6279066205024719,0.03377463296055794,0.8306248784065247,0.5957261919975281,0.04643471539020538,0.4946390390396118,0.5630233883857727,-0.016481660306453705,0.5697662234306335,0.5620641112327576,0.007704793941229582,0.5828709602355957,0.626272439956665,0.017363298684358597,0.5658012628555298,0.6678799390792847,0.018419353291392326,0.34945955872535706,0.5769966840744019,-0.02239459939301014,0.44313064217567444,0.5862367153167725,0.029745955020189285,0.46326255798339844,0.639670193195343,0.044274576008319855,0.4446714222431183,0.6772828102111816,0.030120758339762688,0.23553094267845154,0.6233251094818115,-0.020080329850316048,0.31656187772750854,0.6201432943344116,0.02093079499900341,0.34588325023651123,0.6667541265487671,0.03519633784890175,0.33200228214263916,0.7085684537887573,0.022984564304351807,0.1472136676311493,0.6750404834747314,-0.015140857547521591,0.2096790075302124,0.6604851484298706,0.015694227069616318,0.246418297290802,0.6976903080940247,0.042698998004198074,0.24611860513687134,0.7358440160751343,0.05279285088181496
509131772433870_.pic.jpg,Left,0.8742899298667908,0.28878992795944214,0.7198832035064697,-2.977083681798831e-07,0.4265221953392029,0.670477569103241,-0.019636940211057663,0.5110569000244141,0.6084886193275452,-0.0353720597922802,0.5744006037712097,0.5605300068855286,-0.048485174775123596,0.632999062538147,0.5356752872467041,-0.05982361361384392,0.36625340580940247,0.49988695979118347,-0.044984184205532074,0.4360012412071228,0.5160069465637207,-0.056423865258693695,0.4543110728263855,0.5579992532730103,-0.0716191977262497,0.44225966930389404,0.5822018384933472,-0.08451461046934128,0.28141507506370544,0.5120351910591125,-0.045058924704790115,0.35631927847862244,0.5310748219490051,-0.042202822864055634,0.3727754056453705,0.5633902549743652,-0.04838959127664566,0.3562683165073395,0.5846320986747742,-0.06429754197597504,0.21992333233356476,0.5428072810173035,-0.04347888380289078,0.2835696339607239,0.5534865260124207,-0.044743090867996216,0.3048444390296936,0.5800352692604065,-0.044991057366132736,0.29482847452163696,0.6008563041687012,-0.05417737364768982,0.17347243428230286,0.5755020380020142,-0.04305267333984375,0.22281421720981598,0.5842981338500977,-0.04450877010822296,0.24877026677131653,0.6067965030670166,-0.03642311692237854,0.2511858642101288,0.6255428791046143,-0.033905185759067535
509331772433897_.pic_thumb.jpg,Left,0.9437335133552551,0.4565849304199219,0.796682596206665,-4.402349986776244e-07,0.6303281188011169,0.7393158078193665,-0.011179639026522636,0.7367565035820007,0.6539658308029175,-0.02389160543680191,0.8134595155715942,0.5836023092269897,-0.03390474244952202,0.8934575915336609,0.5657384395599365,-0.04124802350997925,0.5785574316978455,0.5092830657958984,-0.039916250854730606,0.6541064977645874,0.5240351557731628,-0.05241789296269417,0.6603124737739563,0.5844678282737732,-0.07029365003108978,0.6323289275169373,0.6223219037055969,-0.08448728173971176,0.470950722694397,0.513118326663971,-0.04206298664212227,0.5621736645698547,0.5370450019836426,-0.034402914345264435,0.5712185502052307,0.584928035736084,-0.04103350639343262,0.5428550243377686,0.6164456605911255,-0.05862438306212425,0.39034199714660645,0.5423654317855835,-0.04094550758600235,0.4716663360595703,0.5592496991157532,-0.036388106644153595,0.48529288172721863,0.5969753861427307,-0.03358650952577591,0.46453386545181274,0.6253676414489746,-0.042647551745176315,0.3297030031681061,0.5771327018737793,-0.039924997836351395,0.39258044958114624,0.585829496383667,-0.03856799751520157,0.4088899791240692,0.619368314743042,-0.025463493540883064,0.3987509608268738,0.6458327174186707,-0.01853328011929989
508831772433838_.pic.jpg,Left,0.9188493490219116,0.3849445879459381,0.8234132528305054,-4.562436686228466e-07,0.546442985534668,0.732772707939148,-0.003748771734535694,0.6314393281936646,0.634767472743988,-0.013805768452584743,0.6859190464019775,0.555423378944397,-0.023001432418823242,0.759243369102478,0.5277455449104309,-0.03038252331316471,0.4475577771663666,0.520652174949646,-0.0438685417175293,0.5082123279571533,0.5196157693862915,-0.05402788519859314,0.5248503684997559,0.5743662118911743,-0.06436605751514435,0.5120022892951965,0.6147222518920898,-0.072725810110569,0.33189016580581665,0.5355105400085449,-0.04893871396780014,0.41280344128608704,0.5410298109054565,-0.03581336885690689,0.4319694936275482,0.5868080854415894,-0.032013412564992905,0.4202970266342163,0.6214596033096313,-0.0438319556415081,0.2468303143978119,0.5727458000183105,-0.04975966736674309,0.3212382197380066,0.5752056837081909,-0.040522944182157516,0.34156501293182373,0.61493980884552,-0.02938830479979515,0.33101725578308105,0.6487507820129395,-0.03458127751946449,0.18121331930160522,0.6144911646842957,-0.050645433366298676,0.24708762764930725,0.6183925271034241,-0.043848637491464615,0.27421119809150696,0.6536152362823486,-0.025458889082074165,0.2735879123210907,0.682533860206604,-0.016139551997184753
509091772433865_.pic.jpg,Left,0.9778319001197815,0.1243850439786911,0.7248519062995911,2.8202768476148776e-07,0.2785303592681885,0.6663995981216431,-0.056347012519836426,0.3638896942138672,0.5846158862113953,-0.0721520185470581,0.4337072968482971,0.5212889909744263,-0.07489678263664246,0.5074896812438965,0.4889572858810425,-0.07043960690498352,0.17720088362693787,0.4887283742427826,-0.03391169756650925,0.2973896265029907,0.4993845224380493,-0.03789064288139343,0.34066158533096313,0.5454715490341187,-0.04823560267686844,0.3471597135066986,0.5749203562736511,-0.05564839392900467,0.10629667341709137,0.49560776352882385,-0.00244102138094604,0.23740217089653015,0.519654393196106,0.004028738476336002,0.28289827704429626,0.5619422197341919,-0.007238378282636404,0.2870478928089142,0.5924028158187866,-0.023692725226283073,0.06655748188495636,0.5235564708709717,0.02601703442633152,0.18264862895011902,0.5412929058074951,0.026971783488988876,0.22775356471538544,0.5748098492622375,0.015141507610678673,0.2331610769033432,0.6058109402656555,0.0020724008791148663,0.044003069400787354,0.551480233669281,0.05080632492899895,0.1325424462556839,0.5594750046730042,0.04744543507695198,0.1699037402868271,0.5829256176948547,0.04291700944304466,0.1792728304862976,0.6071729063987732,0.03935708850622177
508721772433827_.pic_thumb.jpg,Left,0.9506967663764954,0.3518029451370239,0.9540435075759888,-5.758816428169666e-07,0.560320258140564,0.8395790457725525,0.013969944790005684,0.6676150560379028,0.7205994129180908,0.01315092109143734,0.7444844245910645,0.6307779550552368,0.008734095841646194,0.8402180671691895,0.604015588760376,0.006263809744268656,0.47357603907585144,0.5689173936843872,-0.009615370072424412,0.5250155329704285,0.552681565284729,-0.010748878121376038,0.54222571849823,0.6189415454864502,-0.02434702031314373,0.5322746634483337,0.6670916080474854,-0.03685805946588516,0.3272653818130493,0.585599958896637,-0.024333739653229713,0.3990613520145416,0.576428234577179,-0.0012154962169006467,0.42029303312301636,0.6299684047698975,-0.0004827260272577405,0.40413162112236023,0.6739987134933472,-0.017042148858308792,0.21613377332687378,0.6315444707870483,-0.03400561958551407,0.28148919343948364,0.6123391389846802,-0.015429233200848103,0.30802080035209656,0.6561693549156189,-0.0031095256563276052,0.30079978704452515,0.7009372115135193,-0.009617825038731098,0.12983861565589905,0.6845322251319885,-0.04228523373603821,0.18271997570991516,0.6582654118537903,-0.02767300419509411,0.216020405292511,0.6956800222396851,-2.281842171214521e-05,0.2197328507900238,0.7357476949691772,0.01581624336540699
IMG_9839.JPG,Right,0.9980608224868774,0.7347497344017029,0.5179110169410706,5.8780987188811196e-08,0.6801577210426331,0.4975631833076477,-0.012067616917192936,0.6309735774993896,0.5053447484970093,-0.024510206654667854,0.6106510758399963,0.5242684483528137,-0.03933597356081009,0.6386201977729797,0.5481395125389099,-0.05430101603269577,0.6147871017456055,0.6194732785224915,-0.027019839733839035,0.5998474359512329,0.7005363702774048,-0.05488241836428642,0.5955190658569336,0.7488545775413513,-0.07709992676973343,0.5953354239463806,0.7983481884002686,-0.09341355413198471,0.6504189372062683,0.6407322883605957,-0.03710712492465973,0.6376636028289795,0.6657421588897705,-0.07081387937068939,0.6477883458137512,0.5958788990974426,-0.08494853228330612,0.6601850986480713,0.555824875831604,-0.0907609611749649,0.6879482269287109,0.6440563201904297,-0.04830944165587425,0.6841835975646973,0.6550676226615906,-0.07771511375904083,0.6884109377861023,0.5859193801879883,-0.07781164348125458,0.6932342648506165,0.5479642152786255,-0.07311735302209854,0.7227023839950562,0.6363115906715393,-0.061355121433734894,0.7242401242256165,0.6320057511329651,-0.07992606610059738,0.7208994030952454,0.5836047530174255,-0.07901748269796371,0.7170197367668152,0.5527991056442261,-0.07599925249814987
IMG_9805.JPG,Right,0.9959473609924316,0.8558823466300964,0.6142889857292175,1.1385031228883236e-07,0.8020475506782532,0.6085602045059204,-0.02381628379225731,0.7562549114227295,0.639053225517273,-0.042759984731674194,0.7369270920753479,0.6758312582969666,-0.06337340176105499,0.7593160271644592,0.7163129448890686,-0.08504489064216614,0.7354105710983276,0.7697736620903015,-0.030237892642617226,0.7268333435058594,0.8648703694343567,-0.06268142908811569,0.7226795554161072,0.9246540069580078,-0.08633817732334137,0.7222059965133667,0.9767918586730957,-0.102756068110466,0.7768130898475647,0.7820444107055664,-0.039066117256879807,0.7638771533966064,0.824207603931427,-0.08421747386455536,0.7752195000648499,0.7528048157691956,-0.10246339440345764,0.7834522724151611,0.7046529650688171,-0.10686882585287094,0.8210175633430481,0.7804734706878662,-0.05071106180548668,0.8191770315170288,0.8064598441123962,-0.09603282064199448,0.820789635181427,0.7274454236030579,-0.09847072511911392,0.8200047016143799,0.674058735370636,-0.08994998782873154,0.864571213722229,0.7701810598373413,-0.06415222585201263,0.8607597947120667,0.7979916334152222,-0.0946560725569725,0.8562556505203247,0.743341863155365,-0.09278945624828339,0.8500491976737976,0.7007386684417725,-0.08548888564109802
IMG_9811.JPG,Right,0.9965770840644836,0.7737215757369995,0.6868354678153992,7.267354362738843e-08,0.7313371300697327,0.7076454162597656,-0.012498565018177032,0.7063894271850586,0.7481040358543396,-0.01569332741200924,0.7020455598831177,0.7968852519989014,-0.01996767520904541,0.7174503803253174,0.8283893465995789,-0.02353396639227867,0.7025923728942871,0.793262779712677,0.012336422689259052,0.6884592771530151,0.8353338241577148,0.004970380570739508,0.6834339499473572,0.8635752201080322,-0.0031516444869339466,0.6792796850204468,0.8860301375389099,-0.009542291983962059,0.7237216830253601,0.8040674328804016,0.01042716670781374,0.7119159698486328,0.8513445258140564,-0.00534385209903121,0.7198346257209778,0.8281564116477966,-0.015183242037892342,0.7254202365875244,0.8058190941810608,-0.016996318474411964,0.7470594644546509,0.8051016926765442,0.005733005236834288,0.7440599203109741,0.8428648710250854,-0.013392983004450798,0.7468557357788086,0.8077435493469238,-0.017586365342140198,0.749812126159668,0.7811331152915955,-0.01406633760780096,0.7725563645362854,0.7995269298553467,-0.00013140917872078717,0.7674033641815186,0.8294047117233276,-0.012965132482349873,0.7673231959342957,0.8055798411369324,-0.012943804264068604,0.7681221961975098,0.7827244997024536,-0.009603610262274742
508591772433814_.pic_thumb.jpg,Left,0.9514266848564148,0.44356977939605713,0.8127275705337524,-4.68185390900544e-07,0.5966726541519165,0.7276330590248108,-0.012935228645801544,0.6831139922142029,0.6415165066719055,-0.03329956904053688,0.7546970844268799,0.5836056470870972,-0.0543680340051651,0.8344526886940002,0.5576616525650024,-0.07530340552330017,0.4976438581943512,0.5261421799659729,-0.044619638472795486,0.5527349710464478,0.5362472534179688,-0.06689686328172684,0.5690789222717285,0.5834336280822754,-0.09441396594047546,0.5574323534965515,0.614932119846344,-0.11584103107452393,0.383705735206604,0.5430648922920227,-0.05366770923137665,0.44305044412612915,0.5503342747688293,-0.05340681970119476,0.4596734046936035,0.5870862007141113,-0.06144798919558525,0.44582512974739075,0.6161642670631409,-0.08050312101840973,0.3014470636844635,0.5821316838264465,-0.06065285578370094,0.3567136526107788,0.5814245939254761,-0.06430143117904663,0.37665125727653503,0.6131283044815063,-0.05960673466324806,0.3695305287837982,0.6404950022697449,-0.06641604006290436,0.24138358235359192,0.6266528367996216,-0.06868086755275726,0.2899854779243469,0.6254310011863708,-0.06958301365375519,0.31400245428085327,0.6545765995979309,-0.05225822329521179,0.3138408660888672,0.6778748035430908,-0.0430728979408741
509021772433857_.pic.jpg,Left,0.9811339974403381,0.633841335773468,0.7906389236450195,-5.102272098156391e-07,0.7691389322280884,0.7331215143203735,0.0009252916788682342,0.8417239189147949,0.655475378036499,-0.0030577152501791716,0.8874955177307129,0.5855402946472168,-0.004999042488634586,0.9459757804870605,0.5593600273132324,-0.005910693202167749,0.7174597382545471,0.5370563864707947,-0.03670930862426758,0.7368461489677429,0.5520658493041992,-0.035101309418678284,0.7394059896469116,0.5997647643089294,-0.0389682874083519,0.7276561856269836,0.6297096610069275,-0.04482690989971161,0.6222000122070312,0.5419450998306274,-0.03924478217959404,0.652662456035614,0.564858078956604,-0.01862620748579502,0.6635390520095825,0.6041805148124695,-0.013959106989204884,0.6548165082931519,0.6308510899543762,-0.025433354079723358,0.548424482345581,0.5686547756195068,-0.03622141480445862,0.5757519602775574,0.589920163154602,-0.020389940589666367,0.5940710306167603,0.6221714019775391,-0.014851793646812439,0.5909604430198669,0.6500701904296875,-0.023624181747436523,0.4876022934913635,0.5985553860664368,-0.03266337886452675,0.5119398236274719,0.6154866814613342,-0.024487590417265892,0.5357649326324463,0.644844651222229,-0.013736603781580925,0.5441651940345764,0.6693212985992432,-0.009631434455513954
508781772433833_.pic.jpg,Left,0.89845871925354,0.28339529037475586,0.9962833523750305,-2.668178353815165e-07,0.5366340279579163,0.8756307363510132,0.005653947126120329,0.6618475914001465,0.7273005843162537,0.009832857176661491,0.7626215219497681,0.6229212284088135,0.016292717307806015,0.8614674806594849,0.5832920670509338,0.02588128298521042,0.4607415199279785,0.5698728561401367,-0.016432711854577065,0.5750877857208252,0.5823979377746582,0.010735122486948967,0.5962320566177368,0.6623483896255493,0.02263760380446911,0.5796228647232056,0.7086979746818542,0.024335196241736412,0.3082314431667328,0.586245059967041,-0.01962178759276867,0.4387056231498718,0.6121359467506409,0.03661324456334114,0.46877098083496094,0.6846071481704712,0.04995090141892433,0.4490140974521637,0.7275446057319641,0.03275766596198082,0.18339654803276062,0.6424358487129211,-0.01597045361995697,0.28759002685546875,0.6556079983711243,0.028996335342526436,0.32871514558792114,0.7182610630989075,0.04072757065296173,0.3118521571159363,0.7653734683990479,0.024190885946154594,0.08840969204902649,0.7049968838691711,-0.010787684470415115,0.16312888264656067,0.7024608850479126,0.019415829330682755,0.20955640077590942,0.7489104866981506,0.04297863319516182,0.21236175298690796,0.7914047837257385,0.04936806857585907
IMG_9810.JPG,Right,0.9946783781051636,0.7715404629707336,0.6257923245429993,8.639363358042829e-08,0.7288097143173218,0.6139707565307617,-0.021557221189141273,0.6888691186904907,0.6400144696235657,-0.036272842437028885,0.6761071085929871,0.6787158846855164,-0.051191698759794235,0.693163275718689,0.7234482169151306,-0.06669187545776367,0.6618119478225708,0.7433527708053589,-0.023965483531355858,0.6443566083908081,0.8204782009124756,-0.050934139639139175,0.6343570947647095,0.8757936954498291,-0.07083680480718613,0.6283532977104187,0.9233037829399109,-0.08513365685939789,0.6972506642341614,0.761016309261322,-0.029482411220669746,0.6868686676025391,0.801810085773468,-0.06964106857776642,0.7092061638832092,0.7408596873283386,-0.08520897477865219,0.7224589586257935,0.6986791491508484,-0.08743244409561157,0.7342028617858887,0.7659755349159241,-0.03744027018547058,0.733485996723175,0.7943485975265503,-0.07747285068035126,0.7446548342704773,0.7291306257247925,-0.07779879868030548,0.7487660646438599,0.6869178414344788,-0.06812111288309097,0.7707039713859558,0.7639490365982056,-0.04683384299278259,0.7668134570121765,0.7894726991653442,-0.07476651668548584,0.7718474864959717,0.7417026162147522,-0.07167569547891617,0.7707817554473877,0.7080265283584595,-0.06314490735530853
IMG_9804.JPG,Right,0.9937915802001953,0.8612074851989746,0.6382428407669067,4.995362345994181e-08,0.8051203489303589,0.6327450275421143,-0.016981016844511032,0.7560250759124756,0.6645302772521973,-0.029586665332317352,0.7346466183662415,0.7074564695358276,-0.04367835447192192,0.7608734965324402,0.7489883303642273,-0.058920640498399734,0.7388598918914795,0.791048526763916,-0.0245533250272274,0.7283574342727661,0.8841613531112671,-0.052637144923210144,0.7245439291000366,0.9441349506378174,-0.07398243993520737,0.7217415571212769,0.996453583240509,-0.08973931521177292,0.7803699374198914,0.8027999401092529,-0.03404652327299118,0.7641327381134033,0.8508424758911133,-0.07517027854919434,0.7799685001373291,0.7813765406608582,-0.09230790287256241,0.7909408807754517,0.731486439704895,-0.09643889963626862,0.8239543437957764,0.8020740747451782,-0.0453060008585453,0.8190351128578186,0.8302502036094666,-0.08606824278831482,0.8222967386245728,0.7553483843803406,-0.08923602104187012,0.8208716511726379,0.7017629742622375,-0.08197406679391861,0.8657197952270508,0.79358971118927,-0.05760718509554863,0.8607404232025146,0.822763979434967,-0.0848005935549736,0.8583545088768005,0.771177351474762,-0.08351179212331772,0.8521003127098083,0.7288484573364258,-0.07725130766630173
IMG_9838.JPG,Right,0.9966524839401245,0.7762722969055176,0.5202668309211731,1.0945633732717397e-07,0.7395291924476624,0.4997265934944153,-0.030464697629213333,0.6979137063026428,0.5057370662689209,-0.05265090614557266,0.6896248459815979,0.5348750352859497,-0.07319090515375137,0.7144402861595154,0.5595841407775879,-0.09338653832674026,0.6836817264556885,0.63205885887146,-0.042946506291627884,0.6779332160949707,0.7094662189483643,-0.07830754667520523,0.6774851083755493,0.7591710686683655,-0.10095183551311493,0.6785654425621033,0.8058639168739319,-0.11677346378564835,0.7228127121925354,0.6500915288925171,-0.04714370518922806,0.7197759747505188,0.675844132900238,-0.09349073469638824,0.7316817045211792,0.6049498915672302,-0.10677887499332428,0.7343258261680603,0.5670958757400513,-0.10781819373369217,0.761085033416748,0.6505094766616821,-0.05451064556837082,0.7678256630897522,0.6554635763168335,-0.09879042208194733,0.7713757753372192,0.5863345861434937,-0.09414064884185791,0.7678875923156738,0.5504539608955383,-0.08185099065303802,0.7986679673194885,0.6391823291778564,-0.06461015343666077,0.8043738603591919,0.6345251798629761,-0.09504460543394089,0.8026806116104126,0.5821986198425293,-0.09116149693727493,0.79458087682724,0.5550946593284607,-0.08238406479358673
509121772433869_.pic.jpg,Left,0.768296480178833,0.45322543382644653,0.6987116932868958,2.479828786761118e-08,0.6045945882797241,0.6717018485069275,-0.04397128149867058,0.6996799111366272,0.6105239987373352,-0.06585320085287094,0.7747634053230286,0.5613635778427124,-0.07899254560470581,0.8417882919311523,0.5328744649887085,-0.08830754458904266,0.5672092437744141,0.49548059701919556,-0.060760922729969025,0.6565762162208557,0.5274075269699097,-0.08372599631547928,0.6821619868278503,0.5751873850822449,-0.1062934547662735,0.6789949536323547,0.5998581051826477,-0.12277797609567642,0.4875665307044983,0.4979037642478943,-0.04723486304283142,0.5835263133049011,0.5391865372657776,-0.05729398876428604,0.6072964072227478,0.5773305892944336,-0.0718030035495758,0.596514880657196,0.5966981053352356,-0.09197474271059036,0.4301005005836487,0.523921012878418,-0.03489166125655174,0.5115950107574463,0.5540553331375122,-0.05071808397769928,0.5355097651481628,0.5826749801635742,-0.059683360159397125,0.5270859003067017,0.5997387766838074,-0.07159747183322906,0.3901955485343933,0.5542620420455933,-0.02478146366775036,0.45489272475242615,0.5769548416137695,-0.03930873051285744,0.4764809012413025,0.6000301837921143,-0.04052649065852165,0.47360968589782715,0.6158447265625,-0.04311729967594147
508881772433843_.pic.jpg,Left,0.9406528472900391,0.43629881739616394,0.759938657283783,-4.194015730263345e-07,0.5561158061027527,0.6979255080223083,-0.001374089508317411,0.618624746799469,0.6259430646896362,-0.0065963962115347385,0.659930944442749,0.5659869313240051,-0.011323366314172745,0.7143824100494385,0.541995108127594,-0.014779621735215187,0.49026769399642944,0.5257426500320435,-0.0298201534897089,0.5167637467384338,0.5289461016654968,-0.030325446277856827,0.5289537906646729,0.5730379223823547,-0.03359082341194153,0.5229225158691406,0.6033627390861511,-0.03789832070469856,0.40901875495910645,0.5366203784942627,-0.03347548097372055,0.4523140788078308,0.5562778115272522,-0.01755697838962078,0.46940508484840393,0.592046320438385,-0.01418741513043642,0.46507155895233154,0.6167730093002319,-0.024585526436567307,0.3473855257034302,0.5675256848335266,-0.03320024162530899,0.3871261477470398,0.5879235863685608,-0.023025525733828545,0.4047586917877197,0.616139829158783,-0.017622193321585655,0.4000585973262787,0.6388698220252991,-0.02445303648710251,0.2988206744194031,0.5998634099960327,-0.032988086342811584,0.3303973078727722,0.612794816493988,-0.02751048095524311,0.351871132850647,0.6373087167739868,-0.016143737360835075,0.35660725831985474,0.6584388017654419,-0.011061253026127815
IMG_9757.JPG,Right,0.9783440232276917,0.9802234172821045,0.5839425921440125,-5.001974159313249e-07,0.9123208522796631,0.6848530173301697,-0.033334244042634964,0.841692328453064,0.7631648778915405,-0.06236458197236061,0.8018922805786133,0.8411787152290344,-0.08537071198225021,0.8058139681816101,0.9199995398521423,-0.1059032753109932,0.7887630462646484,0.5802122354507446,-0.06590289622545242,0.718674898147583,0.6703340411186218,-0.06486350297927856,0.7555760741233826,0.6921593546867371,-0.05720043554902077,0.7858784794807434,0.6816319227218628,-0.0547393336892128,0.7874297499656677,0.5068326592445374,-0.05250348895788193,0.7191190123558044,0.6136283874511719,-0.05167556554079056,0.7478132843971252,0.6439194083213806,-0.044848207384347916,0.7773137092590332,0.6351837515830994,-0.04604867100715637,0.7963742613792419,0.46370357275009155,-0.03590572252869606,0.7289021015167236,0.557284951210022,-0.030879583209753036,0.7495958209037781,0.5887158513069153,-0.023509759455919266,0.7786704301834106,0.5890473127365112,-0.024712147191166878,0.807453453540802,0.4422711730003357,-0.022052502259612083,0.7559542655944824,0.5002741813659668,-0.018217120319604874,0.7691528797149658,0.5329129695892334,-0.01043656561523676,0.7882948517799377,0.5405082702636719,-0.006674202159047127
IMG_9780.JPG,Right,0.9996256828308105,0.7704313397407532,0.6658631563186646,2.976601081172703e-07,0.7130639553070068,0.6546499729156494,-0.002874877769500017,0.6540393233299255,0.6194006204605103,-0.02192370966076851,0.6192168593406677,0.573983371257782,-0.04118773341178894,0.6206728219985962,0.5514026284217834,-0.060151662677526474,0.6563747525215149,0.6907512545585632,-0.062237467616796494,0.6236311793327332,0.6943545937538147,-0.09732599556446075,0.5981438755989075,0.6923725605010986,-0.11435333639383316,0.5849891901016235,0.7003472447395325,-0.12148462980985641,0.6866385340690613,0.6920291185379028,-0.0763186365365982,0.6418048739433289,0.5764079689979553,-0.10600786656141281,0.6539128422737122,0.5446324944496155,-0.09825675934553146,0.6729069352149963,0.5522260069847107,-0.08685261011123657,0.7201443314552307,0.6702682375907898,-0.08890572935342789,0.6780163645744324,0.5539196133613586,-0.11169422417879105,0.686128556728363,0.5339051485061646,-0.08758128434419632,0.6984245181083679,0.55148845911026,-0.0647895485162735,0.7508439421653748,0.6373602747917175,-0.10214291512966156,0.7113900184631348,0.5422161817550659,-0.10923649370670319,0.7068456411361694,0.5290725231170654,-0.08783039450645447,0.7108859419822693,0.5447966456413269,-0.06898266077041626
IMG_9794.JPG,Right,0.9819368720054626,0.9056849479675293,0.5382175445556641,-4.595774498739047e-07,0.8477997779846191,0.6153378486633301,-0.004166166763752699,0.7715516090393066,0.6841022372245789,-0.02506163902580738,0.7184150815010071,0.7487021088600159,-0.04393475130200386,0.6984848976135254,0.8154792785644531,-0.06030844897031784,0.7928024530410767,0.6471197605133057,-0.07532386481761932,0.6793264746665955,0.6075379848480225,-0.0940699502825737,0.7045266628265381,0.5980979204177856,-0.08662627637386322,0.7392249703407288,0.5994557738304138,-0.07650692015886307,0.8083099126815796,0.5701184868812561,-0.08136709034442902,0.6806456446647644,0.5427259206771851,-0.09054817259311676,0.705272912979126,0.541541576385498,-0.07349009811878204,0.7400673627853394,0.5481874942779541,-0.06424564123153687,0.8140606880187988,0.49615031480789185,-0.0835212767124176,0.6876347064971924,0.48640328645706177,-0.0856674537062645,0.7157161831855774,0.49005699157714844,-0.06081361696124077,0.7504317164421082,0.4950592815876007,-0.048410963267087936,0.8132325410842896,0.43135866522789,-0.08493084460496902,0.7133336067199707,0.4385683238506317,-0.0822022408246994,0.732923686504364,0.4486698806285858,-0.06218964233994484,0.7611570358276367,0.45269373059272766,-0.05155590549111366
IMG_9782.JPG,Right,0.9994721412658691,0.8085799813270569,0.6870440244674683,7.120089406953412e-08,0.7584714293479919,0.6803116202354431,-0.017729410901665688,0.7136133909225464,0.681739091873169,-0.042038872838020325,0.6814273595809937,0.6684805750846863,-0.06683382391929626,0.6668329238891602,0.6481754183769226,-0.09195446223020554,0.7134650945663452,0.7754331827163696,-0.061870332807302475,0.6902329325675964,0.80694979429245,-0.10051091760396957,0.6746081113815308,0.833081841468811,-0.12261888384819031,0.6621228456497192,0.8613793849945068,-0.13596338033676147,0.7495009899139404,0.792995810508728,-0.0701519250869751,0.7089499831199646,0.6933382153511047,-0.11051899939775467,0.7120583653450012,0.6461803913116455,-0.11335957795381546,0.7236454486846924,0.6318085193634033,-0.10962206870317459,0.7860240340232849,0.770000159740448,-0.07923319190740585,0.7425572872161865,0.6609762907028198,-0.11634790152311325,0.7424718141555786,0.6320070028305054,-0.10705968737602234,0.7534141540527344,0.6334882974624634,-0.09337814897298813,0.8155174851417542,0.733462929725647,-0.08994859457015991,0.7744932174682617,0.6528818011283875,-0.11328691244125366,0.7664080262184143,0.630595862865448,-0.10501154512166977,0.7712722420692444,0.6315093040466309,-0.09361259639263153
IMG_9796.JPG,Right,0.9752628803253174,0.7597097754478455,0.5726030468940735,-5.428028657661343e-07,0.6969459652900696,0.6231191158294678,0.007384430151432753,0.6406797766685486,0.6481801271438599,-0.00015516634448431432,0.5964634418487549,0.6704680919647217,-0.010316934436559677,0.5727041959762573,0.7135740518569946,-0.020494522526860237,0.5704126358032227,0.5698860883712769,-0.01161658950150013,0.5578910708427429,0.56008380651474,-0.008279100060462952,0.5888422727584839,0.5664291381835938,-0.003591888351365924,0.6150495409965515,0.5779072046279907,-0.002021095948293805,0.5793044567108154,0.5162485837936401,-0.020741520449519157,0.5741946697235107,0.5178256034851074,-0.008957760408520699,0.6033415794372559,0.5309783816337585,-0.003648831509053707,0.6276471614837646,0.5416638255119324,-0.00638582045212388,0.6039237380027771,0.4717106223106384,-0.026941852644085884,0.5982043743133545,0.4767358601093292,-0.015555043704807758,0.6260199546813965,0.49005571007728577,-0.009942433796823025,0.6504559516906738,0.5048837661743164,-0.013009147718548775,0.6346756815910339,0.43474385142326355,-0.03289526328444481,0.6319818496704102,0.4357195198535919,-0.02181384712457657,0.6505303978919983,0.45345640182495117,-0.011647098697721958,0.6673066020011902,0.46993014216423035,-0.007123537361621857
509201772433879_.pic_thumb.jpg,Left,0.9427756667137146,0.12998974323272705,0.35159939527511597,-3.573971980586066e-07,0.28577616810798645,0.32806396484375,-0.023495713248848915,0.3904860019683838,0.2759019136428833,-0.038521990180015564,0.45545828342437744,0.241963192820549,-0.05162749066948891,0.5219125747680664,0.2326347529888153,-0.06361483037471771,0.25628310441970825,0.12907016277313232,-0.03892035409808159,0.30313777923583984,0.16776719689369202,-0.05868925899267197,0.3071611523628235,0.21641740202903748,-0.08571363240480423,0.2878698706626892,0.2416309118270874,-0.10801196843385696,0.15131624042987823,0.1347457319498062,-0.041642382740974426,0.208084374666214,0.16951900720596313,-0.04519497603178024,0.21680620312690735,0.20926153659820557,-0.05876681208610535,0.19680377840995789,0.22977927327156067,-0.08016064018011093,0.0724128931760788,0.16502898931503296,-0.044194433838129044,0.12553557753562927,0.18823549151420593,-0.055422134697437286,0.13814249634742737,0.2208462804555893,-0.058103084564208984,0.12465381622314453,0.23865839838981628,-0.06764568388462067,0.014556437730789185,0.20001481473445892,-0.04838152974843979,0.06121751666069031,0.22019946575164795,-0.05902206525206566,0.07721242308616638,0.2502511739730835,-0.051575668156147,0.0727541595697403,0.26747745275497437,-0.04889771714806557
508691772433824_.pic_thumb.jpg,Left,0.9673018455505371,0.37124818563461304,0.9742391705513,-7.734971063655394e-07,0.5608463287353516,0.8706897497177124,0.016998950392007828,0.6554915308952332,0.761681079864502,0.020002348348498344,0.7198642492294312,0.6835091710090637,0.015433167107403278,0.799655556678772,0.6556386947631836,0.010572116822004318,0.48788899183273315,0.6079928874969482,0.011688632890582085,0.5190525650978088,0.5849320888519287,0.006097540725022554,0.5264220237731934,0.6487452387809753,-0.014273503795266151,0.5161635279655457,0.6958191394805908,-0.030383693054318428,0.35902082920074463,0.619411051273346,-0.005405560601502657,0.4159778356552124,0.6018210053443909,0.008931254968047142,0.4297705888748169,0.6542456150054932,0.003564598737284541,0.41662487387657166,0.7022904753684998,-0.011261056177318096,0.256960928440094,0.6547598838806152,-0.019240889698266983,0.31802496314048767,0.6420004963874817,-0.006755987647920847,0.3321724534034729,0.6863855123519897,0.00153521413449198,0.32225319743156433,0.7319384813308716,-0.003165103727951646,0.1736496090888977,0.6967407464981079,-0.032607659697532654,0.22677379846572876,0.6828095316886902,-0.02368701435625553,0.24919520318508148,0.7219504714012146,-0.0019611665047705173,0.2489483654499054,0.7597908973693848,0.012345446273684502
IMG_9769.JPG,Right,0.9968287348747253,0.7953561544418335,0.513683557510376,6.327153556640042e-08,0.7414112687110901,0.504595160484314,-0.01485390868037939,0.6964678764343262,0.5170826315879822,-0.031420689076185226,0.6716014742851257,0.5390329360961914,-0.049877915531396866,0.6948376297950745,0.5661488175392151,-0.0689297690987587,0.6818646192550659,0.634427011013031,-0.03307056799530983,0.6652361154556274,0.7081340551376343,-0.05999942868947983,0.6576673984527588,0.7562276124954224,-0.08064083009958267,0.6529988050460815,0.7996448278427124,-0.09564241766929626,0.7159523367881775,0.6497465968132019,-0.04213133454322815,0.7016674280166626,0.6528071165084839,-0.07770733535289764,0.7085850834846497,0.5893674492835999,-0.09126976877450943,0.7177267074584961,0.5470167398452759,-0.0958070382475853,0.7512161135673523,0.6491836905479431,-0.05205392837524414,0.7377632856369019,0.6428406238555908,-0.08320663124322891,0.7365284562110901,0.5814408659934998,-0.08489491045475006,0.7389534115791321,0.539830207824707,-0.08044763654470444,0.7840946316719055,0.6399353742599487,-0.06369640678167343,0.7740971446037292,0.63059401512146,-0.08478409051895142,0.7684798836708069,0.585088312625885,-0.08533909171819687,0.7650550007820129,0.5500061511993408,-0.08210952579975128
509031772433858_.pic_thumb.jpg,Left,0.9851611256599426,0.553436279296875,0.8525221347808838,-5.977396426715131e-07,0.7077488303184509,0.7813813090324402,-0.012348642572760582,0.7873157262802124,0.6901479959487915,-0.020273618400096893,0.8305671215057373,0.6180265545845032,-0.023991109803318977,0.8852488994598389,0.5876330137252808,-0.024859203025698662,0.6211919784545898,0.5848730206489563,-0.04599783942103386,0.6891663670539856,0.5927896499633789,-0.05997264385223389,0.7018689513206482,0.6471037864685059,-0.07676000893115997,0.6840710043907166,0.6820732355117798,-0.08956129848957062,0.5241142511367798,0.593342661857605,-0.04424785077571869,0.6099320650100708,0.6082233786582947,-0.03930160403251648,0.6263933777809143,0.6550447940826416,-0.04214540496468544,0.6085745096206665,0.6870868802070618,-0.05529584363102913,0.455068975687027,0.6193937063217163,-0.039450451731681824,0.5341522097587585,0.6278775930404663,-0.03661371022462845,0.5509792566299438,0.6650245189666748,-0.031069928780198097,0.5354284048080444,0.6948202252388,-0.03627229481935501,0.40261027216911316,0.6475507020950317,-0.03521644324064255,0.46916425228118896,0.6442298293113708,-0.0353233702480793,0.4912017583847046,0.675635039806366,-0.023617353290319443,0.4864455461502075,0.7030702233314514,-0.016836918890476227
509121772433869_.pic_thumb.jpg,Left,0.7820535898208618,0.45078474283218384,0.6903451681137085,-1.1560996426851489e-07,0.6027968525886536,0.663698673248291,-0.04017777368426323,0.6997066736221313,0.6058270335197449,-0.061728496104478836,0.7736764550209045,0.5586925745010376,-0.07730849087238312,0.8411515355110168,0.5303962230682373,-0.08977187424898148,0.5678527355194092,0.496813029050827,-0.05108097568154335,0.6507077217102051,0.5268809795379639,-0.08318977057933807,0.6706742644309998,0.5736133456230164,-0.11450626701116562,0.6625936031341553,0.5967398881912231,-0.13618676364421844,0.4939689040184021,0.49538949131965637,-0.043421611189842224,0.5835202932357788,0.5338734984397888,-0.06429009884595871,0.6014451384544373,0.5732030272483826,-0.08517012745141983,0.5877096652984619,0.5927238464355469,-0.10734379291534424,0.440589964389801,0.5146429538726807,-0.03814961016178131,0.5179699063301086,0.544079065322876,-0.0635971873998642,0.5350254774093628,0.5742892622947693,-0.07320760190486908,0.523750364780426,0.591569185256958,-0.08264684677124023,0.4030454158782959,0.5376960039138794,-0.03531165048480034,0.46095776557922363,0.5564960241317749,-0.05617321655154228,0.4760938286781311,0.5798946022987366,-0.05709459260106087,0.4707697629928589,0.5950650572776794,-0.05765843391418457
508811772433836_.pic.jpg,Left,0.9198061227798462,0.5208705067634583,0.9160327911376953,-6.531632266160159e-07,0.7223508358001709,0.8049105405807495,0.021118221804499626,0.8294264078140259,0.6765106916427612,0.021365271881222725,0.9219175577163696,0.568213939666748,0.019427429884672165,1.018038272857666,0.5306607484817505,0.018763095140457153,0.6474597454071045,0.5290382504463196,-0.02541021816432476,0.6957048773765564,0.49717679619789124,-0.016106408089399338,0.7015216946601868,0.5640963912010193,-0.013544716872274876,0.6824607849121094,0.614008367061615,-0.014503604732453823,0.5020461082458496,0.5392307043075562,-0.036511000245809555,0.5759937763214111,0.5232018232345581,0.0011611026711761951,0.59434974193573,0.5786846280097961,0.015420133247971535,0.5788754820823669,0.6247577667236328,0.005224194377660751,0.3889213502407074,0.579417884349823,-0.03908616676926613,0.4553624391555786,0.5708080530166626,-0.002731628715991974,0.4826880693435669,0.6161644458770752,0.015961898490786552,0.4712957739830017,0.662320613861084,0.008005574345588684,0.30148017406463623,0.6261423230171204,-0.03978955000638962,0.35756900906562805,0.623094379901886,-0.00926291849464178,0.3908126950263977,0.6618117690086365,0.018944496288895607,0.39375704526901245,0.6997812986373901,0.030975403264164925
509181772433877_.pic.jpg,Left,0.9553644061088562,0.19194935262203217,0.41410648822784424,-2.4437881052108423e-07,0.33855366706848145,0.3907568156719208,-0.01985877752304077,0.4318179190158844,0.34101933240890503,-0.03039597161114216,0.49516189098358154,0.30696743726730347,-0.038053590804338455,0.5568295121192932,0.29716017842292786,-0.044402673840522766,0.2998080849647522,0.19682179391384125,-0.033887919038534164,0.34828993678092957,0.23041346669197083,-0.034636013209819794,0.35251492261886597,0.2751249074935913,-0.04386424273252487,0.3341268002986908,0.29910561442375183,-0.05445979908108711,0.20109865069389343,0.20248165726661682,-0.03262343630194664,0.26529985666275024,0.23534178733825684,-0.01919282041490078,0.27356383204460144,0.27176710963249207,-0.023926053196191788,0.25146591663360596,0.2941737174987793,-0.04027091711759567,0.12730267643928528,0.23285384476184845,-0.029525483027100563,0.1868140697479248,0.2536073625087738,-0.025403697043657303,0.2017328292131424,0.2827358543872833,-0.028203915804624557,0.18594515323638916,0.30237433314323425,-0.039887554943561554,0.07201439142227173,0.2667118012905121,-0.027439884841442108,0.12463755905628204,0.28242602944374084,-0.02707265503704548,0.14353592693805695,0.3079277575016022,-0.01963687315583229,0.13897207379341125,0.32559967041015625,-0.018366830423474312
509161772433874_.pic_thumb.jpg,Left,0.8600570559501648,0.10667262971401215,0.5912994146347046,-2.0856580817962822e-07,0.2611185610294342,0.550813615322113,-0.02762499451637268,0.35311391949653625,0.4799806773662567,-0.0438942052423954,0.4196849465370178,0.42680302262306213,-0.056686095893383026,0.4830162525177002,0.400564044713974,-0.06642298400402069,0.21292462944984436,0.3783551752567291,-0.04062313586473465,0.2954005002975464,0.3993052840232849,-0.0653357207775116,0.30961644649505615,0.44175252318382263,-0.08998096734285355,0.29285603761672974,0.46419721841812134,-0.10782112181186676,0.1278977245092392,0.3851742148399353,-0.03832982853055,0.2184830605983734,0.4043513536453247,-0.04833449050784111,0.23202203214168549,0.43943747878074646,-0.05957700312137604,0.20960256457328796,0.4608398377895355,-0.0761132463812828,0.0659102350473404,0.41276583075523376,-0.03719038516283035,0.14271895587444305,0.4215860962867737,-0.04969263821840286,0.15727540850639343,0.44918617606163025,-0.05051786080002785,0.1406444013118744,0.4676119089126587,-0.056876298040151596,0.02197393774986267,0.444105327129364,-0.03797530010342598,0.07719357311725616,0.4540611207485199,-0.04704597219824791,0.09270995855331421,0.47776734828948975,-0.04058380052447319,0.08449505269527435,0.4947083294391632,-0.03790683299303055
IMG_9812.JPG,Right,0.9980596899986267,0.7378716468811035,0.7117849588394165,8.498542314328006e-08,0.6972241401672363,0.7293325662612915,-0.010790972970426083,0.6733104586601257,0.770771324634552,-0.011582506820559502,0.6702908873558044,0.8162753582000732,-0.012916529551148415,0.687222421169281,0.8409572243690491,-0.01382475346326828,0.6700986623764038,0.8045284748077393,0.011244258843362331,0.6556347608566284,0.8431914448738098,0.0064988345839083195,0.652938961982727,0.8717760443687439,0.0005320818745531142,0.6510086059570312,0.8955436944961548,-0.0044194171205163,0.6898242831230164,0.8168805241584778,0.01009848527610302,0.6802351474761963,0.8609564304351807,-0.0012241438962519169,0.6880874037742615,0.8418161869049072,-0.008819139562547207,0.6941400170326233,0.8209035992622375,-0.009856021031737328,0.7119058966636658,0.8196333646774292,0.006589577998965979,0.7105416059494019,0.8555325269699097,-0.00823135394603014,0.7136252522468567,0.8238705396652222,-0.012844952754676342,0.7161547541618347,0.7978962659835815,-0.010469676926732063,0.7359655499458313,0.8144696354866028,0.002093759598210454,0.7316128611564636,0.8434818387031555,-0.008529246784746647,0.7317221164703369,0.8219678997993469,-0.009121634066104889,0.7320778369903564,0.7987303137779236,-0.006547878030687571
IMG_9806.JPG,Right,0.9969043731689453,0.8423479199409485,0.6026395559310913,1.113370018401838e-07,0.7949754595756531,0.5944526195526123,-0.024750646203756332,0.7493289709091187,0.6174914240837097,-0.043736085295677185,0.7318297028541565,0.6535570025444031,-0.0635254979133606,0.7558684349060059,0.689656138420105,-0.0846286490559578,0.7320647835731506,0.7461553812026978,-0.03482574224472046,0.7222408652305603,0.8401714563369751,-0.06791374832391739,0.7163829803466797,0.9021485447883606,-0.09159459173679352,0.71376633644104,0.9551916718482971,-0.10809855908155441,0.7737309336662292,0.7588622570037842,-0.04307594895362854,0.760905921459198,0.7982261180877686,-0.08986114710569382,0.7741712331771851,0.7289239168167114,-0.10799071192741394,0.7832129001617432,0.6794950366020203,-0.1116998940706253,0.8168486952781677,0.7576890587806702,-0.053848084062337875,0.8159905672073364,0.7809319496154785,-0.10007139295339584,0.819284200668335,0.7051341533660889,-0.1018584743142128,0.8182658553123474,0.6508445143699646,-0.09239810705184937,0.8590796589851379,0.7489193677902222,-0.06638044863939285,0.8568269610404968,0.7771651148796082,-0.09707313030958176,0.8546197414398193,0.724308967590332,-0.09419472515583038,0.848861038684845,0.6815006732940674,-0.08582393079996109
IMG_9807.JPG,Right,0.99704909324646,0.7965778112411499,0.502650260925293,9.287553837111773e-08,0.7542093992233276,0.49144992232322693,-0.02251564897596836,0.7151979207992554,0.5152778029441833,-0.03982128947973251,0.6965247988700867,0.5468449592590332,-0.05778597295284271,0.7124397158622742,0.5860651731491089,-0.0767366886138916,0.6917901635169983,0.6258370280265808,-0.028750162571668625,0.6742363572120667,0.7043904066085815,-0.05772276967763901,0.664541482925415,0.757970929145813,-0.07823555916547775,0.6602278351783752,0.8041659593582153,-0.09223758429288864,0.7274615168571472,0.6390841603279114,-0.03478873893618584,0.7143080234527588,0.6733272075653076,-0.07586321979761124,0.7324644327163696,0.6112447381019592,-0.0907130017876625,0.7433878779411316,0.5697187781333923,-0.09268977493047714,0.7649825215339661,0.6411629319190979,-0.04332183301448822,0.7605041265487671,0.6657233238220215,-0.08293303102254868,0.7679986953735352,0.5997472405433655,-0.08241499215364456,0.7717471718788147,0.5553072094917297,-0.07273496687412262,0.8025068044662476,0.6372758746147156,-0.05355271324515343,0.7969507575035095,0.664716899394989,-0.08024396747350693,0.7991540431976318,0.6177659630775452,-0.07640421390533447,0.7989041805267334,0.5826032757759094,-0.0678991973400116
IMG_9813.JPG,Right,0.9983469843864441,0.7228712439537048,0.7248783111572266,8.371605986212671e-08,0.6837493181228638,0.7400600910186768,-0.010565441101789474,0.6603221297264099,0.7788490653038025,-0.01078702136874199,0.6566106081008911,0.8244766592979431,-0.011591634713113308,0.6725056767463684,0.8481162190437317,-0.01196526363492012,0.6576738953590393,0.8097438216209412,0.012746838852763176,0.6425420045852661,0.84615159034729,0.008581616915762424,0.6382168531417847,0.8721399903297424,0.0033109220676124096,0.6352013945579529,0.892582356929779,-0.000988614046946168,0.6764060258865356,0.8221489787101746,0.012019170448184013,0.6660457253456116,0.8633807301521301,0.0010151987662538886,0.6725978255271912,0.8467182517051697,-0.006496732588857412,0.6784456968307495,0.8270313143730164,-0.007370168808847666,0.6974257826805115,0.8253723978996277,0.008894658647477627,0.6949317455291748,0.8605950474739075,-0.006169693544507027,0.6987946033477783,0.8308009505271912,-0.0108548104763031,0.7017363905906677,0.8054272532463074,-0.008292967453598976,0.7206252217292786,0.821193277835846,0.004900503437966108,0.7166393399238586,0.8492392301559448,-0.006128142587840557,0.7176868915557861,0.8290790319442749,-0.0069968984462320805,0.7183776497840881,0.8066835403442383,-0.004428627900779247
509321772433895_.pic_thumb.jpg,Left,0.9282267093658447,0.4371300935745239,0.8028265833854675,-4.701140596807818e-07,0.6180692911148071,0.7480100989341736,-0.005450907163321972,0.7240121960639954,0.6636512279510498,-0.01514525804668665,0.7963314652442932,0.59026038646698,-0.024372979998588562,0.8743858933448792,0.5677682161331177,-0.03173883631825447,0.5777799487113953,0.5236620306968689,-0.0296931155025959,0.6461482048034668,0.5348178744316101,-0.037335824221372604,0.6528615355491638,0.5939793586730957,-0.052801474928855896,0.6282066106796265,0.6317552328109741,-0.0666920468211174,0.4666125774383545,0.5262309908866882,-0.035416848957538605,0.5437819957733154,0.5454897880554199,-0.02278006449341774,0.5531444549560547,0.5918266773223877,-0.027402130886912346,0.5247859954833984,0.6211028099060059,-0.045052796602249146,0.37997427582740784,0.5557897686958313,-0.03749215230345726,0.44598591327667236,0.5627018809318542,-0.02807513251900673,0.4606837332248688,0.5998203754425049,-0.020776603370904922,0.44138121604919434,0.6276478171348572,-0.028234537690877914,0.31478869915008545,0.5912874937057495,-0.03952290117740631,0.36799874901771545,0.5924456715583801,-0.032809820026159286,0.3862587809562683,0.6246153116226196,-0.014114873483777046,0.3774561285972595,0.6510225534439087,-0.004470266867429018
508991772433854_.pic_thumb.jpg,Left,0.9615911245346069,0.6611769199371338,0.43707334995269775,-4.961072477271955e-07,0.7713751792907715,0.41526108980178833,-0.0040631829760968685,0.8501726388931274,0.37112200260162354,-0.015912819653749466,0.908775269985199,0.33597272634506226,-0.029916051775217056,0.9681203365325928,0.32491493225097656,-0.04426734521985054,0.7859656810760498,0.24342107772827148,-0.021228913217782974,0.7858892679214478,0.26543986797332764,-0.03279699757695198,0.7807633280754089,0.30752795934677124,-0.05074030160903931,0.7730876803398132,0.33398568630218506,-0.06553850322961807,0.7053171396255493,0.23849992454051971,-0.031717367470264435,0.711068868637085,0.26793575286865234,-0.027755949646234512,0.7133650779724121,0.3035446107387543,-0.0376354344189167,0.710441529750824,0.3267979621887207,-0.05450567603111267,0.6332114338874817,0.2542746365070343,-0.03961614891886711,0.6447435617446899,0.27971622347831726,-0.04224683716893196,0.6536908745765686,0.30852147936820984,-0.04537157341837883,0.6535778045654297,0.32864874601364136,-0.0545458123087883,0.5724969506263733,0.27483341097831726,-0.047654345631599426,0.5860879421234131,0.30118441581726074,-0.04985678195953369,0.5970931649208069,0.3293243944644928,-0.04100194200873375,0.5991324782371521,0.3470080494880676,-0.036207541823387146
508911772433846_.pic_thumb.jpg,Left,0.9758837819099426,0.602170467376709,0.6471514701843262,-5.495533628163685e-07,0.6943802237510681,0.6040480136871338,0.0005803070380352437,0.7524998784065247,0.5493780970573425,-0.0060637518763542175,0.7880056500434875,0.5059237480163574,-0.014864061959087849,0.8294172883033752,0.4880160689353943,-0.025243224576115608,0.6511901617050171,0.4678702652454376,-0.024457082152366638,0.6591079235076904,0.4820127785205841,-0.03576257452368736,0.664834201335907,0.5125933289527893,-0.05117029324173927,0.6636506915092468,0.5340631604194641,-0.06318093836307526,0.5803094506263733,0.47665590047836304,-0.03389469534158707,0.588070809841156,0.4985145628452301,-0.030640603974461555,0.5973340272903442,0.5234435796737671,-0.03448791056871414,0.6001168489456177,0.5436367392539978,-0.04559514671564102,0.5231151580810547,0.4986320734024048,-0.040265001356601715,0.5317414999008179,0.5165899395942688,-0.03951399773359299,0.5442489385604858,0.5375081300735474,-0.03592011332511902,0.5492621064186096,0.5577070116996765,-0.04007395729422569,0.4747953414916992,0.5228082537651062,-0.04695090651512146,0.4817653298377991,0.5383466482162476,-0.0478723980486393,0.4964017868041992,0.5600059628486633,-0.037439946085214615,0.5040385723114014,0.5780515670776367,-0.030749227851629257
509091772433865_.pic_thumb.jpg,Left,0.9810258746147156,0.11798669397830963,0.7061668634414673,1.7494436121978651e-07,0.2693275213241577,0.6588565111160278,-0.04341968148946762,0.3544561266899109,0.5824313163757324,-0.06019315496087074,0.42433249950408936,0.5195279717445374,-0.07033730298280716,0.4947966933250427,0.48367512226104736,-0.0736163854598999,0.18189691007137299,0.49366068840026855,-0.021351423114538193,0.29134950041770935,0.489806205034256,-0.04310221970081329,0.3234598934650421,0.5324408411979675,-0.06645658612251282,0.3160935342311859,0.5586434602737427,-0.0811900943517685,0.11283719539642334,0.4955406188964844,-0.004985888954252005,0.22917938232421875,0.4981498420238495,-0.01684289611876011,0.26236268877983093,0.5353876352310181,-0.03222019970417023,0.2514534592628479,0.5614461898803711,-0.047765422612428665,0.07124271988868713,0.513960599899292,0.00651876674965024,0.17692720890045166,0.5104343295097351,-0.006339027546346188,0.20748427510261536,0.5379211902618408,-0.011481881141662598,0.19905833899974823,0.5634188652038574,-0.016311291605234146,0.04959547519683838,0.5335221886634827,0.014490745030343533,0.13259004056453705,0.523051381111145,0.005359082017093897,0.16058586537837982,0.5417640805244446,0.007086705416440964,0.1593315303325653,0.5628225803375244,0.009510177187621593
508591772433814_.pic.jpg,Left,0.9384607672691345,0.44208070635795593,0.8348177671432495,-3.940154442716448e-07,0.597036600112915,0.7383073568344116,-0.005191227421164513,0.6818730235099792,0.6448432207107544,-0.018220700323581696,0.757345974445343,0.5834078788757324,-0.03101067617535591,0.8398300409317017,0.562799870967865,-0.04248807206749916,0.49775442481040955,0.5216314792633057,-0.041281141340732574,0.5807297229766846,0.5294030904769897,-0.052068568766117096,0.6014528274536133,0.5819210410118103,-0.06823113560676575,0.5877181887626648,0.6174787282943726,-0.08159611374139786,0.3877849578857422,0.5402518510818481,-0.048584457486867905,0.4740296006202698,0.5404167771339417,-0.035588059574365616,0.4942651093006134,0.5796757936477661,-0.034901440143585205,0.4796130657196045,0.6114881634712219,-0.049995992332696915,0.30762940645217896,0.5819020867347717,-0.05252350866794586,0.38132667541503906,0.5760935544967651,-0.0433705635368824,0.4034750461578369,0.609828770160675,-0.03484640643000603,0.39380204677581787,0.6410084962844849,-0.04180431365966797,0.24808594584465027,0.6268936991691589,-0.05673817917704582,0.30408209562301636,0.6174908876419067,-0.04737460985779762,0.33228594064712524,0.6456254720687866,-0.027890734374523163,0.3351551592350006,0.6725301146507263,-0.019228843972086906
509291772433891_.pic_thumb.jpg,Left,0.8390783071517944,0.27102798223495483,0.9114917516708374,-9.289530567002657e-08,0.4467487335205078,0.8226076364517212,-0.018107064068317413,0.5471680164337158,0.7255505323410034,-0.03455108404159546,0.6186646819114685,0.6510601043701172,-0.05020928010344505,0.6910752654075623,0.609463095664978,-0.06176614761352539,0.3638678789138794,0.611885666847229,-0.024646472185850143,0.44325312972068787,0.6138564944267273,-0.046701181679964066,0.45824766159057617,0.665751576423645,-0.07492091506719589,0.43658649921417236,0.6958405375480652,-0.09553007781505585,0.2548486590385437,0.6274355053901672,-0.029627034440636635,0.35170260071754456,0.6329762935638428,-0.03238661214709282,0.37447497248649597,0.6746302247047424,-0.04691457003355026,0.3496790826320648,0.7042380571365356,-0.06781609356403351,0.17265890538692474,0.6671077609062195,-0.0348719097673893,0.2595326602458954,0.6632691025733948,-0.03851855546236038,0.2861692011356354,0.6987147927284241,-0.037305690348148346,0.27006787061691284,0.7279453873634338,-0.04492192342877388,0.1113172173500061,0.7122997641563416,-0.04172749072313309,0.1845429539680481,0.7132408618927002,-0.04347754269838333,0.21160124242305756,0.7447101473808289,-0.029763152822852135,0.2031322866678238,0.7714795470237732,-0.02174307219684124
509101772433866_.pic.jpg,Left,0.9355127811431885,0.18969640135765076,0.7070447206497192,6.79487470733875e-08,0.34058713912963867,0.6479570269584656,-0.05198777839541435,0.4226510226726532,0.5712491869926453,-0.06786502152681351,0.4913143217563629,0.510643482208252,-0.07397786527872086,0.557466447353363,0.47645360231399536,-0.07368751615285873,0.22988015413284302,0.4795096218585968,-0.028585368767380714,0.34851282835006714,0.4832562208175659,-0.038060080260038376,0.39214053750038147,0.5251326560974121,-0.055977124720811844,0.3947392404079437,0.5526397824287415,-0.06840085983276367,0.1580752581357956,0.49326756596565247,-0.005042330827564001,0.2850044071674347,0.5058692097663879,-0.003210144117474556,0.3287598192691803,0.5389593839645386,-0.02001507766544819,0.32996895909309387,0.5653117895126343,-0.04080741107463837,0.11838014423847198,0.5233628153800964,0.015116306021809578,0.22393277287483215,0.5254783034324646,0.012560191564261913,0.26742109656333923,0.5508360862731934,0.0005676979781128466,0.27297815680503845,0.578666090965271,-0.01263306476175785,0.0958092212677002,0.5512232184410095,0.031378600746393204,0.1680799126625061,0.5418478846549988,0.028742779046297073,0.20291048288345337,0.5563285946846008,0.02854958549141884,0.21213160455226898,0.5786300897598267,0.027171246707439423
IMG_9768.JPG,Right,0.9986149072647095,0.774617612361908,0.5160173773765564,1.1070643779476086e-07,0.7274814248085022,0.5063725709915161,-0.016778359189629555,0.6804672479629517,0.5241942405700684,-0.03168529272079468,0.6571263670921326,0.5469401478767395,-0.04746337607502937,0.679163932800293,0.5723666548728943,-0.06340792030096054,0.6726018786430359,0.6462356448173523,-0.032255105674266815,0.657868504524231,0.7187840342521667,-0.05851875990629196,0.6468412280082703,0.7687284350395203,-0.07810620963573456,0.6401569247245789,0.8117044568061829,-0.09269367903470993,0.7075119614601135,0.6663504242897034,-0.040159277617931366,0.6898040771484375,0.6577653288841248,-0.07839922606945038,0.6993061304092407,0.5893698334693909,-0.08996665477752686,0.7127269506454468,0.548133373260498,-0.0907769501209259,0.7445565462112427,0.6656736731529236,-0.04921242222189903,0.7279893159866333,0.6441036462783813,-0.08402829617261887,0.7284815907478333,0.5808742642402649,-0.08217477053403854,0.7340525388717651,0.5455305576324463,-0.07329428941011429,0.7801707983016968,0.6534485816955566,-0.05999312922358513,0.762948751449585,0.6307352185249329,-0.08407656848430634,0.7590357661247253,0.5828706622123718,-0.08173999935388565,0.7587069869041443,0.5538999438285828,-0.07480745017528534
IMG_9754.JPG,Right,0.991338849067688,0.9638301134109497,0.5654657483100891,-5.819439365950529e-07,0.8771709203720093,0.6403450965881348,-0.00539901340380311,0.7929658889770508,0.6786179542541504,-0.019761191681027412,0.7164124846458435,0.705758810043335,-0.032831404358148575,0.6742962598800659,0.7584677934646606,-0.04277343302965164,0.7468950152397156,0.5639829635620117,-0.03644130006432533,0.6619961261749268,0.5480926632881165,-0.03649255260825157,0.6926859021186829,0.5641667246818542,-0.02429421804845333,0.7284876704216003,0.5762584805488586,-0.01513648685067892,0.7603154182434082,0.4825441241264343,-0.03447828069329262,0.6765707731246948,0.4776264429092407,-0.029754215851426125,0.7041766047477722,0.5067551136016846,-0.016804534941911697,0.7367173433303833,0.5203726291656494,-0.011752658523619175,0.7843811511993408,0.4186055660247803,-0.028862355276942253,0.7088980674743652,0.42372071743011475,-0.020674269646406174,0.7335331439971924,0.4505435526371002,-0.0069922152906656265,0.7668638825416565,0.46969175338745117,-0.0034148378763347864,0.8121159076690674,0.37233150005340576,-0.023122597485780716,0.7601304054260254,0.38837507367134094,-0.014333704486489296,0.7778975963592529,0.41691577434539795,-0.0018119694432243705,0.8025325536727905,0.4324347674846649,0.005104005802422762
IMG_9797.JPG,Right,0.9915504455566406,0.9113487601280212,0.6175985336303711,-6.563230954270693e-07,0.8436103463172913,0.6924558281898499,0.016743622720241547,0.7817618250846863,0.7083661556243896,0.021715538576245308,0.7258978486061096,0.6822911500930786,0.02739698626101017,0.7039229869842529,0.6407873630523682,0.035866543650627136,0.7375542521476746,0.6852320432662964,-0.019409792497754097,0.6564431190490723,0.6670215129852295,-0.008378063328564167,0.6768369674682617,0.6636072397232056,0.01674041710793972,0.7046232223510742,0.6624224781990051,0.035702772438526154,0.7369390726089478,0.6128804087638855,-0.022488554939627647,0.6646670699119568,0.6071487665176392,-0.006778236478567123,0.6887893080711365,0.6165081262588501,0.01572977937757969,0.7133741974830627,0.6215434670448303,0.028722258284687996,0.7467051148414612,0.5474585890769958,-0.020320478826761246,0.6799887418746948,0.5568767786026001,-0.003654159139841795,0.7026540637016296,0.5706210732460022,0.015357359312474728,0.7269659638404846,0.5775400400161743,0.023585358634591103,0.7639703750610352,0.49850842356681824,-0.015842944383621216,0.7104118466377258,0.5103912949562073,-7.781546628393698e-06,0.7239140272140503,0.5255666971206665,0.01630651205778122,0.7437518239021301,0.5340263843536377,0.026862822473049164
IMG_9783.JPG,Right,0.9998654723167419,0.8147246837615967,0.68733149766922,2.4448240765195806e-07,0.7621942758560181,0.6902652978897095,-0.018549352884292603,0.7182826399803162,0.6966767907142639,-0.04461075738072395,0.6853394508361816,0.6852284669876099,-0.07075931876897812,0.6684855818748474,0.6630994081497192,-0.09766802936792374,0.7222508192062378,0.7897628545761108,-0.06368686258792877,0.701614499092102,0.8267553448677063,-0.1058027520775795,0.6816339492797852,0.8582583665847778,-0.1321985274553299,0.6687411069869995,0.8889026045799255,-0.14881153404712677,0.7584726214408875,0.8049576878547668,-0.07347473502159119,0.7183893322944641,0.7204561233520508,-0.11846652626991272,0.7174449563026428,0.6575382947921753,-0.12249179929494858,0.726878821849823,0.6311635971069336,-0.11868256330490112,0.7974385023117065,0.7840774655342102,-0.08440110087394714,0.7580952644348145,0.6842426657676697,-0.12529289722442627,0.7548172473907471,0.6439319252967834,-0.11589132249355316,0.7639583349227905,0.6384537220001221,-0.10170541703701019,0.8300332427024841,0.7476134896278381,-0.0969611331820488,0.7934049963951111,0.6727752685546875,-0.12057432532310486,0.7825033664703369,0.6441612243652344,-0.11020882427692413,0.7855152487754822,0.641514778137207,-0.09796950966119766
IMG_9787.JPG,Right,0.9845195412635803,0.7230047583580017,0.5668624639511108,-6.030159624970111e-07,0.6618178486824036,0.6397556662559509,0.005159545689821243,0.6001003980636597,0.6728692054748535,-0.0009414671803824604,0.556061863899231,0.7019758820533752,-0.009726702235639095,0.5393587350845337,0.7570898532867432,-0.01939789578318596,0.5401583313941956,0.562033474445343,-0.005656056106090546,0.5499878525733948,0.554826021194458,0.0007998861256055534,0.5790284872055054,0.5662587881088257,0.0026076037902384996,0.5975368618965149,0.580026388168335,0.0011487226001918316,0.5522646903991699,0.503600537776947,-0.013132328167557716,0.5703640580177307,0.508024275302887,0.005262239836156368,0.5953798294067383,0.5258954763412476,0.008541272953152657,0.6104680299758911,0.5362458229064941,0.0022307701874524355,0.5790719389915466,0.4589076638221741,-0.01782328449189663,0.5918667316436768,0.4747101068496704,-0.0005143375019542873,0.6140989065170288,0.4906376004219055,0.0022701250854879618,0.6287210583686829,0.5033854842185974,-0.004342705477029085,0.6085478067398071,0.4250452220439911,-0.0229498241096735,0.6184746026992798,0.4367925822734833,-0.005481995642185211,0.636260986328125,0.4561806917190552,0.005405509378761053,0.647555410861969,0.4710109233856201,0.008688953705132008
IMG_9793.JPG,Right,0.9809131622314453,0.8284388780593872,0.5473158359527588,-6.33140246009134e-07,0.8265745639801025,0.6269158124923706,-0.028073331341147423,0.8061919808387756,0.7020745873451233,-0.06332923471927643,0.7886251211166382,0.7714440822601318,-0.09151783585548401,0.7798089981079102,0.8440803289413452,-0.11548019200563431,0.8734108209609985,0.6116450428962708,-0.13942670822143555,0.749735414981842,0.6239006519317627,-0.18063153326511383,0.7731719017028809,0.6333070397377014,-0.18016895651817322,0.8091828227043152,0.6240280270576477,-0.17187966406345367,0.8769450187683105,0.5223435163497925,-0.1396995186805725,0.7308241724967957,0.5614456534385681,-0.18314413726329803,0.7616994976997375,0.5806310176849365,-0.1636843979358673,0.8006877303123474,0.5685160160064697,-0.1466435343027115,0.8582439422607422,0.4534953832626343,-0.13590790331363678,0.7259445786476135,0.4949102997779846,-0.16622023284435272,0.7603384256362915,0.5185813903808594,-0.1274004727602005,0.7981154322624207,0.5088098645210266,-0.09805856645107269,0.8331089019775391,0.4034820795059204,-0.13310915231704712,0.7376413345336914,0.43702617287635803,-0.13823255896568298,0.7589437365531921,0.4597320258617401,-0.10676737874746323,0.7939636707305908,0.45369869470596313,-0.08692324161529541
IMG_9778.JPG,Right,0.9990812540054321,0.8015755414962769,0.5542446374893188,1.21128479690924e-07,0.7488341927528381,0.5345104336738586,-0.02000446990132332,0.6976983547210693,0.5479866862297058,-0.03992181643843651,0.6698192358016968,0.5694361329078674,-0.06086952984333038,0.6913612484931946,0.5950050950050354,-0.08169308304786682,0.6803433299064636,0.6840052604675293,-0.04342210665345192,0.65826815366745,0.7615469098091125,-0.07548084110021591,0.6439787149429321,0.8140020370483398,-0.0978720635175705,0.6341713070869446,0.8613451719284058,-0.11444886028766632,0.7189099192619324,0.7101015448570251,-0.0532582588493824,0.7003806829452515,0.6946207284927368,-0.09912842512130737,0.7125253677368164,0.6185717582702637,-0.11182329058647156,0.7271801829338074,0.5737882256507874,-0.11235574632883072,0.7602733373641968,0.7103652358055115,-0.06425447762012482,0.7434921860694885,0.6779754757881165,-0.10511341691017151,0.7468740344047546,0.6058627963066101,-0.10141973197460175,0.7529610395431519,0.5661399364471436,-0.09005454927682877,0.7984980344772339,0.6962589621543884,-0.07744113355875015,0.7827103734016418,0.6641525626182556,-0.10490290075540543,0.7793155312538147,0.6110948920249939,-0.10169776529073715,0.7777056694030762,0.5792099237442017,-0.09337344020605087
IMG_9750.JPG,Right,0.9536092281341553,1.0102806091308594,0.551074743270874,-6.922867896719254e-07,0.930104672908783,0.6563249230384827,-0.03856175020337105,0.8462309837341309,0.7275621891021729,-0.06989280879497528,0.7888196706771851,0.7942758798599243,-0.09294357895851135,0.7691680788993835,0.8723328709602356,-0.11257694661617279,0.8000765442848206,0.5128172636032104,-0.07529085129499435,0.7255180478096008,0.6063174605369568,-0.07530087977647781,0.7662019729614258,0.6386984586715698,-0.0666465014219284,0.8023653030395508,0.6336474418640137,-0.06298550218343735,0.8088283538818359,0.43590930104255676,-0.059445708990097046,0.730715811252594,0.5464726686477661,-0.060889776796102524,0.7615674734115601,0.5887911319732666,-0.05448918044567108,0.7953274846076965,0.5878065824508667,-0.05577469617128372,0.8263137936592102,0.39211851358413696,-0.03992548957467079,0.7546969056129456,0.4928034543991089,-0.03791431710124016,0.7799368500709534,0.5338995456695557,-0.03085506521165371,0.8128858804702759,0.5407626628875732,-0.031982723623514175,0.8440443873405457,0.3703615069389343,-0.023100389167666435,0.788884162902832,0.43562546372413635,-0.02297215349972248,0.8078435063362122,0.4761875867843628,-0.015421120449900627,0.8328760266304016,0.48748812079429626,-0.010775253176689148
508631772433818_.pic_thumb.jpg,Left,0.9487224817276001,0.5139323472976685,0.8575736880302429,-8.947923220148368e-07,0.6723325848579407,0.7767258286476135,0.018763380125164986,0.7540851831436157,0.6829102039337158,0.017663849517703056,0.8098917007446289,0.6138069033622742,0.00921653676778078,0.8841273188591003,0.5902772545814514,-0.0017207534983754158,0.6074808835983276,0.5353421568870544,-0.021244611591100693,0.6219749450683594,0.5534247159957886,-0.03223031759262085,0.6318556666374207,0.6140120029449463,-0.05018231272697449,0.628974974155426,0.6587889790534973,-0.0650724470615387,0.48407799005508423,0.5439165830612183,-0.042030032724142075,0.5009229183197021,0.5766066908836365,-0.029380513355135918,0.5120552182197571,0.6250240802764893,-0.03038799576461315,0.5084857940673828,0.6622739434242249,-0.04565439745783806,0.383087158203125,0.5804137587547302,-0.057266779243946075,0.39680132269859314,0.6109660267829895,-0.05252072587609291,0.4186309278011322,0.6495285034179688,-0.04966776445508003,0.4253024458885193,0.682716965675354,-0.059403348714113235,0.2990589141845703,0.6242729425430298,-0.07095333933830261,0.3158620297908783,0.65116286277771,-0.07216618210077286,0.34377434849739075,0.6878379583358765,-0.05906972661614418,0.3566166162490845,0.7176035642623901,-0.051630713045597076
509031772433858_.pic.jpg,Left,0.9765479564666748,0.5689091682434082,0.8529301881790161,-5.334835577741615e-07,0.7178689241409302,0.7820796966552734,-0.009640097618103027,0.7901188731193542,0.6926064491271973,-0.015182152390480042,0.8354777693748474,0.6166704893112183,-0.015848027542233467,0.8968424797058105,0.5905142426490784,-0.013761947862803936,0.6336768865585327,0.5836931467056274,-0.04678148031234741,0.6947469115257263,0.5887119770050049,-0.04230540618300438,0.7103139162063599,0.6422523856163025,-0.040158048272132874,0.698936939239502,0.6781326532363892,-0.0414343886077404,0.5323877334594727,0.5928230881690979,-0.04183133319020271,0.610942542552948,0.6046031713485718,-0.02059341035783291,0.6302850246429443,0.6494303345680237,-0.012830742634832859,0.6193934679031372,0.6806290745735168,-0.020886041224002838,0.46024927496910095,0.6221960186958313,-0.03155073896050453,0.5339380502700806,0.6281905174255371,-0.015259318053722382,0.5548222064971924,0.6640341281890869,-0.007031944580376148,0.5429112315177917,0.6949210166931152,-0.013479793444275856,0.4054388999938965,0.6550303101539612,-0.0211825929582119,0.47057437896728516,0.6532039642333984,-0.01188717596232891,0.49538910388946533,0.6835901141166687,0.0015718472423031926,0.49443644285202026,0.7116668820381165,0.007742119487375021
IMG_9817.JPG,Right,0.9980801939964294,0.7459718585014343,0.6445478796958923,5.8530837065973174e-08,0.7094640135765076,0.6550820469856262,-0.0138282785192132,0.6843551993370056,0.6962981224060059,-0.02091839723289013,0.6939204931259155,0.7391233444213867,-0.02828838676214218,0.7146843075752258,0.7657583355903625,-0.035875849425792694,0.6859755516052246,0.7726402282714844,-0.00827791914343834,0.678905725479126,0.8345077037811279,-0.023779667913913727,0.6799085140228271,0.8768952488899231,-0.03526576608419418,0.6818521618843079,0.9102518558502197,-0.043661050498485565,0.7145305275917053,0.7770830988883972,-0.012334853410720825,0.7129310965538025,0.8306048512458801,-0.03671294078230858,0.7190428972244263,0.7916456460952759,-0.04767831042408943,0.7198536396026611,0.7565027475357056,-0.04940558969974518,0.7424260377883911,0.7698330879211426,-0.018190450966358185,0.745895266532898,0.8084505200386047,-0.04487117752432823,0.7445988059043884,0.7619137763977051,-0.04694480076432228,0.7400930523872375,0.7265722751617432,-0.04094072803854942,0.7695817947387695,0.7540324926376343,-0.02482529543340206,0.7696261405944824,0.7862151861190796,-0.043620478361845016,0.7647935152053833,0.7526420950889587,-0.04202958941459656,0.7585306167602539,0.723852276802063,-0.03639049828052521
IMG_9803.JPG,Right,0.9977208375930786,0.831368625164032,0.5668312311172485,7.840348104082295e-08,0.7828916311264038,0.5583183169364929,-0.02451499179005623,0.7305703163146973,0.5734411478042603,-0.04504778981208801,0.7151201367378235,0.5997967720031738,-0.06573276966810226,0.7444160580635071,0.6220407485961914,-0.08665280044078827,0.7129539251327515,0.7085367441177368,-0.04273093864321709,0.6980551481246948,0.7992622256278992,-0.07713238149881363,0.6900603175163269,0.859052836894989,-0.1019284650683403,0.6872168779373169,0.911141037940979,-0.1192856952548027,0.7567474842071533,0.7365394234657288,-0.050433527678251266,0.7435477375984192,0.7361792922019958,-0.0996738001704216,0.7575730681419373,0.6595512628555298,-0.11610836535692215,0.7703989148139954,0.6125417351722717,-0.11829206347465515,0.8008203506469727,0.7441728711128235,-0.060075029730796814,0.7967268824577332,0.7260391116142273,-0.10412263870239258,0.8020792603492737,0.6456804871559143,-0.10221857577562332,0.8048502802848816,0.5943731069564819,-0.09070079773664474,0.8428786396980286,0.7388045191764832,-0.07207926362752914,0.8370674848556519,0.7309200763702393,-0.09895367920398712,0.8361905813217163,0.6752611398696899,-0.0938703790307045,0.832233190536499,0.6389324069023132,-0.0841205045580864
508831772433838_.pic_thumb.jpg,Left,0.9383113384246826,0.37794268131256104,0.8214033246040344,-4.72170796683713e-07,0.5371569991111755,0.7386202216148376,-0.008648635819554329,0.6256815195083618,0.636590838432312,-0.02091594785451889,0.6790807247161865,0.5568514466285706,-0.032504599541425705,0.7525167465209961,0.5268262028694153,-0.0432656891644001,0.44167518615722656,0.5177156329154968,-0.03474246338009834,0.49935075640678406,0.5313438773155212,-0.05335809662938118,0.5083878636360168,0.5863344669342041,-0.07849560678005219,0.4887278974056244,0.6225060224533081,-0.0979558452963829,0.326587438583374,0.5312367677688599,-0.0414213202893734,0.39895081520080566,0.5513185858726501,-0.03737606108188629,0.4166830778121948,0.5985520482063293,-0.044895704835653305,0.4007541835308075,0.6303475499153137,-0.06299763172864914,0.24058353900909424,0.5682551860809326,-0.045505814254283905,0.3042548894882202,0.5782648921012878,-0.04514245688915253,0.32305607199668884,0.6169742345809937,-0.039516858756542206,0.3111872673034668,0.6468945741653442,-0.045793648809194565,0.1751834750175476,0.6092123985290527,-0.05006663128733635,0.22798565030097961,0.6130661964416504,-0.05079057812690735,0.25119340419769287,0.6466085314750671,-0.03482730686664581,0.24833516776561737,0.6718186140060425,-0.02543783001601696
IMG_9802.JPG,Right,0.997888445854187,0.8225458860397339,0.5623460412025452,5.4528804582787416e-08,0.7781090140342712,0.5501368045806885,-0.026306355372071266,0.7289432287216187,0.5606478452682495,-0.048893753439188004,0.7134748101234436,0.5834031105041504,-0.0715031549334526,0.740753173828125,0.6052235960960388,-0.09461747109889984,0.7078328132629395,0.6967631578445435,-0.045580390840768814,0.6938837766647339,0.7866775393486023,-0.08108111470937729,0.6855102181434631,0.845207691192627,-0.10739585757255554,0.68245530128479,0.8944658637046814,-0.12574748694896698,0.7508949637413025,0.7226875424385071,-0.05314946174621582,0.7414324283599854,0.7173949480056763,-0.10295592993497849,0.7571001052856445,0.641172468662262,-0.12015842646360397,0.7703959345817566,0.5944022536277771,-0.12334588170051575,0.7948209047317505,0.728547990322113,-0.06270907074213028,0.7925567626953125,0.715863823890686,-0.106578029692173,0.7985029220581055,0.6363399624824524,-0.10433061420917511,0.8018772602081299,0.5834945440292358,-0.09338898211717606,0.8371267914772034,0.7221184968948364,-0.07480236887931824,0.8329914212226868,0.7209362387657166,-0.10237587988376617,0.8325493335723877,0.6663141846656799,-0.09699208289384842,0.8286230564117432,0.6285179257392883,-0.08722303807735443
IMG_9816.JPG,Right,0.9978389739990234,0.728975772857666,0.7742372155189514,1.2178560382380965e-07,0.6931532621383667,0.7883158326148987,-0.015739385038614273,0.6693869829177856,0.8312013149261475,-0.022867167368531227,0.6729300022125244,0.8758025169372559,-0.02984629012644291,0.6907781958580017,0.9065452218055725,-0.036670904606580734,0.6672458648681641,0.9003674983978271,-0.0045372359454631805,0.6579985618591309,0.9583848714828491,-0.017586631700396538,0.6553199887275696,0.9956713914871216,-0.026805663481354713,0.6542079448699951,1.0226622819900513,-0.03336641937494278,0.6935444474220276,0.9077497124671936,-0.0070310477167367935,0.689995527267456,0.9610530734062195,-0.029857510700821877,0.6962356567382812,0.9256749153137207,-0.03899040073156357,0.6981401443481445,0.8934632539749146,-0.038663022220134735,0.7206043601036072,0.9028060436248779,-0.011903757229447365,0.7228442430496216,0.9434652924537659,-0.0382513552904129,0.7225868105888367,0.8991358876228333,-0.04025387763977051,0.7200080752372742,0.8672194480895996,-0.033528152853250504,0.7483404874801636,0.8890390992164612,-0.017679337412118912,0.7467144131660461,0.9211726784706116,-0.03750044107437134,0.7435373067855835,0.8896313905715942,-0.036937348544597626,0.7402377724647522,0.8628233075141907,-0.03136426582932472
508901772433845_.pic.jpg,Left,0.9378060698509216,0.5837172865867615,0.664315938949585,-5.992957312628278e-07,0.6681245565414429,0.6151015758514404,0.005572613328695297,0.7215921878814697,0.5600322484970093,2.0200368453515694e-05,0.7585799694061279,0.5128194689750671,-0.00742804491892457,0.8002398014068604,0.49162065982818604,-0.016485266387462616,0.6146880388259888,0.47556835412979126,-0.02764315903186798,0.6268891096115112,0.5042422413825989,-0.03125669062137604,0.6336750984191895,0.5361573696136475,-0.03941250219941139,0.6322834491729736,0.55660080909729,-0.047038137912750244,0.5400183200836182,0.48875096440315247,-0.037163808941841125,0.5585992932319641,0.5167117118835449,-0.02610107697546482,0.5689156651496887,0.5435829758644104,-0.02659500390291214,0.5694917440414429,0.5637370944023132,-0.03792473301291466,0.4845752418041229,0.515117883682251,-0.04182201996445656,0.5045192837715149,0.5391560792922974,-0.034571949392557144,0.5200989842414856,0.5607866048812866,-0.032954733818769455,0.5232776999473572,0.5811062455177307,-0.040642425417900085,0.43925178050994873,0.5433563590049744,-0.04602408781647682,0.46106356382369995,0.5638752579689026,-0.04138382151722908,0.4810830354690552,0.5846939086914062,-0.03202393651008606,0.48889052867889404,0.601470947265625,-0.028001198545098305
508731772433828_.pic.jpg,Left,0.9482223987579346,0.37601518630981445,0.871135413646698,-4.894440053249127e-07,0.5716542601585388,0.7683332562446594,0.015663687139749527,0.6851763725280762,0.6601310968399048,0.017642825841903687,0.7704763412475586,0.5795746445655823,0.01950657367706299,0.8447007536888123,0.5532199740409851,0.023332877084612846,0.500114381313324,0.5002011060714722,-0.020593145862221718,0.5634505152702332,0.5040656924247742,-0.013154834508895874,0.5786848664283752,0.5692557692527771,-0.02108500897884369,0.5629909038543701,0.6105459332466125,-0.03041822835803032,0.3540952503681183,0.5202713012695312,-0.03169450908899307,0.4463992416858673,0.5276505947113037,0.0075940927490592,0.46568018198013306,0.5785390138626099,0.015251158736646175,0.4433833956718445,0.6147459149360657,-0.0014411760494112968,0.24313658475875854,0.5669389963150024,-0.03562619537115097,0.3261592388153076,0.5624274611473083,-0.0017625964246690273,0.3505736291408539,0.6047084927558899,0.014170861802995205,0.3357499837875366,0.6446918249130249,0.0050829327665269375,0.1585637331008911,0.6168212890625,-0.03812393918633461,0.22656330466270447,0.6073192358016968,-0.01007096841931343,0.25959986448287964,0.6429160237312317,0.020810505375266075,0.2575720250606537,0.679114818572998,0.03483511134982109
509141772433872_.pic.jpg,Left,0.8586446046829224,0.37652984261512756,0.7113182544708252,-5.510815626053045e-08,0.5210103392601013,0.6783047914505005,-0.0362868532538414,0.6074329614639282,0.6221977472305298,-0.06430397182703018,0.6738165616989136,0.5769416093826294,-0.08623108267784119,0.7429434061050415,0.55141282081604,-0.10580679774284363,0.47855597734451294,0.5080546736717224,-0.07414206862449646,0.5489078760147095,0.5342397689819336,-0.10038929432630539,0.564039945602417,0.5788907408714294,-0.1222028061747551,0.5505592823028564,0.6011460423469543,-0.13846918940544128,0.39296674728393555,0.5161678791046143,-0.06979402154684067,0.46929681301116943,0.5431713461875916,-0.08062389492988586,0.4855479896068573,0.5773797631263733,-0.08893832564353943,0.4678386449813843,0.5958913564682007,-0.10603661835193634,0.3271286189556122,0.5438567399978638,-0.06513644754886627,0.3905264437198639,0.5580766797065735,-0.08066420257091522,0.40736621618270874,0.586327850818634,-0.07844389975070953,0.39450615644454956,0.6047161817550659,-0.08419422060251236,0.2783515751361847,0.5742911100387573,-0.06245187669992447,0.32909998297691345,0.587352991104126,-0.07422592490911484,0.34863120317459106,0.6111903786659241,-0.06615717709064484,0.34348899126052856,0.6285643577575684,-0.06315446645021439
509131772433870_.pic_thumb.jpg,Left,0.8848829865455627,0.28377002477645874,0.7120326161384583,-2.6151766974180646e-07,0.42320382595062256,0.6686279773712158,-0.0267928596585989,0.5056770443916321,0.6088409423828125,-0.04789818078279495,0.5640579462051392,0.5597895383834839,-0.06736110895872116,0.6226670742034912,0.5304162502288818,-0.0855388343334198,0.3686947524547577,0.5002021789550781,-0.04564174637198448,0.439837247133255,0.521196186542511,-0.07682505995035172,0.45442771911621094,0.5628317594528198,-0.1095186099410057,0.4375692307949066,0.585866391658783,-0.13303516805171967,0.2836676239967346,0.5091423392295837,-0.04811396449804306,0.3664708435535431,0.5285714268684387,-0.06461003422737122,0.37995198369026184,0.5620278716087341,-0.08061358332633972,0.3575804531574249,0.5834639668464661,-0.1001092940568924,0.2196858674287796,0.5365452766418457,-0.0517970509827137,0.2920113503932953,0.5444093346595764,-0.0704578384757042,0.307861328125,0.5720654726028442,-0.07219304144382477,0.2921545207500458,0.5910363793373108,-0.07859063893556595,0.17068138718605042,0.5669518709182739,-0.05742907151579857,0.22602161765098572,0.5768848657608032,-0.07271420210599899,0.24538515508174896,0.6017962694168091,-0.06687968224287033,0.24000872671604156,0.6197313070297241,-0.06357396394014359
IMG_9751.JPG,Right,0.9756834506988525,0.995201826095581,0.518610417842865,-6.685575044684811e-07,0.9198035001754761,0.619426965713501,-0.04402680695056915,0.8405861258506775,0.6935527920722961,-0.0772310197353363,0.7867534756660461,0.7627996206283569,-0.09991445392370224,0.7653928995132446,0.8393762111663818,-0.118807353079319,0.7904132008552551,0.4823650121688843,-0.0871518924832344,0.7152870297431946,0.5808899402618408,-0.08334202319383621,0.7519556283950806,0.6166346073150635,-0.06928879767656326,0.7847026586532593,0.6138530969619751,-0.062337204813957214,0.7992246150970459,0.40543413162231445,-0.06600189208984375,0.7217333316802979,0.5186598300933838,-0.06467761099338531,0.7525472640991211,0.5634186863899231,-0.05541812628507614,0.786114513874054,0.5671532154083252,-0.05529862642288208,0.8164079785346985,0.3627605140209198,-0.04041639342904091,0.7468335032463074,0.463137686252594,-0.03429614380002022,0.7710503339767456,0.5064406991004944,-0.025778042152523994,0.8027409911155701,0.5216246843338013,-0.027316540479660034,0.8348684310913086,0.34329015016555786,-0.017721615731716156,0.7850232720375061,0.40740352869033813,-0.015557116828858852,0.7992944121360779,0.4474402666091919,-0.00920241978019476,0.8182122707366943,0.46478670835494995,-0.006264991592615843
508821772433837_.pic.jpg,Left,0.9535363912582397,0.3936444818973541,0.9088889360427856,-5.531033480110636e-07,0.566620409488678,0.7902017831802368,0.02135581709444523,0.6542326807975769,0.6792118549346924,0.024755118414759636,0.7182084321975708,0.5869063138961792,0.025658665224909782,0.7887709140777588,0.5486107468605042,0.02914164960384369,0.4750902056694031,0.5406419634819031,-0.005836496129631996,0.5439370274543762,0.5307247042655945,0.007211926393210888,0.5619058012962341,0.5981422662734985,0.0058808233588933945,0.5493587255477905,0.6450702548027039,0.0016002284828573465,0.34377390146255493,0.5618136525154114,-0.016632402315735817,0.4321713149547577,0.5557131767272949,0.024241529405117035,0.4561489224433899,0.6068870425224304,0.03384959325194359,0.44433850049972534,0.6472344398498535,0.020308081060647964,0.24559766054153442,0.6091265082359314,-0.020548254251480103,0.32673776149749756,0.6008923053741455,0.014161648228764534,0.35361015796661377,0.6428885459899902,0.027476970106363297,0.3407538831233978,0.6844805479049683,0.017899611964821815,0.1713215708732605,0.6587311625480652,-0.022512562572956085,0.23900651931762695,0.6447585821151733,0.0052579729817807674,0.270733505487442,0.6779752373695374,0.03168114274740219,0.2714804410934448,0.7138780355453491,0.043619345873594284
IMG_9779.JPG,Right,0.9986690282821655,0.7751874923706055,0.5499675273895264,2.2356974227477622e-07,0.7173787951469421,0.5257810354232788,-0.023672912269830704,0.6664333343505859,0.5373453497886658,-0.047140933573246,0.6390225291252136,0.5520964860916138,-0.07097989320755005,0.6596642136573792,0.5715009570121765,-0.09365507960319519,0.6496649980545044,0.667068362236023,-0.05022529885172844,0.6253849267959595,0.7364968061447144,-0.08792214840650558,0.6072161793708801,0.7855811715126038,-0.1138610914349556,0.5948187112808228,0.829695999622345,-0.13204559683799744,0.6881949305534363,0.6953598260879517,-0.05921225994825363,0.6666463613510132,0.6661018133163452,-0.10951320081949234,0.6776750087738037,0.5921097993850708,-0.12127063423395157,0.6941788792610168,0.5494778752326965,-0.12013765424489975,0.7287812232971191,0.6949169039726257,-0.0701688826084137,0.7079576253890991,0.6446983814239502,-0.11362144351005554,0.7111073136329651,0.5780736804008484,-0.10755081474781036,0.720108151435852,0.5470966100692749,-0.09370312839746475,0.7640231847763062,0.6785675287246704,-0.08401569724082947,0.742235541343689,0.6268582344055176,-0.11163684725761414,0.7409167885780334,0.5799489617347717,-0.10672255605459213,0.7438410520553589,0.5589085221290588,-0.09683763235807419
IMG_9792.JPG,Right,0.9828761219978333,0.8227589130401611,0.5299170613288879,-6.298864718701225e-07,0.8182530403137207,0.609653890132904,-0.026861969381570816,0.8009849786758423,0.683694064617157,-0.06502043455839157,0.782562255859375,0.7549607157707214,-0.09647408872842789,0.7755523920059204,0.8313036561012268,-0.12487534433603287,0.8675105571746826,0.6036686897277832,-0.13883961737155914,0.7451725602149963,0.6124316453933716,-0.17925792932510376,0.7672839164733887,0.6188733577728271,-0.17881333827972412,0.8026911020278931,0.608073353767395,-0.17082872986793518,0.8724386692047119,0.5148228406906128,-0.13925254344940186,0.7275188565254211,0.5494536757469177,-0.17803898453712463,0.7558772563934326,0.5658945441246033,-0.1575843244791031,0.7947906255722046,0.553733766078949,-0.14121343195438385,0.8552301526069641,0.44364285469055176,-0.13545887172222137,0.7227396965026855,0.4855467677116394,-0.16204266250133514,0.7547625303268433,0.5036071538925171,-0.12400946766138077,0.7916611433029175,0.4920641779899597,-0.09704731404781342,0.8291433453559875,0.3901113271713257,-0.132547527551651,0.7369796633720398,0.4310915768146515,-0.13962651789188385,0.7575703859329224,0.4459804892539978,-0.11105591803789139,0.788185715675354,0.43581804633140564,-0.09335679560899734
IMG_9786.JPG,Right,0.9771668314933777,0.717337965965271,0.570347249507904,-5.427199880614353e-07,0.6577614545822144,0.6308724880218506,0.0001565075945109129,0.5981066823005676,0.6602197885513306,-0.009299692697823048,0.5556063055992126,0.6875879764556885,-0.020707402378320694,0.5362870097160339,0.7376954555511475,-0.032521024346351624,0.5453879833221436,0.5474236011505127,-0.012071584351360798,0.5565446615219116,0.5388177633285522,-0.009621732868254185,0.5830847024917603,0.5514812469482422,-0.010217169299721718,0.599319577217102,0.567107081413269,-0.01321569923311472,0.5605090856552124,0.49304214119911194,-0.01867016963660717,0.5791394710540771,0.49906158447265625,-0.005073946435004473,0.6008266806602478,0.5176665782928467,-0.0038335330318659544,0.6149024367332458,0.5302453637123108,-0.010926120914518833,0.5891174077987671,0.4528331458568573,-0.023030534386634827,0.6034752130508423,0.46709129214286804,-0.01020015124231577,0.6227694153785706,0.4849696457386017,-0.007989739067852497,0.6358903646469116,0.49934545159339905,-0.014155441895127296,0.6212255358695984,0.42207056283950806,-0.028307145461440086,0.6320687532424927,0.43156296014785767,-0.015091204084455967,0.6467022895812988,0.45316728949546814,-0.005657327827066183,0.6561886072158813,0.46897411346435547,-0.0028117490001022816
509111772433868_.pic.jpg,Left,0.9291030168533325,0.5180473327636719,0.705762505531311,5.453028961710515e-07,0.6548914909362793,0.6588265299797058,-0.0745563805103302,0.7427163124084473,0.5901616811752319,-0.09854068607091904,0.8260328769683838,0.530928373336792,-0.10627658665180206,0.8990355730056763,0.49045005440711975,-0.10576435178518295,0.5764477849006653,0.4801521599292755,-0.028476107865571976,0.6991813778877258,0.5010314583778381,-0.03405375778675079,0.7454365491867065,0.5527483820915222,-0.04812155291438103,0.7547246813774109,0.5851356983184814,-0.05626141279935837,0.5228016376495361,0.4874575436115265,0.012001510709524155,0.6584615707397461,0.524476170539856,0.012621227651834488,0.7072779536247253,0.5739511847496033,-0.008016958832740784,0.7179133892059326,0.6107799410820007,-0.027671197429299355,0.4923447370529175,0.5110746622085571,0.04696207121014595,0.6095190644264221,0.5476842522621155,0.042860206216573715,0.6620204448699951,0.5870917439460754,0.021890506148338318,0.6755288243293762,0.6221383213996887,0.0053482758812606335,0.47755467891693115,0.5329073667526245,0.07688689231872559,0.5674077272415161,0.5595888495445251,0.07025682926177979,0.6054093241691589,0.5874841213226318,0.06057016924023628,0.616560697555542,0.6134377717971802,0.0551312193274498
IMG_9790.JPG,Right,0.9756460189819336,0.9377686977386475,0.5319608449935913,-6.829693575127749e-07,0.885446310043335,0.6230084300041199,-0.007868085987865925,0.8249726295471191,0.6948511600494385,-0.029456254094839096,0.780415415763855,0.7646507620811462,-0.04836592450737953,0.7689560055732727,0.8388776779174805,-0.06611119955778122,0.834607720375061,0.6112757921218872,-0.07695621997117996,0.7247576117515564,0.6063650846481323,-0.09333282709121704,0.7458857893943787,0.6150617003440857,-0.08551019430160522,0.7783225178718567,0.6130744814872742,-0.07642043381929398,0.836230993270874,0.5278006792068481,-0.0796312540769577,0.7183179259300232,0.5487341284751892,-0.08681917935609818,0.7406229376792908,0.5643704533576965,-0.06905125081539154,0.77277010679245,0.5601745247840881,-0.06020907685160637,0.8333049416542053,0.4576362073421478,-0.07833725959062576,0.717316746711731,0.4969489872455597,-0.0792391374707222,0.7422826886177063,0.511684238910675,-0.056871190667152405,0.7731829285621643,0.5058116912841797,-0.046959038823843,0.8279456496238708,0.40343502163887024,-0.07653907686471939,0.7398959994316101,0.4502294063568115,-0.0747317299246788,0.7562759518623352,0.4660133719444275,-0.05800697207450867,0.7803449630737305,0.4604659974575043,-0.04953150451183319
IMG_9784.JPG,Right,0.9578047394752502,0.8683249950408936,0.6254344582557678,-5.651315859722672e-07,0.7889151573181152,0.68703293800354,-0.002058868994936347,0.7165616750717163,0.726952075958252,-0.016268227249383926,0.6606369614601135,0.7676001787185669,-0.030943190678954124,0.6301252841949463,0.8219414949417114,-0.04489227384328842,0.6929994225502014,0.6028956770896912,-0.027986394241452217,0.646309494972229,0.5931051969528198,-0.02683711238205433,0.6723251938819885,0.6151817440986633,-0.020785948261618614,0.6993116736412048,0.6308894157409668,-0.017715059220790863,0.7102155089378357,0.541111409664154,-0.03067466989159584,0.6566793322563171,0.5413179397583008,-0.023978957906365395,0.6766137480735779,0.5674434304237366,-0.016826340928673744,0.7031088471412659,0.5792060494422913,-0.01783622056245804,0.7322742938995361,0.4954146146774292,-0.0300704687833786,0.6737903356552124,0.4969906508922577,-0.01881442219018936,0.6910552382469177,0.5230041742324829,-0.00824563018977642,0.7159743905067444,0.538427472114563,-0.008391090668737888,0.7541522979736328,0.4623204171657562,-0.029588796198368073,0.7032204866409302,0.4694536626338959,-0.017250066623091698,0.7124583125114441,0.4968527555465698,-0.0033620521426200867,0.7301501631736755,0.5110650062561035,0.0029584262520074844
IMG_9753.JPG,Right,0.9808886051177979,0.9724442362785339,0.528182327747345,-6.184789071994601e-07,0.8963695764541626,0.6278076767921448,-0.028788486495614052,0.819572389125824,0.6951187252998352,-0.05744922533631325,0.7639312744140625,0.7591614723205566,-0.08009941130876541,0.7410139441490173,0.8342375159263611,-0.10013686865568161,0.7766735553741455,0.5054959654808044,-0.06711836904287338,0.6945714950561523,0.586074709892273,-0.06859420984983444,0.7258501648902893,0.6133621335029602,-0.06118892878293991,0.7573357820510864,0.6089453101158142,-0.05799666419625282,0.780727744102478,0.4255868196487427,-0.05549316853284836,0.6959577202796936,0.5236301422119141,-0.05739729106426239,0.7217820882797241,0.5610882639884949,-0.05077734962105751,0.7532007694244385,0.5592010021209717,-0.051819417625665665,0.7940482497215271,0.37764883041381836,-0.039905305951833725,0.718597412109375,0.4703444838523865,-0.03632808476686478,0.7394896745681763,0.5090382099151611,-0.027231289073824883,0.7698795199394226,0.5177941918373108,-0.027832137420773506,0.8097418546676636,0.3540967106819153,-0.02621256746351719,0.7562329769134521,0.41723209619522095,-0.02374969609081745,0.771057665348053,0.45611217617988586,-0.015387116000056267,0.7915620803833008,0.47030892968177795,-0.011455428786575794
509011772433856_.pic.jpg,Left,0.9364311099052429,0.6448954939842224,0.6167320013046265,-6.984465130699391e-07,0.7559513449668884,0.5844612121582031,-0.004432096146047115,0.8342000842094421,0.5337357521057129,-0.01311039924621582,0.8960875868797302,0.485710471868515,-0.021695036441087723,0.9527235627174377,0.4659561216831207,-0.0312936045229435,0.7451357841491699,0.4075511693954468,-0.03673539310693741,0.7468109726905823,0.4306492209434509,-0.0369478315114975,0.7429704666137695,0.4725295305252075,-0.04066253826022148,0.7347916960716248,0.49865972995758057,-0.04689212143421173,0.6593213677406311,0.4032948315143585,-0.04410262405872345,0.6684814095497131,0.4387635588645935,-0.032930824905633926,0.6696721911430359,0.47565820813179016,-0.033894553780555725,0.6668849587440491,0.5004010200500488,-0.04663674160838127,0.5842384696006775,0.42097485065460205,-0.04667273163795471,0.5967764854431152,0.4467966854572296,-0.043719712644815445,0.604773759841919,0.4790209233760834,-0.04215007275342941,0.6031286716461182,0.5045915246009827,-0.05056651681661606,0.5183593034744263,0.44376271963119507,-0.04917065426707268,0.5285396575927734,0.4652399718761444,-0.051281437277793884,0.537506103515625,0.4955896735191345,-0.041646264493465424,0.5384489893913269,0.5182183384895325,-0.03665444254875183
509231772433883_.pic.jpg,Left,0.9414142370223999,0.0998169332742691,0.6157920956611633,-4.0256472289001977e-07,0.24065431952476501,0.5501714944839478,-0.04528070613741875,0.3309510052204132,0.4619569480419159,-0.06309828907251358,0.4109915494918823,0.3982867896556854,-0.07381539791822433,0.49350252747535706,0.36523669958114624,-0.08049227297306061,0.14155901968479156,0.3508661985397339,-0.03160233050584793,0.217733696103096,0.37500128149986267,-0.041583381593227386,0.24529273808002472,0.4191913306713104,-0.06348051875829697,0.24482344090938568,0.4429404139518738,-0.08206318318843842,0.05343650281429291,0.36550483107566833,-0.017290156334638596,0.12103799730539322,0.39360499382019043,-0.011450308375060558,0.15163728594779968,0.43157410621643066,-0.02669299580156803,0.15000438690185547,0.45399361848831177,-0.05134641379117966,-0.00652642548084259,0.3984549343585968,-0.005244106519967318,0.04185137152671814,0.4128382205963135,-0.008097405545413494,0.06610429286956787,0.44153454899787903,-0.01678691990673542,0.06239175796508789,0.46610236167907715,-0.03122006542980671,-0.04442805051803589,0.42902758717536926,0.002798663219437003,-0.01936812698841095,0.4325760304927826,-0.0028372779488563538,-0.004502207040786743,0.45744788646698,0.0006187062244862318,-0.008087322115898132,0.4785009026527405,0.00042636654688976705
IMG_9800.JPG,Right,0.9958946704864502,0.8333829641342163,0.5214374661445618,6.284162878955613e-08,0.787114679813385,0.5029712915420532,-0.028596077114343643,0.7405459880828857,0.5110551118850708,-0.051321446895599365,0.7294469475746155,0.540160596370697,-0.07376720756292343,0.7503867149353027,0.57752925157547,-0.09616725891828537,0.7029733657836914,0.6379924416542053,-0.04172566533088684,0.6824346780776978,0.7256921529769897,-0.07899421453475952,0.6719198226928711,0.7867943048477173,-0.10554395616054535,0.6667870879173279,0.8403275012969971,-0.12351252883672714,0.74434494972229,0.6673036217689514,-0.047131240367889404,0.7392488718032837,0.6791375875473022,-0.0988883376121521,0.7674581408500671,0.6081091165542603,-0.11538820713758469,0.7840731739997864,0.5616928935050964,-0.11685303598642349,0.7859798073768616,0.6796603798866272,-0.0555601604282856,0.7910090684890747,0.6782273650169373,-0.10172857344150543,0.808540940284729,0.6055193543434143,-0.09788871556520462,0.815325915813446,0.5568737983703613,-0.08466090261936188,0.8257378339767456,0.6819028258323669,-0.06674985587596893,0.8296375274658203,0.6837227940559387,-0.09636615961790085,0.8383698463439941,0.6285633444786072,-0.09100262820720673,0.8357694149017334,0.5904495120048523,-0.08028353750705719
IMG_9814.JPG,Right,0.9987423419952393,0.7061009407043457,0.7502842545509338,8.235497972464145e-08,0.6675828695297241,0.7661702632904053,-0.009586500935256481,0.6442922353744507,0.8046520948410034,-0.010099180042743683,0.6409281492233276,0.8495197892189026,-0.011198469437658787,0.654593825340271,0.8744746446609497,-0.012173484079539776,0.6432756781578064,0.8338165283203125,0.00898154266178608,0.628406286239624,0.8704227209091187,0.0037316035013645887,0.6237478256225586,0.8968863487243652,-0.0021550920791924,0.6197789311408997,0.9182722568511963,-0.007030813489109278,0.6616507768630981,0.8469414710998535,0.0075030154548585415,0.6502842903137207,0.8881048560142517,-0.004127173218876123,0.6546087861061096,0.8766143321990967,-0.01197309885174036,0.6596023440361023,0.8605435490608215,-0.013643186539411545,0.6828051805496216,0.8503015637397766,0.004015541169792414,0.6783689260482788,0.8883749842643738,-0.011678622104227543,0.6823660135269165,0.8582600951194763,-0.01589863933622837,0.6857972741127014,0.8310927152633667,-0.013283444568514824,0.7061935663223267,0.8457309603691101,-0.00016182230319827795,0.701187789440155,0.8760197758674622,-0.012225472368299961,0.7017165422439575,0.8561615943908691,-0.013146777637302876,0.7025741934776306,0.8327485918998718,-0.010652625001966953
IMG_9828.JPG,Right,0.9948769211769104,0.8164048790931702,0.6566570401191711,8.261430650691182e-08,0.7748647332191467,0.6673653721809387,-0.019688889384269714,0.7474497556686401,0.7140207886695862,-0.03051178716123104,0.7528406977653503,0.7616487145423889,-0.04107305034995079,0.775347113609314,0.7945911288261414,-0.05156741291284561,0.7483201026916504,0.814453125,-0.014448076486587524,0.7469480037689209,0.887337327003479,-0.03404109552502632,0.7503198385238647,0.9343510866165161,-0.04824618995189667,0.7551261186599731,0.9727931022644043,-0.05854751169681549,0.7826424837112427,0.8178139925003052,-0.018023474141955376,0.7851102948188782,0.8755041360855103,-0.04802081733942032,0.7892980575561523,0.8230217695236206,-0.06089911609888077,0.7887023091316223,0.7821093797683716,-0.06284199655056,0.8146974444389343,0.8072841763496399,-0.024029331281781197,0.8221659660339355,0.8518555760383606,-0.055880673229694366,0.818844199180603,0.7942182421684265,-0.05772383138537407,0.8112818002700806,0.7547352313995361,-0.05041170120239258,0.8444198966026306,0.7868349552154541,-0.03133406490087509,0.8497932553291321,0.8244274258613586,-0.05392023175954819,0.8426058292388916,0.7853937149047852,-0.052846960723400116,0.8320179581642151,0.7548571228981018,-0.04675452783703804
IMG_9829.JPG,Right,0.9971294403076172,0.8192915320396423,0.6425091624259949,6.365345939229883e-08,0.7772965431213379,0.6528162956237793,-0.015705881640315056,0.7478219866752625,0.6982437372207642,-0.02429717220366001,0.7589859366416931,0.745140552520752,-0.03321767970919609,0.7831305265426636,0.7751235365867615,-0.04260561242699623,0.7523748278617859,0.796966552734375,-0.012823346070945263,0.7503223419189453,0.8690662384033203,-0.030732279643416405,0.7542587518692017,0.9155560731887817,-0.04389085993170738,0.7590796947479248,0.9535567164421082,-0.05361966788768768,0.7866479158401489,0.7996128797531128,-0.017916247248649597,0.7880358695983887,0.8569286465644836,-0.04518857225775719,0.7931239008903503,0.8076100945472717,-0.057763807475566864,0.7927795052528381,0.7679831981658936,-0.060344625264406204,0.8186850547790527,0.7879751920700073,-0.02478906325995922,0.8266597986221313,0.8287673592567444,-0.054462384432554245,0.8229722380638123,0.7738781571388245,-0.057416122406721115,0.8146997690200806,0.7348754405975342,-0.05157066509127617,0.8487964868545532,0.7663230895996094,-0.032427847385406494,0.8544502854347229,0.8026294708251953,-0.05293760076165199,0.8465035557746887,0.7648545503616333,-0.051241543143987656,0.8359373807907104,0.7341006398200989,-0.04526360332965851
509191772433878_.pic.jpg,Left,0.9730483889579773,0.14751757681369781,0.3784745931625366,-1.1032869906557607e-07,0.30216148495674133,0.3568321764469147,-0.008204293437302113,0.39802125096321106,0.3104046583175659,-0.004540509078651667,0.47207292914390564,0.276183545589447,0.002359020756557584,0.5358583927154541,0.264483779668808,0.011876283213496208,0.25965744256973267,0.16123682260513306,0.007753665093332529,0.3055066168308258,0.19259612262248993,0.03565433248877525,0.3099042475223541,0.24034278094768524,0.04145853593945503,0.2956039309501648,0.2682746648788452,0.03842812776565552,0.1599237471818924,0.1647181212902069,0.013448839075863361,0.22079497575759888,0.19762882590293884,0.058308184146881104,0.2304483950138092,0.23693425953388214,0.05621262267231941,0.2159966379404068,0.26225897669792175,0.03650302812457085,0.08422400057315826,0.19516494870185852,0.022490203380584717,0.14216823875904083,0.21481457352638245,0.05219843611121178,0.1611296385526657,0.24740424752235413,0.047178350389003754,0.15059959888458252,0.2733195424079895,0.02854074165225029,0.028349101543426514,0.2322004735469818,0.03142941743135452,0.076875239610672,0.2468678206205368,0.04999260604381561,0.09574277698993683,0.2731786072254181,0.059523023664951324,0.09271012246608734,0.29282140731811523,0.059154607355594635
IMG_9815.JPG,Right,0.9986347556114197,0.7111550569534302,0.7666984796524048,7.64907284178662e-08,0.6721600890159607,0.7832371592521667,-0.009990306571125984,0.6486133337020874,0.8229371905326843,-0.010366691276431084,0.6456810235977173,0.8698242902755737,-0.011547687463462353,0.6625303626060486,0.8954319953918457,-0.01254272647202015,0.6466591358184814,0.860779881477356,0.012356935068964958,0.6334306001663208,0.899407148361206,0.007448094431310892,0.6298253536224365,0.9271216988563538,0.0011532234493643045,0.6274988651275635,0.9500927925109863,-0.0040885633789002895,0.6659306883811951,0.8725985288619995,0.010892301797866821,0.6549732685089111,0.91624915599823,-0.000689918699208647,0.6599583029747009,0.8991578221321106,-0.008763662539422512,0.6656389236450195,0.8794479966163635,-0.010236592963337898,0.6877323985099792,0.8745226860046387,0.007130068261176348,0.6842133402824402,0.9120022058486938,-0.008583578281104565,0.6873277425765991,0.8803204894065857,-0.012754458002746105,0.6907046437263489,0.8542822599411011,-0.009906239807605743,0.7123573422431946,0.8690832257270813,0.002530068624764681,0.7074379920959473,0.9000165462493896,-0.009246603585779667,0.7073157429695129,0.878278374671936,-0.009685964323580265,0.7081164717674255,0.8546394109725952,-0.00677902577444911
IMG_9801.JPG,Right,0.9958316683769226,0.8396328091621399,0.5342628955841064,9.763254382733066e-08,0.7933124303817749,0.5132192373275757,-0.029214520007371902,0.7460101842880249,0.5193052291870117,-0.051739923655986786,0.7351610660552979,0.5505310297012329,-0.07389198243618011,0.7549953460693359,0.5900840759277344,-0.09584838151931763,0.7057631611824036,0.6454195976257324,-0.041731931269168854,0.6833766102790833,0.7329480051994324,-0.07904886454343796,0.6717702150344849,0.7940013408660889,-0.10588524490594864,0.6648252606391907,0.8479509949684143,-0.12422512471675873,0.7472305297851562,0.6763674020767212,-0.0468309111893177,0.7401792407035828,0.6910597085952759,-0.09770750254392624,0.7681325674057007,0.6231623291969299,-0.11472324281930923,0.7848773002624512,0.5784615278244019,-0.11704357713460922,0.7890266180038452,0.6904323101043701,-0.05503769591450691,0.7930243611335754,0.6895750761032104,-0.1010267585515976,0.8104981780052185,0.6175241470336914,-0.09810807555913925,0.8176414966583252,0.5691571831703186,-0.08578001707792282,0.8287068009376526,0.6939418315887451,-0.06604842096567154,0.8314403295516968,0.6922953724861145,-0.09590499848127365,0.8409026861190796,0.6370996236801147,-0.09134745597839355,0.8387939929962158,0.5990450382232666,-0.08138254284858704
508901772433845_.pic_thumb.jpg,Left,0.9639023542404175,0.5801418423652649,0.6663280129432678,-5.68617224416812e-07,0.6653542518615723,0.612976610660553,-0.002339608734473586,0.7178610563278198,0.5548629760742188,-0.014378046616911888,0.7534112930297852,0.5108755826950073,-0.02844216674566269,0.7955487966537476,0.48797357082366943,-0.043874721974134445,0.6032867431640625,0.4749514162540436,-0.0302899032831192,0.6067752242088318,0.4967597424983978,-0.0494198277592659,0.6164693832397461,0.5297213196754456,-0.07189428806304932,0.6178295016288757,0.5510551929473877,-0.08786119520664215,0.5317105054855347,0.4904705584049225,-0.04049772024154663,0.5418406128883362,0.5184407234191895,-0.042954783886671066,0.5541143417358398,0.546307384967804,-0.05033683404326439,0.5602152347564697,0.5671011209487915,-0.0634109303355217,0.47715938091278076,0.5180858373641968,-0.04792970046401024,0.4918226897716522,0.5418572425842285,-0.05118810012936592,0.5068272352218628,0.5637743473052979,-0.04836298152804375,0.5140329003334045,0.5831296443939209,-0.052399612963199615,0.433651328086853,0.5473629236221313,-0.05624464154243469,0.45163393020629883,0.5683907270431519,-0.05801086500287056,0.4697495698928833,0.5898270010948181,-0.04663462936878204,0.47878772020339966,0.6051405668258667,-0.038949981331825256
509051772433860_.pic.jpg,Left,0.9392432570457458,0.40106001496315,0.8313910961151123,-1.9668954109874903e-07,0.5606675148010254,0.7628378868103027,-0.024096285924315453,0.6509740948677063,0.6868689656257629,-0.04183584451675415,0.7135921716690063,0.6233646273612976,-0.05668022111058235,0.7804090976715088,0.5962247848510742,-0.06855089217424393,0.48112064599990845,0.575129508972168,-0.03986542299389839,0.5808781385421753,0.5744113326072693,-0.054761506617069244,0.6039382815361023,0.6224583387374878,-0.07343262434005737,0.5881111025810242,0.6533641815185547,-0.0880759060382843,0.38346946239471436,0.5830150842666626,-0.03663501515984535,0.48530054092407227,0.5915993452072144,-0.03885781392455101,0.5040014386177063,0.6317592263221741,-0.04676416888833046,0.4823070168495178,0.658926784992218,-0.06263397634029388,0.3142620325088501,0.6132329106330872,-0.03290559723973274,0.4017314612865448,0.613602876663208,-0.035711728036403656,0.4191529154777527,0.6436577439308167,-0.032519157975912094,0.40133851766586304,0.6702591180801392,-0.038438260555267334,0.2649386525154114,0.6465680003166199,-0.03094816580414772,0.3334275484085083,0.6424331665039062,-0.03247685730457306,0.3545968532562256,0.6678879261016846,-0.02166387252509594,0.3493807315826416,0.6916382312774658,-0.016208237037062645
508711772433826_.pic.jpg,Left,0.8842158317565918,0.23677928745746613,1.0101341009140015,-7.232628718156775e-07,0.44276031851768494,0.8951489925384521,0.031273309141397476,0.5513692498207092,0.765386164188385,0.04890576750040054,0.6319671869277954,0.6677529811859131,0.06237524002790451,0.696856677532196,0.624043345451355,0.07682882994413376,0.3675875663757324,0.6038659811019897,0.012996305711567402,0.42390331625938416,0.6120812892913818,0.030302001163363457,0.4399051368236542,0.6863369345664978,0.026174526661634445,0.4335991442203522,0.7338571548461914,0.01881399191915989,0.21451911330223083,0.6237732768058777,-0.002526914468035102,0.2955976724624634,0.6516444087028503,0.04418543726205826,0.3203122615814209,0.7162204384803772,0.046741873025894165,0.3102177679538727,0.7589526176452637,0.025965306907892227,0.09771594405174255,0.6766859889030457,-0.010124032385647297,0.17027845978736877,0.6933000683784485,0.025209810584783554,0.20066970586776733,0.7474082708358765,0.03260903060436249,0.19341973960399628,0.7905178070068359,0.017933472990989685,0.009739279747009277,0.7340478301048279,-0.014469178393483162,0.07352808117866516,0.7362038493156433,0.0110487574711442,0.10306644439697266,0.7806020975112915,0.03738340735435486,0.10400959849357605,0.8184638619422913,0.04951442405581474
IMG_9752.JPG,Right,0.9779978394508362,0.9846868515014648,0.5073699355125427,-6.206900025063078e-07,0.9093384742736816,0.6078141927719116,-0.044451985508203506,0.8300281763076782,0.6794102191925049,-0.0769590362906456,0.776578962802887,0.7473892569541931,-0.09886187314987183,0.7582550048828125,0.8230456113815308,-0.11690522730350494,0.7825107574462891,0.45920854806900024,-0.0865134745836258,0.704485297203064,0.5627790093421936,-0.08250126242637634,0.7443965077400208,0.5954595804214478,-0.06929890811443329,0.7784761190414429,0.5884050130844116,-0.06305374205112457,0.7905847430229187,0.38634493947029114,-0.06502164900302887,0.7128931283950806,0.5003011226654053,-0.06363311409950256,0.7442218065261841,0.5409281253814697,-0.054607417434453964,0.77846759557724,0.5407963991165161,-0.05459937825798988,0.8081583976745605,0.34944313764572144,-0.0391925610601902,0.7385230660438538,0.44759806990623474,-0.03252565488219261,0.7620437145233154,0.48701661825180054,-0.02383071556687355,0.794758141040802,0.49825841188430786,-0.025212999433279037,0.8270320296287537,0.3362327814102173,-0.016490908339619637,0.7765551805496216,0.39577716588974,-0.01423686183989048,0.7923418283462524,0.43326282501220703,-0.008196597918868065,0.8144015073776245,0.44809868931770325,-0.005493482109159231
IMG_9785.JPG,Right,0.9733361005783081,0.8362436294555664,0.5649277567863464,-5.662948865392536e-07,0.7621743083000183,0.6350056529045105,-0.005958746653050184,0.6951174736022949,0.6728209853172302,-0.021018899977207184,0.6418863534927368,0.7101196646690369,-0.035906869918107986,0.6128038763999939,0.7626890540122986,-0.051150307059288025,0.6644005179405212,0.5269773602485657,-0.024430083110928535,0.6291421055793762,0.549773633480072,-0.021029172465205193,0.6554282903671265,0.5738757252693176,-0.019207347184419632,0.6797379851341248,0.5834834575653076,-0.020276635885238647,0.6817312240600586,0.46627548336982727,-0.02467646449804306,0.6441210508346558,0.49960488080978394,-0.013355090282857418,0.6632852554321289,0.5288381576538086,-0.009947503916919231,0.688155472278595,0.536477267742157,-0.015090451575815678,0.7083520889282227,0.4270595908164978,-0.021596545353531837,0.6711918711662292,0.46078506112098694,-0.007538382895290852,0.6873339414596558,0.48748403787612915,-0.001679491950199008,0.7115346789360046,0.5019897818565369,-0.006144281011074781,0.7353291511535645,0.40108537673950195,-0.019423870369791985,0.7092925906181335,0.4281173646450043,-0.006196817848831415,0.7223049998283386,0.4584686756134033,0.004894237499684095,0.7413668036460876,0.47531360387802124,0.00893152505159378
IMG_9791.JPG,Right,0.9831047058105469,0.8629863262176514,0.5362445116043091,-6.070928293411271e-07,0.8505889773368835,0.6089969277381897,-0.02851901762187481,0.817080557346344,0.6831163167953491,-0.06401531398296356,0.7905704975128174,0.7534328699111938,-0.09186623990535736,0.7765704989433289,0.8265147805213928,-0.11493100970983505,0.8711372017860413,0.605363667011261,-0.1361650973558426,0.7467308640480042,0.6064670085906982,-0.17669054865837097,0.7712864875793457,0.6155459880828857,-0.17570900917053223,0.8065003752708435,0.6127830147743225,-0.16724993288516998,0.8729351758956909,0.5189292430877686,-0.13582530617713928,0.7324213981628418,0.5493209362030029,-0.17515744268894196,0.7629921436309814,0.5680100321769714,-0.15470008552074432,0.8026074171066284,0.5611196756362915,-0.13789798319339752,0.8575729727745056,0.4508170485496521,-0.1318543553352356,0.7293882369995117,0.4868108034133911,-0.15758056938648224,0.7637736797332764,0.5080642104148865,-0.1187804639339447,0.8015495538711548,0.5021165609359741,-0.0910484567284584,0.8362024426460266,0.399053156375885,-0.12909680604934692,0.7464208602905273,0.43305838108062744,-0.1328829824924469,0.7690449357032776,0.45335137844085693,-0.10297854244709015,0.8015450835227966,0.4497605562210083,-0.08433343470096588
509171772433875_.pic_thumb.jpg,Left,0.8585253953933716,0.16124193370342255,0.5221554040908813,-2.9115693678249954e-07,0.310246080160141,0.487448126077652,-0.018688727170228958,0.40549755096435547,0.42568469047546387,-0.03401072695851326,0.47083884477615356,0.37859922647476196,-0.04803603142499924,0.5367754101753235,0.3570081889629364,-0.06081397831439972,0.2735832631587982,0.3056565523147583,-0.033558543771505356,0.3391144871711731,0.3395710587501526,-0.05217180773615837,0.3479771912097931,0.3794146776199341,-0.0783901959657669,0.32839417457580566,0.3973393738269806,-0.09912988543510437,0.18169806897640228,0.3131484091281891,-0.03656274452805519,0.2509458363056183,0.3437565565109253,-0.03775639832019806,0.26294031739234924,0.3742995262145996,-0.05036049336194992,0.24233976006507874,0.3903367519378662,-0.07115820050239563,0.11179058253765106,0.34182754158973694,-0.039164040237665176,0.17283150553703308,0.3564263582229614,-0.04570325091481209,0.1886686533689499,0.38185033202171326,-0.04766792431473732,0.17504844069480896,0.39703458547592163,-0.057200562208890915,0.06065204739570618,0.3732903301715851,-0.04273052513599396,0.11059063673019409,0.3855974078178406,-0.04619355872273445,0.12910793721675873,0.4094506502151489,-0.036498814821243286,0.1250617802143097,0.42595475912094116,-0.03295719996094704
508761772433831_.pic_thumb.jpg,Left,0.7093807458877563,0.2823229432106018,0.8929297924041748,-2.8482395464379806e-07,0.5041446089744568,0.773208498954773,-0.008053834550082684,0.6194541454315186,0.645658552646637,-0.022922459989786148,0.7055654525756836,0.5527148842811584,-0.04019508510828018,0.8108015656471252,0.5246411561965942,-0.055690471082925797,0.38257983326911926,0.509624719619751,-0.03464286029338837,0.4885581433773041,0.5285090208053589,-0.06076587736606598,0.5185498595237732,0.5922066569328308,-0.09429554641246796,0.4991094172000885,0.6259453296661377,-0.12147577106952667,0.24464775621891022,0.5378580093383789,-0.04892425984144211,0.35134249925613403,0.5645005106925964,-0.05233445391058922,0.38696902990341187,0.6161296963691711,-0.0679609403014183,0.37050604820251465,0.6457504034042358,-0.09683968126773834,0.14239877462387085,0.5948501825332642,-0.061163775622844696,0.23070867359638214,0.6057642698287964,-0.06921537965536118,0.2642399072647095,0.649279773235321,-0.06232926622033119,0.2506384253501892,0.6802977323532104,-0.0699210837483406,0.06242987513542175,0.6545542478561401,-0.07403183728456497,0.13168415427207947,0.657018780708313,-0.07648436725139618,0.17014425992965698,0.6944218277931213,-0.05491858720779419,0.16950255632400513,0.7247484922409058,-0.04386402294039726
509361772433901_.pic_thumb.jpg,Left,0.9263162016868591,0.47233808040618896,0.7888166904449463,-5.396556730374868e-07,0.6496604681015015,0.7338792085647583,-0.009575949981808662,0.7596972584724426,0.6505009531974792,-0.022126587107777596,0.8311600685119629,0.5775258541107178,-0.03315306082367897,0.9113239049911499,0.5544255971908569,-0.04200231283903122,0.6037092208862305,0.4954620599746704,-0.0418422631919384,0.6697197556495667,0.5153196454048157,-0.054197292774915695,0.6828089952468872,0.5785082578659058,-0.07154015451669693,0.6625068187713623,0.6202161908149719,-0.08591028302907944,0.49254077672958374,0.5009085536003113,-0.045971404761075974,0.5754376649856567,0.5349050760269165,-0.03785519301891327,0.5891767740249634,0.5857257843017578,-0.04389088228344917,0.566036581993103,0.6197389364242554,-0.062238141894340515,0.4075641334056854,0.5323833227157593,-0.046420756727457047,0.4821266531944275,0.5585560202598572,-0.042836789041757584,0.49955177307128906,0.5996706485748291,-0.03885761648416519,0.4822583794593811,0.6304788589477539,-0.047633491456508636,0.34026816487312317,0.5682463645935059,-0.04701383784413338,0.40238362550735474,0.587536633014679,-0.045151252299547195,0.42164158821105957,0.6232824325561523,-0.030351994559168816,0.41330772638320923,0.6505446434020996,-0.022697871550917625
508981772433853_.pic.jpg,Left,0.9508564472198486,0.6404099464416504,0.4128444790840149,-4.309711414407502e-07,0.7519465684890747,0.3874727189540863,0.016620386391878128,0.8273751735687256,0.3463512063026428,0.024965960532426834,0.8856533765792847,0.31555041670799255,0.030373133718967438,0.9348105192184448,0.3112943172454834,0.034859009087085724,0.7535042762756348,0.22746425867080688,0.015279428102076054,0.7574137449264526,0.24831260740756989,0.03219195455312729,0.7536218166351318,0.28366827964782715,0.03211357444524765,0.744245707988739,0.30567699670791626,0.027906054630875587,0.6713266372680664,0.22627101838588715,0.00640550721436739,0.6870183348655701,0.2551616132259369,0.039602819830179214,0.689270555973053,0.28610295057296753,0.037846725434064865,0.682280421257019,0.3066807985305786,0.023013398051261902,0.6026924848556519,0.2448575794696808,0.002235116669908166,0.6211047172546387,0.265293151140213,0.025772400200366974,0.6323508620262146,0.29112157225608826,0.02087482251226902,0.6292818188667297,0.31101563572883606,0.005813881289213896,0.546568751335144,0.2666308879852295,-8.62726810737513e-05,0.5672812461853027,0.28691309690475464,0.016112178564071655,0.5800403952598572,0.3109248876571655,0.02474956214427948,0.5802769064903259,0.328103244304657,0.02615882270038128
IMG_9866.JPG,Right,0.97230064868927,0.8481537103652954,0.5175958871841431,-6.328793347165629e-07,0.8251853585243225,0.5993847250938416,-0.024967744946479797,0.7850610017776489,0.6713170409202576,-0.05937163531780243,0.7602162957191467,0.7438514828681946,-0.08742884546518326,0.7594646215438843,0.8179947137832642,-0.11419994384050369,0.8181484937667847,0.566980242729187,-0.12003914266824722,0.7034358382225037,0.5886426568031311,-0.14762075245380402,0.728798508644104,0.6032386422157288,-0.1429194062948227,0.7634385228157043,0.5958378911018372,-0.13495929539203644,0.8181582689285278,0.48870849609375,-0.1168467327952385,0.6866841316223145,0.5386753678321838,-0.1405821293592453,0.7133204340934753,0.5591398477554321,-0.12206525355577469,0.7498131990432739,0.5464070439338684,-0.10978810489177704,0.8062664866447449,0.429115355014801,-0.10918835550546646,0.6814360618591309,0.4869900643825531,-0.1221671774983406,0.7099159359931946,0.5058341026306152,-0.0943257138133049,0.7428627014160156,0.4924188256263733,-0.078008733689785,0.7870065569877625,0.38842350244522095,-0.10220982134342194,0.6971942782402039,0.43853694200515747,-0.10728733986616135,0.7168658971786499,0.45667099952697754,-0.08841410279273987,0.7458475232124329,0.44729477167129517,-0.07784595340490341
IMG_9872.JPG,Right,0.9991028308868408,0.8502911925315857,0.5697633624076843,1.383538830168618e-07,0.7971342206001282,0.534970223903656,-0.044306691735982895,0.7484171390533447,0.5182942152023315,-0.07915380597114563,0.7547856569290161,0.5382766127586365,-0.1099487841129303,0.7881004214286804,0.5715136528015137,-0.13746704161167145,0.7094395756721497,0.654823362827301,-0.0778929591178894,0.7046298384666443,0.7478691935539246,-0.13598212599754333,0.7112258672714233,0.8161210417747498,-0.17324024438858032,0.7151729464530945,0.8803848028182983,-0.19530031085014343,0.7523120641708374,0.7025614976882935,-0.07852045446634293,0.7775089144706726,0.6879879832267761,-0.13195863366127014,0.8013185858726501,0.6074621677398682,-0.14220133423805237,0.8087610006332397,0.5613840222358704,-0.14253602921962738,0.7980175614356995,0.7199809551239014,-0.08416928350925446,0.8297094106674194,0.6804456114768982,-0.12644781172275543,0.8388778567314148,0.6052465438842773,-0.11121386289596558,0.8333780765533447,0.5671703219413757,-0.09383071959018707,0.8394774794578552,0.7200642824172974,-0.09576132148504257,0.864109992980957,0.6841379404067993,-0.12245455384254456,0.8681550621986389,0.6270381212234497,-0.11189381033182144,0.8594722151756287,0.5965912938117981,-0.09841727465391159
508681772433823_.pic.jpg,Left,0.9030551314353943,0.3457355499267578,0.970212459564209,-4.6359164684872667e-07,0.5771979093551636,0.9036722183227539,0.024388790130615234,0.6958707571029663,0.78582763671875,0.03550043702125549,0.7747188806533813,0.6933906674385071,0.04850552976131439,0.8476019501686096,0.6707732081413269,0.061805542558431625,0.5835766196250916,0.621418297290802,-0.022168908268213272,0.6479416489601135,0.6153132915496826,0.015492009930312634,0.656563937664032,0.6847309470176697,0.042438238859176636,0.6387184858322144,0.7314222455024719,0.05638166889548302,0.4521646797657013,0.6251850128173828,-0.026892567053437233,0.5199847221374512,0.6258373260498047,0.0449083112180233,0.5375376343727112,0.6821683049201965,0.07642431557178497,0.5197597742080688,0.723213791847229,0.07213568687438965,0.33613499999046326,0.6609085202217102,-0.02092612348496914,0.3954307734966278,0.6523968577384949,0.04002848267555237,0.4237440228462219,0.7023507356643677,0.06311850994825363,0.40905511379241943,0.7443397045135498,0.05283377319574356,0.24375605583190918,0.7066584825515747,-0.01110571064054966,0.2885017693042755,0.6888754963874817,0.03408913314342499,0.3203337788581848,0.7250491380691528,0.06680341809988022,0.3143857717514038,0.7588105201721191,0.0785364955663681
509281772433890_.pic_thumb.jpg,Left,0.9396588206291199,0.2735433578491211,0.9161704778671265,3.196836928509583e-08,0.44527536630630493,0.846893846988678,-0.03499304875731468,0.5542508363723755,0.744918167591095,-0.05312950536608696,0.6261831521987915,0.6707425117492676,-0.06569662690162659,0.7006177306175232,0.6307687759399414,-0.07349975407123566,0.3751821517944336,0.6289013624191284,-0.03842254728078842,0.4664076864719391,0.6479114294052124,-0.06508740037679672,0.4747331440448761,0.6944959163665771,-0.09618954360485077,0.4461185336112976,0.7162801027297974,-0.11957262456417084,0.2677677571773529,0.6426931023597717,-0.03465954586863518,0.36892011761665344,0.6646623611450195,-0.04198805242776871,0.3862501382827759,0.7028805017471313,-0.05865461379289627,0.3561705946922302,0.7232406735420227,-0.0817718580365181,0.18737664818763733,0.6833083033561707,-0.03293086588382721,0.2800665497779846,0.6941735744476318,-0.0438680462539196,0.2996329665184021,0.726752519607544,-0.044692639261484146,0.2763979136943817,0.7468782663345337,-0.05281006544828415,0.1317489743232727,0.7292563319206238,-0.03392718359827995,0.2127230167388916,0.7385122776031494,-0.04339933022856712,0.23203139007091522,0.7657831907272339,-0.0350165069103241,0.21491315960884094,0.7835677266120911,-0.030753610655665398
IMG_9873.JPG,Right,0.9990886449813843,0.8414000272750854,0.5292415618896484,1.1297563418111167e-07,0.7935423851013184,0.49684181809425354,-0.04074343293905258,0.7476729154586792,0.4828924536705017,-0.07480708509683609,0.7489575743675232,0.4948495328426361,-0.10591630637645721,0.7787724733352661,0.5219550728797913,-0.1351068764925003,0.7061845064163208,0.6132282614707947,-0.07148560136556625,0.6995721459388733,0.7006697058677673,-0.12354391068220139,0.7015012502670288,0.7650066614151001,-0.15805648267269135,0.7041739821434021,0.8241563439369202,-0.17990043759346008,0.7481236457824707,0.6560678482055664,-0.07361369580030441,0.7673439383506775,0.6418928503990173,-0.12431745231151581,0.7920680046081543,0.5637897849082947,-0.1351860910654068,0.7994834184646606,0.5205113887786865,-0.1371316909790039,0.7925872802734375,0.6727111339569092,-0.08017225563526154,0.819233238697052,0.6404623985290527,-0.1206984743475914,0.8312332034111023,0.5700217485427856,-0.10726585984230042,0.8286460041999817,0.5348084568977356,-0.09238816797733307,0.8325482606887817,0.6743699312210083,-0.09208416193723679,0.8536031246185303,0.6517757177352905,-0.11873230338096619,0.8587576746940613,0.5959551930427551,-0.11000491678714752,0.8514734506607056,0.5641125440597534,-0.09886979311704636
IMG_9867.JPG,Right,0.9692543745040894,0.8350988626480103,0.52933669090271,-6.515546147056739e-07,0.8241022825241089,0.6120611429214478,-0.030616139993071556,0.7983853220939636,0.6883689761161804,-0.07158338278532028,0.7789162397384644,0.7519385814666748,-0.10489116609096527,0.7728124856948853,0.8215028047561646,-0.1370180994272232,0.8592547178268433,0.5938258171081543,-0.14569470286369324,0.7486253976821899,0.5971803665161133,-0.18516318500041962,0.7680793404579163,0.6117168664932251,-0.18594670295715332,0.8017341494560242,0.6083387732505798,-0.1799122393131256,0.8661379814147949,0.5093702673912048,-0.14343702793121338,0.7292857766151428,0.5388751029968262,-0.17931507527828217,0.7564458250999451,0.5630545020103455,-0.1599331498146057,0.7971848249435425,0.554754912853241,-0.1456756889820099,0.8526058197021484,0.44299593567848206,-0.13652735948562622,0.7266085743904114,0.48366984724998474,-0.15934334695339203,0.7574241757392883,0.505984365940094,-0.12482531368732452,0.7955898642539978,0.49631088972091675,-0.10212602466344833,0.8297520875930786,0.39650774002075195,-0.13071495294570923,0.7385909557342529,0.4364120364189148,-0.13996489346027374,0.7595129013061523,0.4537220895290375,-0.11573400348424911,0.7924277186393738,0.44530731439590454,-0.10102644562721252
508861772433841_.pic_thumb.jpg,Left,0.9167923927307129,0.40716439485549927,0.7663384079933167,-3.3452866432526207e-07,0.5414267778396606,0.7046688199043274,-0.011423257179558277,0.6150311231613159,0.6251539587974548,-0.023064078763127327,0.6620380878448486,0.5641358494758606,-0.032766081392765045,0.7195760011672974,0.5391336679458618,-0.04059465974569321,0.47776809334754944,0.5218951106071472,-0.04534187167882919,0.5220121741294861,0.5224922299385071,-0.06366576999425888,0.5366175174713135,0.5688098669052124,-0.07958429306745529,0.5242271423339844,0.6022415161132812,-0.0912933349609375,0.39483076333999634,0.531153678894043,-0.05019519850611687,0.4508422017097473,0.5472339391708374,-0.05340421199798584,0.46706241369247437,0.5849866271018982,-0.059078216552734375,0.45593494176864624,0.6095218062400818,-0.07342568784952164,0.3313170373439789,0.5621806979179382,-0.05264982581138611,0.3823547661304474,0.5783077478408813,-0.05973712354898453,0.39606422185897827,0.6081598997116089,-0.05605684593319893,0.38593557476997375,0.6280047297477722,-0.06150117143988609,0.28323662281036377,0.5960216522216797,-0.05575244873762131,0.32471466064453125,0.6055371761322021,-0.06415378302335739,0.34170159697532654,0.6320533752441406,-0.05506681278347969,0.338992714881897,0.6504641771316528,-0.050030920654535294
508921772433847_.pic.jpg,Left,0.9563941955566406,0.5068075656890869,0.7117579579353333,-5.43765168004029e-07,0.6036415100097656,0.6569622159004211,-0.0021282355301082134,0.6618054509162903,0.5983323454856873,-0.008233070373535156,0.7041954398155212,0.5517536401748657,-0.01413089968264103,0.7515934705734253,0.534268319606781,-0.02105102874338627,0.5411949157714844,0.5152599215507507,-0.03536131978034973,0.5682553052902222,0.5369410514831543,-0.03964472562074661,0.5795491933822632,0.5710533857345581,-0.047718532383441925,0.575410783290863,0.5939401388168335,-0.05575297772884369,0.46146097779273987,0.5294234752655029,-0.041044365614652634,0.49577924609184265,0.5534691214561462,-0.03142111003398895,0.5077263116836548,0.581576406955719,-0.032781776040792465,0.5035174489021301,0.6028672456741333,-0.045147042721509933,0.404124915599823,0.558788001537323,-0.04254144802689552,0.4339198172092438,0.5775980949401855,-0.03828427568078041,0.4509637951850891,0.599602222442627,-0.03791271522641182,0.4508134126663208,0.6194695234298706,-0.04657931625843048,0.35861289501190186,0.5904932022094727,-0.043893467634916306,0.3793100118637085,0.5991798639297485,-0.04517682269215584,0.40208375453948975,0.6194055676460266,-0.0387880802154541,0.4131188988685608,0.6382384300231934,-0.036604996770620346
508801772433835_.pic.jpg,Left,0.9277575612068176,0.26217758655548096,1.0042837858200073,-1.1305760949653632e-07,0.48593851923942566,0.8735827207565308,-0.014741209335625172,0.6085515022277832,0.7388697266578674,-0.03137185797095299,0.7004839181900024,0.632098376750946,-0.045038677752017975,0.792069137096405,0.5742594003677368,-0.05404392629861832,0.39025118947029114,0.5812134742736816,-0.03372877091169357,0.49428635835647583,0.5839586853981018,-0.03104032576084137,0.5145166516304016,0.6647608280181885,-0.03952106833457947,0.4914136528968811,0.7139661312103271,-0.04956435412168503,0.23920677602291107,0.6008172035217285,-0.03541960567235947,0.36311855912208557,0.6145017743110657,-0.006176680792123079,0.3971255123615265,0.6774007081985474,-0.007032711524516344,0.3755578100681305,0.7198508977890015,-0.029246913269162178,0.1201581060886383,0.6563205718994141,-0.03352578356862068,0.23278886079788208,0.6590613126754761,-0.013357831165194511,0.27066755294799805,0.7146792411804199,-0.005504199769347906,0.25578588247299194,0.7619476318359375,-0.018083294853568077,0.030800849199295044,0.7158684730529785,-0.031995438039302826,0.12253913283348083,0.7077926397323608,-0.01948215439915657,0.16541004180908203,0.7536496520042419,0.0023416895419359207,0.16881442070007324,0.7968730926513672,0.01245465874671936
509081772433864_.pic_thumb.jpg,Left,0.9751569628715515,0.10110098123550415,0.7210232019424438,1.8244888266849557e-08,0.250870943069458,0.6718992590904236,-0.046018656343221664,0.34000542759895325,0.591373085975647,-0.06224638968706131,0.4117371439933777,0.5301151871681213,-0.07046522945165634,0.48153793811798096,0.49960774183273315,-0.07231871038675308,0.15864351391792297,0.5059778690338135,-0.03133198991417885,0.27325454354286194,0.5059184432029724,-0.05270923301577568,0.3038109838962555,0.5493424534797668,-0.07581769675016403,0.2939702570438385,0.5749946236610413,-0.09118374437093735,0.08839872479438782,0.5095536708831787,-0.013345427811145782,0.20942085981369019,0.516071617603302,-0.024951113387942314,0.23911209404468536,0.552769124507904,-0.04135465249419212,0.22607421875,0.576119601726532,-0.05857759714126587,0.04804500937461853,0.5286628007888794,0.0005235571297816932,0.15575891733169556,0.5295642018318176,-0.012998783960938454,0.1852668970823288,0.5588565468788147,-0.01934409700334072,0.17706972360610962,0.5825609564781189,-0.02553381584584713,0.02417615056037903,0.5487494468688965,0.011043998412787914,0.10676854848861694,0.5415255427360535,0.001457561389543116,0.1322784423828125,0.5631272196769714,0.0030514101963490248,0.12971287965774536,0.5843430757522583,0.004808390513062477
508621772433817_.pic_thumb.jpg,Left,0.9631054997444153,0.48246124386787415,0.8191820383071899,-7.378763484666706e-07,0.6334940195083618,0.7384004592895508,0.01846831664443016,0.7165677547454834,0.6494503021240234,0.020702900364995003,0.7779271006584167,0.5861316323280334,0.016382938250899315,0.8519320487976074,0.5646093487739563,0.009792600758373737,0.5630327463150024,0.5069491267204285,-0.006774662062525749,0.5988913178443909,0.5314435362815857,-0.01261521503329277,0.6079908609390259,0.5837505459785461,-0.031166644766926765,0.6006961464881897,0.6203211545944214,-0.04711330309510231,0.44397854804992676,0.5178123116493225,-0.02470981702208519,0.48405760526657104,0.5525121092796326,-0.006953015457838774,0.4983053505420685,0.596971869468689,-0.010483558289706707,0.49377721548080444,0.6301392912864685,-0.02711520902812481,0.34909993410110474,0.555220365524292,-0.037905238568782806,0.381399929523468,0.5856998562812805,-0.02764441817998886,0.40478360652923584,0.6216906905174255,-0.028193585574626923,0.4073714017868042,0.6518598198890686,-0.040114033967256546,0.2703854441642761,0.599647581577301,-0.04972146824002266,0.30464863777160645,0.623775064945221,-0.04632169008255005,0.3345107138156891,0.6583727598190308,-0.034960925579071045,0.3457905054092407,0.6856610178947449,-0.02917962521314621
509241772433885_.pic_thumb.jpg,Left,0.9368131160736084,0.15611669421195984,0.7709512710571289,3.2903177071830214e-08,0.31780925393104553,0.7031621336936951,-0.03729778528213501,0.4139702022075653,0.6085129976272583,-0.05400213599205017,0.48316577076911926,0.5381554961204529,-0.06593304872512817,0.5635064840316772,0.5094254016876221,-0.07330174744129181,0.20972131192684174,0.5180960893630981,-0.026940129697322845,0.3232586979866028,0.5296001434326172,-0.05209726095199585,0.3542822003364563,0.575698733329773,-0.08352331072092056,0.34338507056236267,0.6009466648101807,-0.10706492513418198,0.12177583575248718,0.5353330969810486,-0.019523879513144493,0.24050767719745636,0.5494983792304993,-0.03127610310912132,0.27125394344329834,0.5868515372276306,-0.05282393842935562,0.2547428607940674,0.6091126799583435,-0.07683825492858887,0.06694713234901428,0.5711147785186768,-0.01510362047702074,0.16906684637069702,0.573768675327301,-0.02949810028076172,0.19747674465179443,0.6038975715637207,-0.03543038293719292,0.18458908796310425,0.6240900158882141,-0.044031135737895966,0.030014872550964355,0.6088407039642334,-0.013489085249602795,0.11349248886108398,0.6064321398735046,-0.022685617208480835,0.14033116400241852,0.6314589977264404,-0.016404584050178528,0.1334436684846878,0.6525744199752808,-0.01285596378147602
508651772433820_.pic_thumb.jpg,Left,0.9727085828781128,0.5235157012939453,0.90513014793396,-6.37884795651189e-07,0.6970972418785095,0.8270785808563232,0.036677878350019455,0.7839358448982239,0.7260305881500244,0.05287918448448181,0.8486950993537903,0.6455041766166687,0.06038874760270119,0.926235556602478,0.6236870884895325,0.06791561096906662,0.6554727554321289,0.553138256072998,0.034917961806058884,0.6897220015525818,0.5652774572372437,0.05226205289363861,0.6984775066375732,0.6356568932533264,0.04687158390879631,0.6901366114616394,0.6859768629074097,0.038735080510377884,0.5217344760894775,0.5575739741325378,0.015274747274816036,0.5650767087936401,0.5815960764884949,0.05611298978328705,0.5816370844841003,0.6394469738006592,0.05877238139510155,0.5756309628486633,0.680473804473877,0.04468294605612755,0.41033193469047546,0.5940457582473755,0.001647769007831812,0.44865429401397705,0.6099959015846252,0.029748601838946342,0.47454002499580383,0.6578900814056396,0.030830273404717445,0.4741223454475403,0.6969814300537109,0.017897658050060272,0.31685972213745117,0.6379693150520325,-0.008477053605020046,0.3521879017353058,0.6547646522521973,0.008756354451179504,0.38409486413002014,0.6973268389701843,0.025995619595050812,0.39159736037254333,0.7350119352340698,0.03568919375538826
508821772433837_.pic_thumb.jpg,Left,0.8894346952438354,0.3678228259086609,0.8874249458312988,-5.215501914790366e-07,0.5449036955833435,0.7896735668182373,0.0034037188161164522,0.6414496302604675,0.6765744686126709,-0.0016334315296262503,0.7030810713768005,0.5833449959754944,-0.009530146606266499,0.7806550860404968,0.5452899932861328,-0.016368331387639046,0.4740564227104187,0.5351028442382812,-0.01488807238638401,0.5383816957473755,0.5408647656440735,-0.018811332061886787,0.5451237559318542,0.6064832210540771,-0.0331156849861145,0.5238305330276489,0.6468086242675781,-0.04704877734184265,0.3460230827331543,0.5523440837860107,-0.027454568073153496,0.42307233810424805,0.56699538230896,-0.00828254409134388,0.44028693437576294,0.6189659237861633,-0.01220252551138401,0.4190237522125244,0.6517763733863831,-0.03237980976700783,0.24651509523391724,0.598625123500824,-0.036268047988414764,0.31526899337768555,0.6096441149711609,-0.0278621893376112,0.3361726701259613,0.6520847082138062,-0.023511569947004318,0.31704187393188477,0.6837305426597595,-0.0343712754547596,0.1679513156414032,0.6483224630355835,-0.044319167733192444,0.22841474413871765,0.6519285440444946,-0.040521860122680664,0.2557534873485565,0.689446747303009,-0.023293089121580124,0.25148969888687134,0.718242883682251,-0.015176498331129551
IMG_9859.JPG,Right,0.9770737290382385,0.9182621240615845,0.5708593130111694,-4.249208984674624e-07,0.8597202301025391,0.6343152523040771,-0.005750015843659639,0.8034560680389404,0.6813146471977234,-0.01999199576675892,0.7597050070762634,0.7317321300506592,-0.03316501900553703,0.7455226182937622,0.7893780469894409,-0.04419463872909546,0.7852052450180054,0.6078790426254272,-0.03847312927246094,0.7105914950370789,0.6002858877182007,-0.04470084235072136,0.7342286705970764,0.6099891066551208,-0.038042500615119934,0.7635440230369568,0.6148960590362549,-0.03203710913658142,0.790268063545227,0.5466905236244202,-0.03891783580183983,0.7115685939788818,0.5539349913597107,-0.04350392520427704,0.7328248620033264,0.5678383708000183,-0.034614574164152145,0.7586426734924316,0.5699045658111572,-0.030269576236605644,0.7982378602027893,0.49500253796577454,-0.036771636456251144,0.7200450301170349,0.5110744833946228,-0.03772120922803879,0.7414765357971191,0.522815465927124,-0.025720005854964256,0.7683331966400146,0.5239387154579163,-0.02038723975419998,0.8077046871185303,0.45551401376724243,-0.03432514891028404,0.7456851601600647,0.4741014540195465,-0.034083276987075806,0.7626445293426514,0.48818251490592957,-0.023668793961405754,0.78685462474823,0.4886762201786041,-0.01721731759607792
IMG_9871.JPG,Right,0.9990587830543518,0.8290575742721558,0.5525681972503662,1.3031967682763934e-07,0.7869216203689575,0.5285359621047974,-0.047517288476228714,0.7462781667709351,0.5177304148674011,-0.08472581952810287,0.7488754987716675,0.5322365760803223,-0.11691148579120636,0.7730746269226074,0.5601441860198975,-0.14796443283557892,0.7104014754295349,0.6547642350196838,-0.08132140338420868,0.7032432556152344,0.7438161969184875,-0.13222655653953552,0.7023354172706604,0.806641161441803,-0.16579650342464447,0.7056209444999695,0.8613033294677734,-0.18712730705738068,0.7477205991744995,0.7014252543449402,-0.0793173685669899,0.7695911526679993,0.6768023371696472,-0.13239440321922302,0.7913114428520203,0.6018241047859192,-0.14305280148983002,0.7987396121025085,0.5588494539260864,-0.1425340324640274,0.7906519770622253,0.7187784314155579,-0.08175648003816605,0.8195550441741943,0.6721614003181458,-0.12647713720798492,0.8293266296386719,0.6040546894073486,-0.11690174043178558,0.8258035182952881,0.5689604878425598,-0.1024944856762886,0.8310503959655762,0.7206018567085266,-0.08954907208681107,0.8532465696334839,0.682780921459198,-0.12022842466831207,0.8577378392219543,0.6243115663528442,-0.11402437090873718,0.8504217863082886,0.5940527319908142,-0.10302127152681351
IMG_9865.JPG,Right,0.987958550453186,0.8661562204360962,0.5018090009689331,-5.435533125819347e-07,0.8342406749725342,0.5796492099761963,-0.018660858273506165,0.7884966135025024,0.6465685367584229,-0.04519500210881233,0.7574594020843506,0.7159415483474731,-0.06711273640394211,0.7567137479782104,0.7813417911529541,-0.0867256373167038,0.7978023290634155,0.5553998947143555,-0.08923045545816422,0.693812370300293,0.5746551752090454,-0.11194998770952225,0.717159628868103,0.5843830108642578,-0.10701726377010345,0.7478980422019958,0.5776807069778442,-0.09871414303779602,0.7938517928123474,0.48228028416633606,-0.08731025457382202,0.6838026642799377,0.5252860188484192,-0.106192946434021,0.7078114748001099,0.5411472916603088,-0.09180356562137604,0.7391875386238098,0.5322046875953674,-0.08205510675907135,0.7841537594795227,0.4251149892807007,-0.08213869482278824,0.6795218586921692,0.47880819439888,-0.09259340167045593,0.7057385444641113,0.4923632740974426,-0.0697750672698021,0.736221969127655,0.4826277196407318,-0.05610759183764458,0.770025908946991,0.3846515715122223,-0.0772135853767395,0.6916964054107666,0.4308120608329773,-0.07958625257015228,0.7115818858146667,0.44581329822540283,-0.06272850930690765,0.737308144569397,0.43837785720825195,-0.05294015258550644
509211772433881_.pic.jpg,Left,0.9451494216918945,0.1465916782617569,0.3509840965270996,-1.875708903753548e-07,0.31085115671157837,0.3195091485977173,-0.02956247888505459,0.4129389226436615,0.2644829750061035,-0.04594085365533829,0.48828360438346863,0.22656068205833435,-0.05518321692943573,0.5591902732849121,0.2141425907611847,-0.061124399304389954,0.25698035955429077,0.10955842584371567,-0.059578828513622284,0.3315364420413971,0.14777041971683502,-0.059120506048202515,0.34182772040367126,0.20239518582820892,-0.06460275501012802,0.3224720060825348,0.23186767101287842,-0.07377417385578156,0.15050117671489716,0.11815135180950165,-0.05199972912669182,0.24020400643348694,0.15668724477291107,-0.033913590013980865,0.2537059187889099,0.20025724172592163,-0.035119399428367615,0.2321087121963501,0.22648847103118896,-0.052772291004657745,0.07460996508598328,0.15587468445301056,-0.04137129336595535,0.15012992918491364,0.17721565067768097,-0.03351747617125511,0.17184413969516754,0.21203535795211792,-0.03387599065899849,0.15763868391513824,0.23749560117721558,-0.04728773236274719,0.01934748888015747,0.19737893342971802,-0.031997766345739365,0.07870148122310638,0.21285401284694672,-0.03083443082869053,0.10302302241325378,0.24136361479759216,-0.0230986587703228,0.10090914368629456,0.2626206874847412,-0.023275336250662804
IMG_9864.JPG,Right,0.9779406785964966,0.8505024313926697,0.5082325339317322,-3.988951959854603e-07,0.8043683171272278,0.5856835246086121,-0.011376092210412025,0.7586016058921814,0.6481155157089233,-0.0313713476061821,0.7265744209289551,0.7107213735580444,-0.04917709156870842,0.721078097820282,0.7732731103897095,-0.06502438336610794,0.7232280969619751,0.5603956580162048,-0.048642296344041824,0.6569473147392273,0.5829442143440247,-0.055310215801000595,0.6859691739082336,0.590242862701416,-0.0496235229074955,0.7167759537696838,0.5895867347717285,-0.044724974781274796,0.7197465300559998,0.4987074136734009,-0.04653363302350044,0.6564399003982544,0.5361012816429138,-0.04832455515861511,0.6800689101219177,0.5484400391578674,-0.039896201342344284,0.7034035921096802,0.5435959100723267,-0.038005929440259933,0.720611572265625,0.44909659028053284,-0.041474830359220505,0.6585143208503723,0.49284470081329346,-0.03942375257611275,0.680749237537384,0.5033936500549316,-0.02813422679901123,0.7054678797721863,0.4990801215171814,-0.025247767567634583,0.7234365940093994,0.4130544364452362,-0.03676709905266762,0.6711214780807495,0.45099538564682007,-0.034214481711387634,0.6899895071983337,0.46403422951698303,-0.023131251335144043,0.712419867515564,0.4608161449432373,-0.016817668452858925
IMG_9870.JPG,Right,0.9991142749786377,0.8319984078407288,0.5212465524673462,9.600265116205264e-08,0.7870879769325256,0.495696097612381,-0.04339326545596123,0.7429913282394409,0.48555973172187805,-0.07653461396694183,0.7469688057899475,0.5006904602050781,-0.10530751943588257,0.7753345370292664,0.5264647006988525,-0.13258226215839386,0.7082237005233765,0.6183974146842957,-0.07325488328933716,0.6999277472496033,0.7016791701316833,-0.12356239557266235,0.7021080255508423,0.76165771484375,-0.1582799255847931,0.7080706357955933,0.8185309767723083,-0.18020883202552795,0.7456341981887817,0.664242684841156,-0.07238096743822098,0.7641741037368774,0.6387600302696228,-0.1228904128074646,0.7860335111618042,0.5629557371139526,-0.13510143756866455,0.7952039837837219,0.5189164280891418,-0.13666868209838867,0.7872549891471863,0.6818788051605225,-0.07587645947933197,0.8149089217185974,0.6361351609230042,-0.11648378521203995,0.8256744146347046,0.5668261051177979,-0.10729583352804184,0.8237414360046387,0.5288123488426208,-0.09403376281261444,0.82648766040802,0.683382511138916,-0.08482138067483902,0.8499171137809753,0.6465121507644653,-0.11165180802345276,0.854555606842041,0.589284360408783,-0.10553524643182755,0.8482444882392883,0.5574135780334473,-0.09541407972574234
509071772433863_.pic.jpg,Left,0.97553551197052,0.138614222407341,0.8061054944992065,9.551816759767462e-08,0.2903984785079956,0.7323480844497681,-0.06023596599698067,0.37523728609085083,0.6383777856826782,-0.07710772752761841,0.44782140851020813,0.566204309463501,-0.07979030162096024,0.5189768075942993,0.5298716425895691,-0.07412264496088028,0.16147705912590027,0.5566809177398682,-0.03696112707257271,0.30807456374168396,0.5668779611587524,-0.04430936649441719,0.351581335067749,0.6180263757705688,-0.05665862560272217,0.3468576967716217,0.6481868028640747,-0.06508108228445053,0.09436222910881042,0.5679978728294373,-0.004761892836540937,0.25778546929359436,0.5891496539115906,-0.006363685242831707,0.30002695322036743,0.6355484127998352,-0.022829663008451462,0.2914987802505493,0.6675466895103455,-0.04056904837489128,0.061863839626312256,0.5970088839530945,0.024347350001335144,0.2014651596546173,0.6103870272636414,0.0204207431524992,0.24691921472549438,0.6478347778320312,0.008419492281973362,0.24483758211135864,0.6800535321235657,-0.002907217713072896,0.04222764074802399,0.6248517036437988,0.049685120582580566,0.14523091912269592,0.6218973398208618,0.04317532107234001,0.1836310625076294,0.6456015706062317,0.03928719088435173,0.18796893954277039,0.6705590486526489,0.0374065525829792
IMG_9858.JPG,Right,0.9638646245002747,0.8867748975753784,0.5658076405525208,-3.721078201124328e-07,0.830758273601532,0.6342294812202454,-0.006742598954588175,0.7729271054267883,0.6845791935920715,-0.020693525671958923,0.7305998206138611,0.7356497645378113,-0.033821940422058105,0.7203496098518372,0.7931251525878906,-0.045034363865852356,0.7466497421264648,0.6064862012863159,-0.03300494700670242,0.6837698817253113,0.6024566292762756,-0.03657060116529465,0.7079728245735168,0.6090023517608643,-0.030315978452563286,0.7359866499900818,0.6136239767074585,-0.025441188365221024,0.7496767640113831,0.5472666621208191,-0.0335402674973011,0.6875638365745544,0.5551325678825378,-0.03276582062244415,0.7089563012123108,0.5674759745597839,-0.02466653473675251,0.7329110503196716,0.5688350796699524,-0.02249227650463581,0.7573198080062866,0.49674108624458313,-0.03201178461313248,0.6947990655899048,0.5127418041229248,-0.027552351355552673,0.7155953049659729,0.5236764550209045,-0.01719149760901928,0.7406865954399109,0.5255810022354126,-0.01475525926798582,0.7682133913040161,0.4576297402381897,-0.03088688850402832,0.7172598242759705,0.47513413429260254,-0.0259830504655838,0.7335856556892395,0.48759204149246216,-0.015550951473414898,0.7548311948776245,0.4894464313983917,-0.010096993297338486
508951772433850_.pic_thumb.jpg,Left,0.917500376701355,0.6374847292900085,0.4891761541366577,-4.633175194612704e-07,0.7466524839401245,0.46547067165374756,0.0004802560724783689,0.8229507803916931,0.41889798641204834,-0.0030321734957396984,0.8769134879112244,0.3853012025356293,-0.01024595182389021,0.9328216314315796,0.37532055377960205,-0.018409254029393196,0.7408127188682556,0.30568644404411316,0.0034257660154253244,0.7364293336868286,0.32356542348861694,-0.0010431167902424932,0.737330436706543,0.3600398302078247,-0.01758911833167076,0.736183226108551,0.3831479549407959,-0.03158656880259514,0.6649519205093384,0.305866539478302,-0.006586743053048849,0.6704339981079102,0.3318095803260803,0.0015659058699384332,0.6766805052757263,0.36390209197998047,-0.009372957982122898,0.679919958114624,0.38501399755477905,-0.025222238153219223,0.6010318398475647,0.32369285821914673,-0.014880228787660599,0.6128047704696655,0.3471539318561554,-0.012563321739435196,0.6236928701400757,0.37388846278190613,-0.015822501853108406,0.6288396120071411,0.39197972416877747,-0.024079252034425735,0.5475494861602783,0.3454458713531494,-0.023693954572081566,0.562664270401001,0.36797571182250977,-0.020957814529538155,0.5751016139984131,0.3932552933692932,-0.01058514229953289,0.5803102254867554,0.4097146689891815,-0.004446243867278099
509021772433857_.pic_thumb.jpg,Left,0.9822307825088501,0.6274480223655701,0.7842364311218262,-5.700921974494122e-07,0.7623007297515869,0.7282167673110962,-0.0087632080540061,0.8378931879997253,0.6520939469337463,-0.019831862300634384,0.8793932795524597,0.5855246186256409,-0.029401293024420738,0.9369573593139648,0.5581889152526855,-0.0386328250169754,0.7041550874710083,0.540053129196167,-0.04350648820400238,0.7383578419685364,0.5542387366294861,-0.05863595008850098,0.7458932399749756,0.5991279482841492,-0.07781459391117096,0.734352171421051,0.6279647946357727,-0.09270370751619339,0.6119654774665833,0.5466693639755249,-0.046499092131853104,0.6519207954406738,0.5674271583557129,-0.04385415464639664,0.6653194427490234,0.6057876944541931,-0.04925193265080452,0.6567124128341675,0.6328469514846802,-0.06407458335161209,0.5420929193496704,0.5719760656356812,-0.045872628688812256,0.5735360980033875,0.5881019234657288,-0.045004479587078094,0.5914316773414612,0.6195873022079468,-0.04225687310099602,0.5887078642845154,0.6474179625511169,-0.04918729513883591,0.48613494634628296,0.5999047756195068,-0.04564495384693146,0.5120324492454529,0.6110793352127075,-0.04723755270242691,0.5324831008911133,0.6399145722389221,-0.037522703409194946,0.5390334129333496,0.6651434302330017,-0.03206144645810127
508941772433849_.pic_thumb.jpg,Left,0.9613430500030518,0.6631668210029602,0.5841783881187439,-4.784911880051368e-07,0.762586772441864,0.543509304523468,-0.009043351747095585,0.8338906764984131,0.4905606210231781,-0.02225758135318756,0.8864686489105225,0.4480527639389038,-0.0364147424697876,0.9391075372695923,0.43168482184410095,-0.051391612738370895,0.7311382293701172,0.39019110798835754,-0.02749028615653515,0.737410306930542,0.41113075613975525,-0.043529994785785675,0.7380197048187256,0.4467512369155884,-0.06573299318552017,0.7311853170394897,0.4672269821166992,-0.08324974775314331,0.6547098755836487,0.3946381211280823,-0.03583467751741409,0.6696779727935791,0.42043831944465637,-0.03827724605798721,0.6771339774131775,0.45240655541419983,-0.049074504524469376,0.6728646159172058,0.4726138710975647,-0.06504084169864655,0.5930435657501221,0.41559234261512756,-0.042295001447200775,0.6115024089813232,0.43348830938339233,-0.04783276095986366,0.6231440305709839,0.46101635694503784,-0.04744947701692581,0.6221835613250732,0.48083966970443726,-0.05285594239830971,0.5428268909454346,0.4400319457054138,-0.04984055459499359,0.5652341842651367,0.45377078652381897,-0.05486524477601051,0.5780661702156067,0.48003244400024414,-0.044682200998067856,0.5793806314468384,0.4977875351905823,-0.03776887059211731
508771772433832_.pic_thumb.jpg,Left,0.915367841720581,0.30242112278938293,0.9604679346084595,-3.7793512319694855e-07,0.5546761751174927,0.8528903722763062,-0.014267586171627045,0.6884475946426392,0.7026934623718262,-0.02135941945016384,0.7780972719192505,0.6011600494384766,-0.024944283068180084,0.8715250492095947,0.5642577409744263,-0.02622845582664013,0.46111851930618286,0.5528198480606079,-0.04995163157582283,0.5417328476905823,0.5818019509315491,-0.06390506774187088,0.5572071671485901,0.6583713293075562,-0.08592110127210617,0.5395156741142273,0.6951808333396912,-0.10743948072195053,0.3130996525287628,0.5710152983665466,-0.055613406002521515,0.41003429889678955,0.6197591423988342,-0.03925074636936188,0.4357726573944092,0.6857786774635315,-0.042941801249980927,0.4109882712364197,0.7153913378715515,-0.06981644034385681,0.19871094822883606,0.6257337927818298,-0.058226171880960464,0.28466635942459106,0.6610346436500549,-0.055324748158454895,0.3120719790458679,0.716172993183136,-0.046073272824287415,0.29005059599876404,0.7459842562675476,-0.057175133377313614,0.11029747128486633,0.6847127676010132,-0.06141391023993492,0.18153974413871765,0.6985496282577515,-0.06244327500462532,0.20961928367614746,0.7420015931129456,-0.04297375679016113,0.1974843144416809,0.7687597274780273,-0.035793714225292206
508701772433825_.pic.jpg,Left,0.9590266346931458,0.2557748854160309,1.0059130191802979,-5.824492177453067e-07,0.43947160243988037,0.8800353407859802,0.021985135972499847,0.536068856716156,0.7566858530044556,0.028768202289938927,0.6039286851882935,0.6627314686775208,0.03119642660021782,0.6727765798568726,0.6078174114227295,0.035167623311281204,0.3349050283432007,0.6094508171081543,0.008756740018725395,0.3972448706626892,0.6128832697868347,0.016652321442961693,0.41696861386299133,0.6783711314201355,0.0068865143693983555,0.40564125776290894,0.7228142023086548,-0.003446215996518731,0.19727428257465363,0.6350027322769165,-0.007142709568142891,0.27836742997169495,0.6406341791152954,0.02542414516210556,0.30069851875305176,0.6924997568130493,0.02470933087170124,0.28297561407089233,0.7337536811828613,0.005780802108347416,0.09279662370681763,0.6899375319480896,-0.017422163859009743,0.16419297456741333,0.6834226846694946,0.007801246363669634,0.19231978058815002,0.7266149520874023,0.01671387441456318,0.1830514669418335,0.7684313058853149,0.00664185918867588,0.011001050472259521,0.7485121488571167,-0.025427628308534622,0.0678473711013794,0.732082188129425,-0.007062359247356653,0.09973613917827606,0.7693393230438232,0.019406842067837715,0.10262300074100494,0.8063206672668457,0.03379499539732933
509051772433860_.pic_thumb.jpg,Left,0.9146575331687927,0.3914482891559601,0.8236653804779053,-2.81878129726465e-07,0.5514159202575684,0.7607440948486328,-0.023543544113636017,0.6509913206100464,0.680745542049408,-0.0400235578417778,0.7109163403511047,0.6201490163803101,-0.054489802569150925,0.7759013175964355,0.5919481515884399,-0.06667020171880722,0.4818558096885681,0.5724160075187683,-0.03214700520038605,0.5616006255149841,0.5957144498825073,-0.05874389410018921,0.5753307938575745,0.6398997902870178,-0.09259095788002014,0.5532751083374023,0.6634315252304077,-0.11848579347133636,0.3815919756889343,0.5827045440673828,-0.03483900427818298,0.4644230008125305,0.6041932106018066,-0.04910854250192642,0.4812767505645752,0.642987072467804,-0.06990262866020203,0.4565841257572174,0.6654732823371887,-0.0929516926407814,0.30964332818984985,0.6133274435997009,-0.03792983666062355,0.38167306780815125,0.6195476055145264,-0.05251726508140564,0.3998168706893921,0.6516366004943848,-0.05368896201252937,0.3829677104949951,0.6731031537055969,-0.0596810020506382,0.2564150094985962,0.6486048698425293,-0.04284928739070892,0.3217899203300476,0.651373028755188,-0.05297855660319328,0.34301334619522095,0.6795113682746887,-0.042642246931791306,0.3356170058250427,0.6998941898345947,-0.03564966097474098
IMG_9874.JPG,Right,0.9983159899711609,0.8270319104194641,0.508242666721344,1.0541706529920702e-07,0.7827335000038147,0.477458119392395,-0.03674668073654175,0.738349199295044,0.4644930958747864,-0.06724214553833008,0.7400988340377808,0.4777850806713104,-0.09519315510988235,0.7668792605400085,0.5018521547317505,-0.12134919315576553,0.6998513340950012,0.5893847346305847,-0.0633610337972641,0.694977343082428,0.6728377938270569,-0.1142239198088646,0.6979615092277527,0.7328323721885681,-0.1479768007993698,0.7014326453208923,0.7888755798339844,-0.16911691427230835,0.7418246865272522,0.6294558644294739,-0.06654433906078339,0.7507845759391785,0.6197783946990967,-0.11992861330509186,0.7769410610198975,0.5432767271995544,-0.13182441890239716,0.7880911827087402,0.501671552658081,-0.13235698640346527,0.7846964001655579,0.6445866823196411,-0.07404841482639313,0.8018990159034729,0.6137130856513977,-0.11741814762353897,0.8146266937255859,0.5432155132293701,-0.10448536276817322,0.8146066665649414,0.5080080628395081,-0.08807622641324997,0.8234301805496216,0.6449864506721497,-0.0862017348408699,0.840118944644928,0.6205885410308838,-0.1144988089799881,0.8454839587211609,0.5671243071556091,-0.10619533807039261,0.8381794095039368,0.5390389561653137,-0.09455986320972443
508931772433848_.pic.jpg,Left,0.9834709763526917,0.6453605890274048,0.6208267211914062,-5.069398412160808e-07,0.7423616647720337,0.5785447359085083,-0.006414828356355429,0.8045421838760376,0.5281492471694946,-0.014800244010984898,0.8565831780433655,0.48352253437042236,-0.02188807539641857,0.9080897569656372,0.4614947438240051,-0.029351599514484406,0.6922550201416016,0.4353163540363312,-0.029830634593963623,0.7171666026115417,0.4555937647819519,-0.02764989249408245,0.7240620255470276,0.4878651201725006,-0.03166341409087181,0.7175318002700806,0.5094578862190247,-0.0374617725610733,0.617821455001831,0.44198065996170044,-0.03283973038196564,0.644638180732727,0.46637991070747375,-0.018178191035985947,0.6548207402229309,0.49561911821365356,-0.019296562299132347,0.650963544845581,0.5167217254638672,-0.03180360049009323,0.5591415762901306,0.46413105726242065,-0.03182042017579079,0.5809667706489563,0.4777233302593231,-0.02352222613990307,0.593265175819397,0.5046207904815674,-0.02111666277050972,0.5923348665237427,0.527571976184845,-0.02886105142533779,0.5112097263336182,0.488539457321167,-0.030670547857880592,0.518081545829773,0.48968780040740967,-0.02690534107387066,0.5302307605743408,0.5096874237060547,-0.015666600316762924,0.5343741178512573,0.5285813212394714,-0.010235795751214027
IMG_9860.JPG,Right,0.9722815752029419,0.8674317598342896,0.6050882935523987,-5.982896595924103e-07,0.7945458292961121,0.6578715443611145,0.005098420660942793,0.7277830839157104,0.6822076439857483,-0.000695215945597738,0.6760258078575134,0.7059155702590942,-0.008421983569860458,0.6525713205337524,0.7541013360023499,-0.01612870767712593,0.6891099810600281,0.57962965965271,-0.006506067700684071,0.6566331386566162,0.5714110136032104,0.0002671647525858134,0.6784241199493408,0.5916153192520142,0.006487319245934486,0.701011061668396,0.6082730889320374,0.009333455935120583,0.7040479183197021,0.5271514654159546,-0.010728832334280014,0.6748429536819458,0.5370858907699585,0.005681307055056095,0.6926363706588745,0.5605673789978027,0.013132739812135696,0.7136756777763367,0.5729146003723145,0.011289598420262337,0.7283203601837158,0.48793885111808777,-0.012418443337082863,0.6969617009162903,0.5055578947067261,0.004423645790666342,0.7127960920333862,0.5282922387123108,0.010250112973153591,0.7346709966659546,0.54570072889328,0.006479696836322546,0.7552346587181091,0.45672130584716797,-0.014066146686673164,0.7278058528900146,0.4767199158668518,0.0020587127655744553,0.7371357083320618,0.5000795722007751,0.012854808010160923,0.7521132826805115,0.5178183913230896,0.016747457906603813
IMG_9848.JPG,Right,0.997114896774292,0.8335719704627991,0.5195358991622925,1.0598822086649307e-07,0.7890329360961914,0.5057433843612671,-0.029672492295503616,0.7419803142547607,0.5058716535568237,-0.05638759210705757,0.7392503619194031,0.5092105865478516,-0.08212985843420029,0.771183967590332,0.511215329170227,-0.1070525050163269,0.7387582063674927,0.632804274559021,-0.05624377354979515,0.7379849553108215,0.7056314945220947,-0.0964708924293518,0.7437469363212585,0.7521028518676758,-0.12080156058073044,0.7499212622642517,0.796644926071167,-0.13676485419273376,0.785554051399231,0.6673464179039001,-0.06201975792646408,0.7910812497138977,0.6328903436660767,-0.10294497758150101,0.7958558797836304,0.5603086948394775,-0.10849305987358093,0.7917341589927673,0.5329640507698059,-0.10682898014783859,0.8314313292503357,0.6652993559837341,-0.07094574719667435,0.8358889818191528,0.6099523305892944,-0.10663741081953049,0.8299921751022339,0.547348141670227,-0.09484600275754929,0.819884717464447,0.5278829336166382,-0.0809566006064415,0.8718003630638123,0.6462539434432983,-0.08379340171813965,0.8721224665641785,0.5982768535614014,-0.10660430043935776,0.8647452592849731,0.5514898896217346,-0.09774906933307648,0.8543429374694824,0.5368708372116089,-0.08672179281711578
508981772433853_.pic_thumb.jpg,Left,0.9235059022903442,0.5886451005935669,0.4187442362308502,-5.373291287469328e-07,0.7147407531738281,0.4032180905342102,-0.003026136662811041,0.8040997982025146,0.3565431535243988,-0.010974390432238579,0.8684773445129395,0.3202911913394928,-0.021283000707626343,0.9286266565322876,0.30850014090538025,-0.03146075829863548,0.7430054545402527,0.22719116508960724,-0.011167424730956554,0.7499188780784607,0.24542564153671265,-0.020792603492736816,0.7455219626426697,0.2867675721645355,-0.038714148104190826,0.7357245087623596,0.3121817708015442,-0.05358675494790077,0.6630834937095642,0.22347018122673035,-0.0213969387114048,0.6772482395172119,0.2528797686100006,-0.017051897943019867,0.6782050728797913,0.28968745470046997,-0.028688669204711914,0.6703070998191833,0.3110896348953247,-0.04571282118558884,0.5909217000007629,0.24010129272937775,-0.029581906273961067,0.6109287738800049,0.26625919342041016,-0.03046851046383381,0.61770099401474,0.29523780941963196,-0.03339244797825813,0.611965537071228,0.3126377463340759,-0.04189084842801094,0.531299889087677,0.2620486617088318,-0.038105472922325134,0.5542621612548828,0.28708067536354065,-0.037168946117162704,0.5617983341217041,0.314430296421051,-0.02627752535045147,0.5576475262641907,0.33008214831352234,-0.019933680072426796
508871772433842_.pic_thumb.jpg,Left,0.9481561183929443,0.45731157064437866,0.7656944394111633,-4.389831929074717e-07,0.5708401799201965,0.7076682448387146,-0.0044657220132648945,0.6342563629150391,0.6361229419708252,-0.013641584664583206,0.6722440719604492,0.580536961555481,-0.023916073143482208,0.7197704315185547,0.551718533039093,-0.03348089009523392,0.5120893716812134,0.5466299653053284,-0.02781677432358265,0.5488345623016357,0.554082453250885,-0.04762042313814163,0.5615003108978271,0.5967864990234375,-0.07024159282445908,0.5537875294685364,0.6255899667739868,-0.08646942675113678,0.4311704635620117,0.5564443469047546,-0.036010462790727615,0.475478857755661,0.5669598579406738,-0.041586942970752716,0.4887184202671051,0.6024143695831299,-0.04964734613895416,0.47743871808052063,0.6271660923957825,-0.0626935139298439,0.3691844642162323,0.5830729603767395,-0.04237174242734909,0.40884557366371155,0.5914648771286011,-0.04767334833741188,0.4251233637332916,0.6203739047050476,-0.04248342663049698,0.41924190521240234,0.6426555514335632,-0.04479597881436348,0.32117974758148193,0.6128777861595154,-0.049284644424915314,0.3582175374031067,0.6221921443939209,-0.0513802133500576,0.3776877522468567,0.6468116044998169,-0.03828997537493706,0.3787568211555481,0.666244626045227,-0.02986801415681839
IMG_9849.JPG,Right,0.9884150624275208,0.9213407635688782,0.5981878638267517,-3.1726949600852095e-07,0.8605779409408569,0.6618584990501404,-0.004902237560600042,0.7947569489479065,0.7003329396247864,-0.01973949372768402,0.739757239818573,0.7428149580955505,-0.032896511256694794,0.717500627040863,0.7992193698883057,-0.04348312318325043,0.7854902744293213,0.6493328213691711,-0.04741976410150528,0.7004595398902893,0.6137151122093201,-0.05276273563504219,0.7223913073539734,0.6170885562896729,-0.04218645393848419,0.7494553923606873,0.6234445571899414,-0.03325582668185234,0.796485960483551,0.5863646268844604,-0.0496479868888855,0.7077047824859619,0.5609458088874817,-0.050314560532569885,0.7281165719032288,0.5724623203277588,-0.03687559440732002,0.75384920835495,0.5800566077232361,-0.02993989735841751,0.809344470500946,0.528752326965332,-0.04881935939192772,0.7213287353515625,0.5129474997520447,-0.045024339109659195,0.7431125044822693,0.525314450263977,-0.029193002730607986,0.7706103324890137,0.533118486404419,-0.02265310473740101,0.8236024379730225,0.481992244720459,-0.04773605987429619,0.7545067667961121,0.4754912257194519,-0.044893983751535416,0.766526460647583,0.4885271191596985,-0.0330359973013401,0.7876090407371521,0.4958786964416504,-0.026372738182544708
IMG_9861.JPG,Right,0.9849522709846497,0.81694495677948,0.5964004993438721,-4.7170223638204334e-07,0.7509396076202393,0.6432366967201233,0.004656147677451372,0.6902998685836792,0.6591293811798096,-0.0015578782185912132,0.6437662839889526,0.6752954721450806,-0.010186427272856236,0.6206617951393127,0.7175045013427734,-0.018935536965727806,0.6396298408508301,0.5584747195243835,-0.009835919365286827,0.6097185611724854,0.5221835374832153,-0.005468976683914661,0.6321726441383362,0.5340738892555237,-0.0005389712750911713,0.6515823006629944,0.5474428534507751,0.0011934799840673804,0.6556442975997925,0.5079028010368347,-0.01612505316734314,0.6377519369125366,0.4978271722793579,-0.005227691028267145,0.6621353626251221,0.5203484296798706,0.0013180795358493924,0.6850582957267761,0.5367235541343689,0.001278907060623169,0.6843230724334717,0.47119709849357605,-0.02030346728861332,0.6704694032669067,0.4774775505065918,-0.008803046308457851,0.6914440393447876,0.49925434589385986,-0.0034515142906457186,0.712073802947998,0.5202015042304993,-0.005649315658956766,0.7150883078575134,0.44224101305007935,-0.02469482831656933,0.7083447575569153,0.4566858410835266,-0.013487162068486214,0.7232899069786072,0.47988757491111755,-0.005769224371761084,0.7378342151641846,0.49810197949409485,-0.0027830007020384073
IMG_9875.JPG,Right,0.999068558216095,0.8203008770942688,0.5574369430541992,1.5509502304666967e-07,0.7787874341011047,0.5301473736763,-0.034782446920871735,0.7376808524131775,0.5290335416793823,-0.05886276438832283,0.7387181520462036,0.558740496635437,-0.07985829561948776,0.7641641497612,0.5914984345436096,-0.09865490347146988,0.6999679803848267,0.6450327634811401,-0.05290127545595169,0.6891981959342957,0.7259474396705627,-0.09412036836147308,0.6863150000572205,0.7842653393745422,-0.1221434623003006,0.6829763650894165,0.8356145620346069,-0.14069968461990356,0.7350724339485168,0.6853147149085999,-0.053026530891656876,0.7534571290016174,0.6734998226165771,-0.09489353746175766,0.7767869830131531,0.6102015972137451,-0.10376083105802536,0.7820270657539368,0.5766361951828003,-0.10387766361236572,0.7747420072555542,0.6996394991874695,-0.05743958801031113,0.8020844459533691,0.6671321392059326,-0.09161464869976044,0.8116629123687744,0.6105589866638184,-0.08205293864011765,0.8056413531303406,0.5858365893363953,-0.06967294216156006,0.8124870657920837,0.7003868818283081,-0.06640861928462982,0.8332976698875427,0.6701674461364746,-0.08809905499219894,0.8367568850517273,0.6251866221427917,-0.08143194764852524,0.8269304633140564,0.6042286157608032,-0.07202775776386261
509001772433855_.pic.jpg,Left,0.9546990990638733,0.6707905530929565,0.5215831995010376,-5.666718152497197e-07,0.774040162563324,0.48268628120422363,0.006913707125931978,0.8501806259155273,0.4343264698982239,0.004629907198250294,0.9116177558898926,0.397324800491333,0.000645390129648149,0.9672097563743591,0.38894930481910706,-0.004437804687768221,0.7686177492141724,0.30617010593414307,-0.01666628010571003,0.7707293033599854,0.33679962158203125,-0.010544871911406517,0.7697629928588867,0.37510934472084045,-0.014498344622552395,0.7648681998252869,0.39755377173423767,-0.021368687972426414,0.6804757118225098,0.3056306838989258,-0.026474595069885254,0.6913084387779236,0.33980146050453186,-0.006162082776427269,0.6953089237213135,0.37271648645401,-0.0074080247431993484,0.693153440952301,0.39478799700737,-0.02168428525328636,0.6049604415893555,0.3256925046443939,-0.031094012781977654,0.6167752742767334,0.35145968198776245,-0.01961081475019455,0.6310215592384338,0.3803212642669678,-0.021396178752183914,0.6336451768875122,0.4030907154083252,-0.03337886929512024,0.5388263463973999,0.34977829456329346,-0.03470757231116295,0.5499989986419678,0.36731594800949097,-0.0296330489218235,0.5709351301193237,0.39291033148765564,-0.02126164175570011,0.5827333927154541,0.41340625286102295,-0.01873508282005787
509211772433881_.pic_thumb.jpg,Left,0.9171701669692993,0.13813714683055878,0.34986692667007446,-2.3871851340118155e-07,0.30154773592948914,0.32017993927001953,-0.029748966917395592,0.41044190526008606,0.26225578784942627,-0.04949875921010971,0.48179709911346436,0.22519588470458984,-0.06491327285766602,0.5538147687911987,0.21451029181480408,-0.07838763296604156,0.2585832476615906,0.10679826140403748,-0.05663490295410156,0.327839195728302,0.14822514355182648,-0.07511813938617706,0.33891844749450684,0.20221763849258423,-0.09921681880950928,0.31936582922935486,0.22961178421974182,-0.12016040831804276,0.15033021569252014,0.11699327081441879,-0.05620961636304855,0.22688566148281097,0.15617235004901886,-0.05481506884098053,0.24251969158649445,0.1988438069820404,-0.06499180197715759,0.22334912419319153,0.2201099395751953,-0.0873357355594635,0.06983064115047455,0.15365462005138397,-0.055180083960294724,0.13828466832637787,0.17780500650405884,-0.06433794647455215,0.158681258559227,0.21211524307727814,-0.06708242744207382,0.14652888476848602,0.23122043907642365,-0.0789039134979248,0.011917531490325928,0.19425329566001892,-0.05559052154421806,0.0715344250202179,0.21214717626571655,-0.06598806381225586,0.09457165002822876,0.2421875149011612,-0.058843035250902176,0.09167931973934174,0.2614220976829529,-0.05764945223927498
508681772433823_.pic_thumb.jpg,Left,0.9622284770011902,0.39014437794685364,0.985278844833374,-6.945217592146946e-07,0.6046527624130249,0.9015252590179443,0.03130422160029411,0.708593487739563,0.790155291557312,0.03831101208925247,0.7703219056129456,0.7009657621383667,0.0390021950006485,0.8478319644927979,0.6678255796432495,0.03962456062436104,0.5605663657188416,0.6232116222381592,0.002495385939255357,0.6050956845283508,0.609568178653717,0.007120639085769653,0.6128055453300476,0.6769426465034485,-0.002058601239696145,0.5973153114318848,0.7275904417037964,-0.01017789077013731,0.4232121407985687,0.6253588199615479,-0.015557008795440197,0.4854682385921478,0.6167612671852112,0.021499760448932648,0.4964835047721863,0.6676471829414368,0.03131415322422981,0.4770839810371399,0.7101424932479858,0.01956160180270672,0.30925992131233215,0.6579205989837646,-0.027035849168896675,0.36852729320526123,0.6482987403869629,0.0029849617276340723,0.3863350749015808,0.6924760937690735,0.019063401967287064,0.37440869212150574,0.7350360155105591,0.012801231816411018,0.21679851412773132,0.7006307244300842,-0.03561122342944145,0.2677203118801117,0.6906477212905884,-0.010695746168494225,0.29205796122550964,0.7283481955528259,0.019064512103796005,0.2896118462085724,0.7639341950416565,0.034464482218027115
509251772433886_.pic_thumb.jpg,Left,0.9461086988449097,0.19171763956546783,0.8237711191177368,1.8467678941647137e-08,0.3499659597873688,0.7409968376159668,-0.0440828762948513,0.43723535537719727,0.6361557245254517,-0.0664595365524292,0.5062699317932129,0.5648855566978455,-0.08162615448236465,0.5877591371536255,0.5334846377372742,-0.09151183068752289,0.21316270530223846,0.5502995848655701,-0.048767540603876114,0.343849241733551,0.5478087067604065,-0.07475961744785309,0.38104286789894104,0.5942918062210083,-0.10386740416288376,0.36814674735069275,0.626250684261322,-0.12585987150669098,0.12202949821949005,0.575751781463623,-0.03855808079242706,0.2621968388557434,0.5723722577095032,-0.048777349293231964,0.2975431978702545,0.6053016781806946,-0.06524045020341873,0.2800637185573578,0.6319555044174194,-0.08701222389936447,0.07005047798156738,0.6190536022186279,-0.030960513278841972,0.18775013089179993,0.6061817407608032,-0.04296933859586716,0.22364823520183563,0.6316978931427002,-0.04696330428123474,0.21417370438575745,0.6559420824050903,-0.05601296201348305,0.03903834521770477,0.66424560546875,-0.02668064832687378,0.13365858793258667,0.6517181992530823,-0.03428883105516434,0.16717642545700073,0.6712695360183716,-0.028726933524012566,0.16533035039901733,0.6920743584632874,-0.027108967304229736
508911772433846_.pic.jpg,Left,0.9604503512382507,0.6186436414718628,0.6503332853317261,-5.645886176353088e-07,0.7002906799316406,0.603863537311554,0.008727659471333027,0.7538752555847168,0.5533649921417236,0.005883561447262764,0.7936663031578064,0.5086586475372314,0.0009219821076840162,0.8372425436973572,0.49085038900375366,-0.005621720105409622,0.6589183211326599,0.4645349979400635,-0.021121591329574585,0.6595787405967712,0.484009325504303,-0.017579639330506325,0.66133713722229,0.5135427117347717,-0.01964288391172886,0.6604831218719482,0.5338703989982605,-0.02393845096230507,0.5842426419258118,0.4747125804424286,-0.03089776076376438,0.5917887091636658,0.4977070093154907,-0.014386503957211971,0.5983709096908569,0.5239145755767822,-0.0106562664732337,0.600161075592041,0.5444000959396362,-0.019277267158031464,0.5263786315917969,0.4990383982658386,-0.03550345450639725,0.5360677242279053,0.516771137714386,-0.022892046719789505,0.5471574068069458,0.5380890369415283,-0.016788575798273087,0.5505272150039673,0.5589320659637451,-0.02218170464038849,0.4780527353286743,0.5257748961448669,-0.03952619060873985,0.4884032607078552,0.5361301898956299,-0.030837681144475937,0.5045467615127563,0.556153416633606,-0.017861103639006615,0.5129610896110535,0.5735760927200317,-0.011470422148704529
509171772433875_.pic.jpg,Left,0.8140004277229309,0.1735791563987732,0.5241770148277283,-2.8055347911504214e-07,0.3195347189903259,0.4823143482208252,-0.027351465076208115,0.4132786989212036,0.42405346035957336,-0.046870991587638855,0.48475131392478943,0.3810163736343384,-0.06161415949463844,0.5507991313934326,0.35847750306129456,-0.07385759055614471,0.26932916045188904,0.302630752325058,-0.054677676409482956,0.3432885706424713,0.33910274505615234,-0.06731671839952469,0.354657381772995,0.38159626722335815,-0.08407552540302277,0.335585355758667,0.4004208445549011,-0.0993485376238823,0.17598608136177063,0.3139156401157379,-0.05265547335147858,0.25810208916664124,0.3464343845844269,-0.04810504987835884,0.2703629732131958,0.3771371841430664,-0.05464702844619751,0.24762409925460815,0.3926740884780884,-0.07348084449768066,0.10802973806858063,0.3472248315811157,-0.049397218972444534,0.1766899824142456,0.3629934787750244,-0.05139685422182083,0.19196850061416626,0.3887909948825836,-0.05118532478809357,0.1766846626996994,0.40404391288757324,-0.061439137905836105,0.0579666793346405,0.382977157831192,-0.04762105271220207,0.11270937323570251,0.39262884855270386,-0.04964708164334297,0.13402333855628967,0.4158201813697815,-0.04025920480489731,0.1314774602651596,0.431274950504303,-0.03811796009540558
508641772433819_.pic.jpg,Left,0.8991596698760986,0.33017972111701965,0.8606869578361511,-1.746633415677934e-07,0.5059491991996765,0.7645314335823059,0.015295315533876419,0.5985679626464844,0.6601817011833191,0.012623024173080921,0.6812208294868469,0.5898714661598206,0.0060272314585745335,0.7644374966621399,0.5756415128707886,0.0007644969155080616,0.4312899112701416,0.5432770252227783,-0.016967346891760826,0.525448739528656,0.5283994674682617,-0.025025436654686928,0.5494949817657471,0.5795915722846985,-0.03461160138249397,0.5356340408325195,0.6198575496673584,-0.03999469801783562,0.32016879320144653,0.5504153370857239,-0.029540687799453735,0.41170817613601685,0.5402883887290955,-0.014420718885958195,0.4392041563987732,0.5841330885887146,-0.010407104156911373,0.43060246109962463,0.6200157403945923,-0.019720718264579773,0.2321225106716156,0.5820304155349731,-0.03749080002307892,0.31305384635925293,0.5734402537345886,-0.02017228491604328,0.34113627672195435,0.6116011738777161,-0.007996473461389542,0.331204891204834,0.6471077799797058,-0.01181119680404663,0.16328608989715576,0.6214423179626465,-0.044150687754154205,0.22888565063476562,0.6153874397277832,-0.02397030033171177,0.258660227060318,0.6476285457611084,-5.008924563298933e-05,0.2571440041065216,0.678494930267334,0.012553751468658447
IMG_9863.JPG,Right,0.9763695001602173,0.8288048505783081,0.5306824445724487,-4.14670267900874e-07,0.7818143367767334,0.6045947670936584,-0.00956378411501646,0.7351287603378296,0.662666380405426,-0.027469392865896225,0.7023681998252869,0.7232440710067749,-0.04412899911403656,0.6974107623100281,0.7852780818939209,-0.05909840390086174,0.6977622509002686,0.5729326605796814,-0.04091890901327133,0.635554313659668,0.5960705876350403,-0.04612099006772041,0.6629376411437988,0.605120837688446,-0.041033174842596054,0.691370964050293,0.6033738851547241,-0.03712707757949829,0.6950608491897583,0.5144423246383667,-0.04042067006230354,0.6361898183822632,0.5495718121528625,-0.04163576290011406,0.6589110493659973,0.5614808797836304,-0.03377874568104744,0.6819451451301575,0.5554679036140442,-0.03178919106721878,0.6984114050865173,0.4671877920627594,-0.037300191819667816,0.6400867104530334,0.5066604018211365,-0.03462228924036026,0.6615925431251526,0.517520010471344,-0.023192446678876877,0.6853768229484558,0.5133154988288879,-0.01966969110071659,0.7043185234069824,0.43204307556152344,-0.03473524749279022,0.6538009643554688,0.46409592032432556,-0.03045767918229103,0.6709079146385193,0.4774422347545624,-0.018470818176865578,0.6929630041122437,0.4752029478549957,-0.011353185400366783
IMG_9877.JPG,Right,0.997741162776947,0.8107843995094299,0.5263625383377075,1.2109593683362618e-07,0.7670463919639587,0.4971267580986023,-0.03132113441824913,0.7253485321998596,0.5008851289749146,-0.055130016058683395,0.7170540690422058,0.5277590751647949,-0.07712814211845398,0.7359471917152405,0.5627968311309814,-0.09775293618440628,0.6852961182594299,0.6049375534057617,-0.04883405193686485,0.6736399531364441,0.6792144775390625,-0.08568894118070602,0.6682254672050476,0.7333185076713562,-0.11112146824598312,0.6646618247032166,0.7812539339065552,-0.12807409465312958,0.7213548421859741,0.6385000348091125,-0.05041033774614334,0.7294975519180298,0.6435794234275818,-0.09119162708520889,0.7528694868087769,0.587226927280426,-0.10284434258937836,0.7632704973220825,0.5531123876571655,-0.10565276443958282,0.7578831315040588,0.6520783305168152,-0.05540353059768677,0.7751213312149048,0.63947594165802,-0.08943293988704681,0.7853307127952576,0.58439701795578,-0.08471868932247162,0.7852972745895386,0.5554407835006714,-0.07613664120435715,0.7907890677452087,0.6545276641845703,-0.06409107893705368,0.8038941025733948,0.6392189860343933,-0.086025170981884,0.8090424537658691,0.596030592918396,-0.08274617791175842,0.8036063313484192,0.5708456635475159,-0.07668524235486984
508731772433828_.pic_thumb.jpg,Left,0.9655478000640869,0.3709561228752136,0.8669809103012085,-5.817536816721258e-07,0.5750987529754639,0.7692437767982483,0.009013647213578224,0.688205361366272,0.6598713397979736,0.007997484877705574,0.7657812833786011,0.5772789716720581,0.006442646030336618,0.8333321809768677,0.5329329967498779,0.006118781864643097,0.49669310450553894,0.4950716197490692,-0.023042602464556694,0.5511732697486877,0.5116090178489685,-0.02778054215013981,0.5680951476097107,0.5755715370178223,-0.048139989376068115,0.5545220375061035,0.6150678396224976,-0.06558806449174881,0.35178130865097046,0.512410581111908,-0.03526214137673378,0.42796385288238525,0.5288183689117432,-0.008355586789548397,0.44493162631988525,0.5798097252845764,-0.009908062405884266,0.4222714900970459,0.6145972609519958,-0.03144412860274315,0.23720639944076538,0.5584691762924194,-0.04187677428126335,0.3068680763244629,0.562411367893219,-0.02105487510561943,0.32979097962379456,0.6056553721427917,-0.009792518801987171,0.31786566972732544,0.6418328285217285,-0.01974431239068508,0.14622706174850464,0.6102536916732788,-0.04765148088335991,0.2035597860813141,0.6097993850708008,-0.03189670294523239,0.2366158664226532,0.6474682688713074,-0.005893860477954149,0.23657339811325073,0.6812260746955872,0.006393985357135534
IMG_9876.JPG,Right,0.9984853863716125,0.7843939661979675,0.546622097492218,1.2060840504091175e-07,0.7444535493850708,0.5195676684379578,-0.028457650914788246,0.7015807628631592,0.5147454738616943,-0.04917805269360542,0.6912248730659485,0.5412198305130005,-0.0684087797999382,0.7115253210067749,0.5754656791687012,-0.08638331294059753,0.6627012491226196,0.6277808547019958,-0.041236311197280884,0.6487149000167847,0.7054259181022644,-0.07853028178215027,0.642748236656189,0.758181095123291,-0.10471393913030624,0.6379915475845337,0.8054389357566833,-0.1218896359205246,0.6968360543251038,0.6608206629753113,-0.04341760277748108,0.700110912322998,0.6660740971565247,-0.0814141258597374,0.724615216255188,0.6046191453933716,-0.09027300775051117,0.7328541874885559,0.5725715160369873,-0.09100495278835297,0.7341268658638,0.674788773059845,-0.049437858164310455,0.7480567097663879,0.6633262634277344,-0.08286318182945251,0.7620694637298584,0.6032062768936157,-0.07444159686565399,0.7627042531967163,0.5741795301437378,-0.06274878233671188,0.7705027461051941,0.6794967651367188,-0.05901862308382988,0.782961905002594,0.6647630929946899,-0.08038091659545898,0.7898807525634766,0.618040144443512,-0.07409399002790451,0.7852732539176941,0.5929772853851318,-0.06537269055843353
IMG_9862.JPG,Right,0.9589501619338989,0.8125355839729309,0.5558342337608337,-3.8499231891364616e-07,0.765984058380127,0.6276794672012329,-0.010016282089054585,0.7206834554672241,0.6853103041648865,-0.027565911412239075,0.6894980669021606,0.7463115453720093,-0.044386204332113266,0.6864703893661499,0.8070087432861328,-0.05989091843366623,0.6781952977180481,0.6044639348983765,-0.03677692636847496,0.6250144839286804,0.6189067959785461,-0.04181557893753052,0.6489917635917664,0.6239423751831055,-0.0380789153277874,0.6751231551170349,0.6242823600769043,-0.03516940400004387,0.6761734485626221,0.5457795262336731,-0.03694430738687515,0.6262415647506714,0.572144627571106,-0.03660920634865761,0.6472733616828918,0.5809803009033203,-0.030342642217874527,0.6698262691497803,0.5773961544036865,-0.029865510761737823,0.6814691424369812,0.4962417483329773,-0.03496241942048073,0.6314775943756104,0.5263132452964783,-0.031135765835642815,0.6517032980918884,0.5351826548576355,-0.021520985290408134,0.6757616400718689,0.5338388085365295,-0.019461998715996742,0.6897538304328918,0.45686835050582886,-0.03379318490624428,0.6439027786254883,0.4807662069797516,-0.028825346380472183,0.6603549718856812,0.4941062927246094,-0.017338216304779053,0.6825453042984009,0.4951702654361725,-0.010679611004889011
509201772433879_.pic.jpg,Left,0.9511488080024719,0.14604562520980835,0.3529009521007538,-2.805236078984308e-07,0.3012789785861969,0.3257099390029907,-0.022767135873436928,0.4008808135986328,0.27325624227523804,-0.03612975403666496,0.4729263186454773,0.23884883522987366,-0.04605839028954506,0.5397286415100098,0.23065564036369324,-0.053767889738082886,0.25135618448257446,0.12330931425094604,-0.04508544132113457,0.30771002173423767,0.16057419776916504,-0.04887770488858223,0.3147641122341156,0.2118045687675476,-0.058343205600976944,0.29791468381881714,0.24088886380195618,-0.06916705518960953,0.14702074229717255,0.1316174864768982,-0.043090809136629105,0.22123464941978455,0.16806761920452118,-0.03202730789780617,0.2335253357887268,0.20849066972732544,-0.03634138032793999,0.2156500220298767,0.23525507748126984,-0.053671713918447495,0.07226726412773132,0.16693760454654694,-0.03881477564573288,0.13704486191272736,0.18941901624202728,-0.03685743734240532,0.15633538365364075,0.22128742933273315,-0.03903420269489288,0.14457595348358154,0.24506404995918274,-0.05139034613966942,0.01632755994796753,0.2044568657875061,-0.035690147429704666,0.06923726201057434,0.22477152943611145,-0.03677859902381897,0.09199024736881256,0.25155752897262573,-0.029626425355672836,0.0925372987985611,0.2706539034843445,-0.02931676059961319
508761772433831_.pic.jpg,Left,0.7406307458877563,0.28434985876083374,0.8895893096923828,-4.531458444034797e-07,0.5003076195716858,0.7785630226135254,-0.016136610880494118,0.620671272277832,0.6494355797767639,-0.04164411872625351,0.7189085483551025,0.5565359592437744,-0.06471877545118332,0.8288915157318115,0.5272420644760132,-0.08554019778966904,0.40155157446861267,0.5131579041481018,-0.07100429385900497,0.5010669231414795,0.533711314201355,-0.08703449368476868,0.5214029550552368,0.6010913848876953,-0.10343699157238007,0.5026078224182129,0.6410820484161377,-0.11989574134349823,0.260368287563324,0.5366200804710388,-0.08022293448448181,0.36542874574661255,0.5647101402282715,-0.06859169900417328,0.38864466547966003,0.6208720803260803,-0.06685761362314224,0.36597126722335815,0.6534479260444641,-0.08774587512016296,0.1514493227005005,0.5919755697250366,-0.08531521260738373,0.24069255590438843,0.6003555059432983,-0.08156649768352509,0.27203190326690674,0.646760880947113,-0.066087506711483,0.25816112756729126,0.6810318231582642,-0.07258961349725723,0.06804627180099487,0.6524253487586975,-0.09065454453229904,0.13595429062843323,0.645388662815094,-0.0863238051533699,0.17626240849494934,0.683152973651886,-0.06050609424710274,0.1776011884212494,0.7146315574645996,-0.04918515682220459
508791772433834_.pic.jpg,Left,0.9302512407302856,0.4105553925037384,0.953122615814209,-6.488727990472398e-07,0.6487789154052734,0.8390172719955444,0.010998793877661228,0.76658695936203,0.696816623210907,0.018146036192774773,0.8509865403175354,0.5919860601425171,0.026185153052210808,0.9441717863082886,0.5615494847297668,0.03666049987077713,0.5725737810134888,0.5329940915107727,-0.025331102311611176,0.6457597017288208,0.5430887341499329,-0.011992785148322582,0.6479685306549072,0.6221686005592346,-0.009895305149257183,0.6250224113464355,0.6680311560630798,-0.014425239525735378,0.4222409725189209,0.545738935470581,-0.03271719068288803,0.5116047859191895,0.5750479102134705,0.011060829274356365,0.5283595323562622,0.641150176525116,0.021011365577578545,0.5046114325523376,0.6791220307350159,0.002900039544329047,0.301992803812027,0.5955392718315125,-0.03277493640780449,0.3790242075920105,0.6209447979927063,0.00012080791202606633,0.4060664772987366,0.6747310161590576,0.00902408268302679,0.3855959177017212,0.7125424146652222,-0.0070782797411084175,0.2054453194141388,0.651213526725769,-0.031238973140716553,0.26430532336235046,0.6609808206558228,-0.012414232827723026,0.29970836639404297,0.7028468251228333,0.0054542687721550465,0.29699650406837463,0.7363328337669373,0.009689891710877419
508861772433841_.pic.jpg,Left,0.9495547413825989,0.42631712555885315,0.776573657989502,-3.819135088178882e-07,0.5539621114730835,0.7059909105300903,-0.003863913007080555,0.6207793951034546,0.6290205121040344,-0.01171819306910038,0.6681306958198547,0.56684809923172,-0.01739315502345562,0.7254220247268677,0.5398687720298767,-0.020647455006837845,0.4827033579349518,0.5304432511329651,-0.03863850235939026,0.5308247804641724,0.5322206020355225,-0.04167650640010834,0.5454044938087463,0.5802006721496582,-0.04552211984992027,0.5352810621261597,0.6136363744735718,-0.04994124174118042,0.3967397212982178,0.54242342710495,-0.041425518691539764,0.4610580801963806,0.5513044595718384,-0.026936929672956467,0.4791971743106842,0.5887253284454346,-0.02156333439052105,0.47114893794059753,0.6149490475654602,-0.03145569935441017,0.3317948579788208,0.5742670297622681,-0.04029693454504013,0.3884572386741638,0.5817793607711792,-0.03048965148627758,0.40619096159935,0.6123442649841309,-0.020599188283085823,0.39862629771232605,0.637006402015686,-0.02532709576189518,0.28340011835098267,0.6082968711853027,-0.03907601162791252,0.3278537392616272,0.6088299751281738,-0.031932950019836426,0.3478648066520691,0.633331298828125,-0.016094345599412918,0.34779781103134155,0.6548289060592651,-0.008801434189081192
508891772433844_.pic_thumb.jpg,Left,0.9585352540016174,0.45054304599761963,0.7326732277870178,-3.378471546966466e-07,0.560640811920166,0.682210385799408,-0.013452882878482342,0.6227806806564331,0.6194649934768677,-0.0275970920920372,0.6625276207923889,0.5684437155723572,-0.04113540053367615,0.7129709720611572,0.5450032949447632,-0.05363040789961815,0.5042557716369629,0.5257131457328796,-0.03550304099917412,0.5395538210868835,0.5347148180007935,-0.05638231337070465,0.5526639223098755,0.5748923420906067,-0.07881438732147217,0.5449017882347107,0.6025657057762146,-0.09465406835079193,0.42938441038131714,0.5386999249458313,-0.03970564901828766,0.4731065630912781,0.5512171983718872,-0.04791334271430969,0.4880661070346832,0.5832180976867676,-0.05766797438263893,0.4790286719799042,0.6072632074356079,-0.07156277447938919,0.3731262683868408,0.5666741132736206,-0.04266076162457466,0.4124637246131897,0.577301025390625,-0.05155961215496063,0.42820098996162415,0.6019033193588257,-0.048987407237291336,0.4222085177898407,0.6227200031280518,-0.052127301692962646,0.3306869864463806,0.5953714847564697,-0.04681723937392235,0.36543309688568115,0.6045991778373718,-0.05260248854756355,0.3827517032623291,0.6261433362960815,-0.04232003912329674,0.3830350637435913,0.6440034508705139,-0.03536864370107651
IMG_9847.JPG,Right,0.9958058595657349,0.7492128014564514,0.5674512386322021,1.5877709813594265e-07,0.6994572877883911,0.5456596612930298,-0.025471916422247887,0.6536776423454285,0.5520669221878052,-0.04564540833234787,0.6522709727287292,0.5755881667137146,-0.06602635979652405,0.6823505759239197,0.6014339923858643,-0.08595863729715347,0.6387993097305298,0.679878294467926,-0.04250267893075943,0.6299883127212524,0.7662457823753357,-0.08086786419153214,0.6331556439399719,0.8216812610626221,-0.1043606549501419,0.6346932053565979,0.8747658729553223,-0.11959384381771088,0.6816421151161194,0.70340895652771,-0.050188325345516205,0.6814417839050293,0.7322475910186768,-0.09198340773582458,0.6976153254508972,0.662883996963501,-0.10250536352396011,0.7002350687980652,0.623930037021637,-0.10364688187837601,0.7257106900215149,0.7034024000167847,-0.06117949262261391,0.7338876724243164,0.7050489783287048,-0.10239052772521973,0.7402557730674744,0.6336273550987244,-0.0971875861287117,0.7354748845100403,0.5982615947723389,-0.08596824109554291,0.7679533958435059,0.6910943984985352,-0.07458648085594177,0.772851824760437,0.6836453676223755,-0.10130999237298965,0.7725468873977661,0.6299229264259338,-0.09498927742242813,0.7651368975639343,0.6008837819099426,-0.0855504721403122
508891772433844_.pic.jpg,Left,0.9504215121269226,0.452240914106369,0.7416300773620605,-3.076334280649462e-07,0.5665977001190186,0.6832484006881714,-0.010540842078626156,0.6281861662864685,0.6196174621582031,-0.020753199234604836,0.6717516183853149,0.5682993531227112,-0.02830931544303894,0.7244768142700195,0.5485416650772095,-0.03346940129995346,0.5012465715408325,0.5259812474250793,-0.04015723615884781,0.5534863471984863,0.5381580591201782,-0.046581681817770004,0.5724620819091797,0.5792604684829712,-0.05398371070623398,0.5646872520446777,0.6069095730781555,-0.06041479855775833,0.4276164174079895,0.540302038192749,-0.040499236434698105,0.4921523630619049,0.5563586354255676,-0.03185398131608963,0.5126497745513916,0.587415874004364,-0.03204334154725075,0.5039774179458618,0.6106275320053101,-0.043576981872320175,0.37423479557037354,0.5705973505973816,-0.03776487708091736,0.4279685616493225,0.5847564935684204,-0.03219884634017944,0.44833528995513916,0.6096526980400085,-0.02779245376586914,0.4424196481704712,0.6314672827720642,-0.034109778702259064,0.33383333683013916,0.601154088973999,-0.035685088485479355,0.37544068694114685,0.6084191799163818,-0.032440632581710815,0.3949257731437683,0.6281746029853821,-0.021983865648508072,0.39489275217056274,0.646880030632019,-0.017594341188669205
IMG_9853.JPG,Right,0.9816925525665283,0.641531229019165,0.5229331851005554,-4.345089905655186e-07,0.5851812362670898,0.5859217047691345,-0.005501766223460436,0.5281388163566589,0.6233240365982056,-0.018965329974889755,0.48794129490852356,0.6596860885620117,-0.03262769803404808,0.47338446974754333,0.7135758399963379,-0.045702289789915085,0.4682577848434448,0.5215966105461121,-0.023915713652968407,0.4796813130378723,0.5061166882514954,-0.026646101847290993,0.5083516240119934,0.511614203453064,-0.029607852920889854,0.525972306728363,0.5259741544723511,-0.03363664075732231,0.47989869117736816,0.46433737874031067,-0.028438923880457878,0.49821698665618896,0.4637768864631653,-0.018574830144643784,0.5215556025505066,0.4747782349586487,-0.01665855199098587,0.5363285541534424,0.4844478666782379,-0.02277275361120701,0.5048429369926453,0.42020198702812195,-0.031221022829413414,0.5202519297599792,0.4312070906162262,-0.01899401843547821,0.5390965342521667,0.44430094957351685,-0.015376627445220947,0.5516625046730042,0.45627161860466003,-0.020897917449474335,0.5336368680000305,0.38562703132629395,-0.035812877118587494,0.5474089980125427,0.39653223752975464,-0.02321360819041729,0.5630707740783691,0.41301509737968445,-0.015110697597265244,0.5727508664131165,0.42510363459587097,-0.013273864984512329
IMG_9852.JPG,Right,0.9746391773223877,0.7787308692932129,0.5373822450637817,-5.382744916460069e-07,0.7136844992637634,0.5997904539108276,0.004767725709825754,0.6543282270431519,0.634437084197998,-0.0035282084718346596,0.6090725064277649,0.6742836236953735,-0.014637677930295467,0.5876865983009338,0.7291406393051147,-0.02605428919196129,0.6085151433944702,0.5327045321464539,-0.010502110235393047,0.5587803721427917,0.5341723561286926,-0.008752546273171902,0.5773956179618835,0.5622371435165405,-0.004765782505273819,0.6010868549346924,0.5746589303016663,-0.0030199061147868633,0.6173629760742188,0.4783298969268799,-0.015867045149207115,0.5663089752197266,0.4932812750339508,-0.008012848906219006,0.581020712852478,0.523003876209259,-0.0011714160209521651,0.6045403480529785,0.5309349894523621,-0.0011114354711025953,0.6370737552642822,0.4370308816432953,-0.018680207431316376,0.5854844450950623,0.4561719298362732,-0.007646127603948116,0.5982446670532227,0.4836716949939728,0.0022590020671486855,0.621555507183075,0.49659109115600586,0.0031041279435157776,0.659689724445343,0.4051778316497803,-0.021473964676260948,0.6226531863212585,0.4229603409767151,-0.008451426401734352,0.629650354385376,0.44966214895248413,0.0045507801696658134,0.6462985873222351,0.46307095885276794,0.010930965654551983
IMG_9846.JPG,Right,0.995254397392273,0.6709756851196289,0.6111854314804077,7.69963470759194e-09,0.6132897138595581,0.5930069088935852,-0.01843040995299816,0.5568945407867432,0.6147869825363159,-0.03282400220632553,0.5286879539489746,0.6542937159538269,-0.04898225516080856,0.5528860688209534,0.6952477693557739,-0.06619968265295029,0.537534773349762,0.7535309791564941,-0.029858535155653954,0.5136104822158813,0.8565869331359863,-0.05947325378656387,0.5037065744400024,0.9171217679977417,-0.08194165676832199,0.4970364570617676,0.9749184846878052,-0.09893500804901123,0.5754989385604858,0.7664186954498291,-0.0395825058221817,0.5544770359992981,0.822914183139801,-0.08105327188968658,0.5679410696029663,0.7505882978439331,-0.09856351464986801,0.579701840877533,0.698485255241394,-0.10421314835548401,0.6165011525154114,0.7664051055908203,-0.050900548696517944,0.6075462698936462,0.8109638690948486,-0.0904155895113945,0.6131700873374939,0.7333128452301025,-0.0923369750380516,0.6165187358856201,0.6776397228240967,-0.08583013713359833,0.6575281023979187,0.7579619884490967,-0.06396029144525528,0.6546087265014648,0.7932294011116028,-0.09185244143009186,0.6520256996154785,0.7380002737045288,-0.09227562695741653,0.6471704840660095,0.6914153099060059,-0.08806810528039932
508791772433834_.pic_thumb.jpg,Left,0.9259462952613831,0.39534255862236023,0.9347016215324402,-6.222051069926238e-07,0.639877438545227,0.8382643461227417,0.0022772885859012604,0.7623222470283508,0.6940953731536865,0.002227240474894643,0.8408089876174927,0.5866603255271912,0.0022560565266758204,0.9379326105117798,0.5511122941970825,0.0035290876403450966,0.5730732679367065,0.5262778401374817,-0.0366908423602581,0.6480535268783569,0.5441718697547913,-0.04059223830699921,0.6508239507675171,0.6194915771484375,-0.053318046033382416,0.6262987852096558,0.661491870880127,-0.06786742806434631,0.4218093454837799,0.5403456091880798,-0.0472114160656929,0.5092964172363281,0.5723470449447632,-0.02197987213730812,0.5252115726470947,0.6362113952636719,-0.019948894158005714,0.4968804717063904,0.6711169481277466,-0.04186699166893959,0.2990223467350006,0.5932633876800537,-0.05212128907442093,0.372997522354126,0.6143361330032349,-0.03761487081646919,0.39779427647590637,0.6664136648178101,-0.027154071256518364,0.37678611278533936,0.7013022899627686,-0.039096713066101074,0.2007247507572174,0.6516152620315552,-0.05603586509823799,0.2608833611011505,0.6573792695999146,-0.049172427505254745,0.2917269170284271,0.6974745988845825,-0.02945253811776638,0.2850954234600067,0.7267987132072449,-0.02282796986401081
508711772433826_.pic_thumb.jpg,Left,0.9020789265632629,0.23956313729286194,1.0082244873046875,-7.61401395266148e-07,0.44160810112953186,0.8936378359794617,0.017008723691105843,0.547400176525116,0.7612100839614868,0.020357558503746986,0.6128166913986206,0.6642679572105408,0.019235767424106598,0.6861531734466553,0.6098412871360779,0.018380697816610336,0.35364601016044617,0.6051605939865112,-0.011523684486746788,0.3925906717777252,0.6256133913993835,-0.0234428308904171,0.4064493477344513,0.6924630403518677,-0.04792578145861626,0.3957078456878662,0.7345101833343506,-0.06717687100172043,0.2039119303226471,0.6279484629631042,-0.031155645847320557,0.2662670910358429,0.6569804549217224,-0.01643391326069832,0.2837740182876587,0.711117684841156,-0.02475063130259514,0.2649017572402954,0.7497597336769104,-0.04783384129405022,0.08936002850532532,0.6819173097610474,-0.04543337970972061,0.15188565850257874,0.6972604990005493,-0.03673010319471359,0.17397797107696533,0.741972804069519,-0.028904853388667107,0.16248644888401031,0.7792565822601318,-0.037574853748083115,-0.001268148422241211,0.7419275641441345,-0.0582088939845562,0.05516958236694336,0.742838978767395,-0.052843548357486725,0.08407822251319885,0.7844462990760803,-0.027647295966744423,0.08228325843811035,0.8186720609664917,-0.012403298169374466
509041772433859_.pic_thumb.jpg,Left,0.9494649767875671,0.4653578996658325,0.8457778692245483,-3.0679774454256403e-07,0.6230460405349731,0.770628809928894,-0.029183626174926758,0.7112206816673279,0.6769214868545532,-0.04861201345920563,0.7616596817970276,0.5997891426086426,-0.0621432289481163,0.8236643075942993,0.5657346844673157,-0.07230628281831741,0.5272150635719299,0.5744252800941467,-0.060728855431079865,0.6142460107803345,0.5718224048614502,-0.07963158190250397,0.6384795308113098,0.6255793571472168,-0.09796541184186935,0.6232936978340149,0.6609958410263062,-0.11239899694919586,0.42587897181510925,0.59151291847229,-0.05549244210124016,0.5262004733085632,0.5945131778717041,-0.058111317455768585,0.5521297454833984,0.6379511952400208,-0.06350310891866684,0.536109209060669,0.6684301495552063,-0.07900796085596085,0.3569799065589905,0.6268833875656128,-0.049102406948804855,0.4469929337501526,0.6235727667808533,-0.05512247607111931,0.4692130386829376,0.6569329500198364,-0.0503087118268013,0.4540313184261322,0.6848938465118408,-0.05568063259124756,0.3088533580303192,0.6635857820510864,-0.04436466097831726,0.3805563449859619,0.6521871089935303,-0.05035107582807541,0.40429043769836426,0.6801602244377136,-0.03943748027086258,0.3997590243816376,0.7059874534606934,-0.033761151134967804
508921772433847_.pic_thumb.jpg,Left,0.9520531892776489,0.4922483563423157,0.7096198201179504,-5.37790526777826e-07,0.5962823033332825,0.6589356660842896,-0.0020198775455355644,0.6595451831817627,0.5944852232933044,-0.00769505649805069,0.697281002998352,0.546704113483429,-0.014481590129435062,0.7432030439376831,0.5280867218971252,-0.022224167361855507,0.5354231595993042,0.5096728205680847,-0.027033336460590363,0.5618703365325928,0.5346145033836365,-0.04476660117506981,0.5755884647369385,0.5726166367530823,-0.06732908636331558,0.572129487991333,0.5973378419876099,-0.08412063866853714,0.4579777717590332,0.5234873294830322,-0.03575794771313667,0.49306875467300415,0.5524876713752747,-0.03858663886785507,0.5068053007125854,0.5851684212684631,-0.04819547012448311,0.5018008947372437,0.6068852543830872,-0.0635918378829956,0.3999672532081604,0.5515637397766113,-0.042006779462099075,0.431204229593277,0.5734052658081055,-0.04779074341058731,0.4486989974975586,0.5995044112205505,-0.047653380781412125,0.44763559103012085,0.6194140911102295,-0.053687889128923416,0.35333317518234253,0.5809239745140076,-0.04841359704732895,0.3795621395111084,0.5942230224609375,-0.055584363639354706,0.39834392070770264,0.6175699234008789,-0.04806651920080185,0.4022170305252075,0.6355017423629761,-0.043410856276750565
508971772433852_.pic.jpg,Left,0.9561710953712463,0.6529622673988342,0.3910815119743347,-3.369962087163003e-07,0.7626959085464478,0.3657394051551819,0.017030559480190277,0.8335531949996948,0.3290264308452606,0.027864765375852585,0.8905761241912842,0.3000790476799011,0.03537203371524811,0.9411391615867615,0.29540401697158813,0.04217494651675224,0.7496521472930908,0.21107225120067596,0.026382949203252792,0.7513666152954102,0.22854994237422943,0.048457227647304535,0.7496453523635864,0.2627269923686981,0.0508364662528038,0.7429176568984985,0.2847224175930023,0.047958556562662125,0.6689766049385071,0.21199887990951538,0.018701111897826195,0.67774498462677,0.2358347475528717,0.056394096463918686,0.6804143786430359,0.26535892486572266,0.05536288395524025,0.6766541004180908,0.28544822335243225,0.040785279124975204,0.601780116558075,0.23235714435577393,0.0151167968288064,0.6132076978683472,0.2505708634853363,0.04237028956413269,0.624689519405365,0.2758529782295227,0.03818777948617935,0.6244736313819885,0.29551956057548523,0.023382777348160744,0.5480418801307678,0.2556534707546234,0.013165552169084549,0.5612972378730774,0.27213722467422485,0.03331635519862175,0.5758390426635742,0.29468026757240295,0.04330740496516228,0.5802834033966064,0.3116309642791748,0.045293763279914856
509311772433894_.pic_thumb.jpg,Left,0.954917848110199,0.4482974112033844,0.859898567199707,-5.589345164480619e-07,0.6281787753105164,0.7948856949806213,-0.0023544796276837587,0.7309444546699524,0.703114926815033,-0.007674261927604675,0.7898977994918823,0.6261467337608337,-0.012309355661273003,0.8617575168609619,0.6029942035675049,-0.015030616894364357,0.5651437044143677,0.5740625262260437,-0.033527061343193054,0.6263548731803894,0.5842015147209167,-0.044173676520586014,0.63951575756073,0.6405680775642395,-0.059541232883930206,0.6205897927284241,0.6784789562225342,-0.0720801055431366,0.4508818984031677,0.5811835527420044,-0.03889773413538933,0.5317249894142151,0.6077824831008911,-0.027356719598174095,0.5474643707275391,0.6546494364738464,-0.030057178810238838,0.5289724469184875,0.6867613196372986,-0.046029236167669296,0.3647615313529968,0.6120613813400269,-0.04041316732764244,0.43805432319641113,0.6334946155548096,-0.0325557217001915,0.4535370469093323,0.6702918410301208,-0.027411198243498802,0.4364709258079529,0.6975514888763428,-0.03584395721554756,0.2972851097583771,0.647559404373169,-0.041824307292699814,0.3636348247528076,0.6601318120956421,-0.03596020117402077,0.381722092628479,0.6919752359390259,-0.020342105999588966,0.37078726291656494,0.7166302800178528,-0.012579547241330147
509221772433882_.pic_thumb.jpg,Left,0.9536275863647461,0.1107325404882431,0.5047379732131958,-2.526543028125161e-07,0.27092820405960083,0.4549630582332611,-0.038404516875743866,0.36818447709083557,0.38027092814445496,-0.06004451960325241,0.43829545378685,0.3187667429447174,-0.07700412720441818,0.5087558031082153,0.280749648809433,-0.09040092676877975,0.19007036089897156,0.2590517997741699,-0.040798116475343704,0.29084980487823486,0.28228914737701416,-0.06578551977872849,0.3096495270729065,0.32754018902778625,-0.09600823372602463,0.29066896438598633,0.3533613979816437,-0.11858731508255005,0.0905565470457077,0.270612508058548,-0.03421160578727722,0.20213384926319122,0.2887013554573059,-0.04210453853011131,0.2184443324804306,0.3262273669242859,-0.05798601359128952,0.19249612092971802,0.35022151470184326,-0.07956813275814056,0.022977888584136963,0.30448001623153687,-0.02954855002462864,0.11397115886211395,0.3093273341655731,-0.039532698690891266,0.13254395127296448,0.3396710455417633,-0.03943073749542236,0.11335964500904083,0.36191657185554504,-0.046459998935461044,-0.023228198289871216,0.34032416343688965,-0.028010904788970947,0.04724322259426117,0.3437156677246094,-0.03301204741001129,0.06508094072341919,0.369083434343338,-0.021862879395484924,0.051827505230903625,0.388358473777771,-0.01641618087887764
508671772433822_.pic.jpg,Left,0.8333355188369751,0.3024941384792328,0.919705867767334,3.847935747813835e-09,0.5695668458938599,0.9381199479103088,0.05370623618364334,0.7298413515090942,0.8464871644973755,0.10336018353700638,0.8157045841217041,0.7534317970275879,0.14657285809516907,0.8791865110397339,0.740435779094696,0.1883111149072647,0.7206452488899231,0.6999309062957764,0.13754935562610626,0.742615282535553,0.6827183961868286,0.23314203321933746,0.723353385925293,0.7605991959571838,0.27376556396484375,0.6999987363815308,0.8056339025497437,0.2939182221889496,0.5790576934814453,0.6776832938194275,0.14037874341011047,0.59731125831604,0.6837919354438782,0.2764686644077301,0.588479220867157,0.7667596936225891,0.3066301941871643,0.5692113041877747,0.8106511235237122,0.2998569905757904,0.4384649693965912,0.6841084361076355,0.15015332400798798,0.4675630033016205,0.6907641291618347,0.2717704772949219,0.48033636808395386,0.7659275531768799,0.28261905908584595,0.4673992693424225,0.8126064538955688,0.25943779945373535,0.32418641448020935,0.7034257650375366,0.163858100771904,0.34731823205947876,0.7093630433082581,0.25886091589927673,0.36639586091041565,0.7656146287918091,0.2956465780735016,0.3615822494029999,0.8005858063697815,0.30639681220054626
IMG_9878.JPG,Right,0.9981149435043335,0.7931913733482361,0.5358002781867981,1.139125131999208e-07,0.7503264546394348,0.5069683790206909,-0.0289425291121006,0.7075199484825134,0.5084254741668701,-0.0510123111307621,0.6991873383522034,0.5360003113746643,-0.07167958468198776,0.7203438878059387,0.5712907314300537,-0.09140763431787491,0.6683245897293091,0.6174865365028381,-0.045449890196323395,0.655529260635376,0.6927431225776672,-0.07923698425292969,0.6482346653938293,0.747015118598938,-0.10426342487335205,0.6438509821891785,0.7944807410240173,-0.12159591168165207,0.7033025622367859,0.6497629880905151,-0.047473542392253876,0.7119247317314148,0.652002215385437,-0.08631492406129837,0.7328889966011047,0.5951150059700012,-0.09916254878044128,0.7446172833442688,0.5615179538726807,-0.10335823893547058,0.7397525906562805,0.6626237034797668,-0.05229496210813522,0.7557526230812073,0.6503354907035828,-0.08414558321237564,0.7652979493141174,0.5940060019493103,-0.08070523291826248,0.7671825885772705,0.563953161239624,-0.07352583110332489,0.7730308175086975,0.6645222902297974,-0.06059637665748596,0.7852397561073303,0.6484614610671997,-0.08115527778863907,0.7901737689971924,0.6049388647079468,-0.07829988747835159,0.7859363555908203,0.5790983438491821,-0.07289563119411469
IMG_9850.JPG,Right,0.9783731698989868,0.87961745262146,0.57099848985672,-3.9752296743245097e-07,0.8185858130455017,0.6420945525169373,-0.0064361318945884705,0.755708634853363,0.6882777214050293,-0.01929798536002636,0.7060583233833313,0.7333040833473206,-0.03055928833782673,0.6866458058357239,0.7881365418434143,-0.03976057097315788,0.7249301671981812,0.6102874875068665,-0.03803195804357529,0.6621398329734802,0.5972875952720642,-0.03688158467411995,0.6852520108222961,0.6002262234687805,-0.025286903604865074,0.7109463810920715,0.6049293279647827,-0.017554108053445816,0.7282518744468689,0.545600175857544,-0.03735453262925148,0.6663480997085571,0.5435182452201843,-0.03176684305071831,0.6876230835914612,0.5552419424057007,-0.020570220425724983,0.7112104296684265,0.5596429109573364,-0.017441067844629288,0.7385034561157227,0.49119171500205994,-0.03350934386253357,0.676090657711029,0.49826252460479736,-0.02343181148171425,0.6958130598068237,0.5098780989646912,-0.01157445553690195,0.7201303243637085,0.5161817669868469,-0.01004570722579956,0.7528272867202759,0.45012688636779785,-0.030030380934476852,0.7030104994773865,0.46148279309272766,-0.020574340596795082,0.7162315845489502,0.47660648822784424,-0.009224796667695045,0.734541118144989,0.48393136262893677,-0.004304180853068829
IMG_9844.JPG,Right,0.998610258102417,0.5921223759651184,0.6329066753387451,1.4964695083108381e-07,0.5388455986976624,0.6068462133407593,-0.02097838558256626,0.48164093494415283,0.6264681220054626,-0.036623235791921616,0.4390870928764343,0.661719799041748,-0.053697481751441956,0.4524684548377991,0.7099839448928833,-0.07155727595090866,0.4611407518386841,0.7669432759284973,-0.03173854574561119,0.42571669816970825,0.862675130367279,-0.06007102504372597,0.40645360946655273,0.9210829734802246,-0.08013401180505753,0.39341726899147034,0.9743399620056152,-0.09560183435678482,0.4930107593536377,0.7862178087234497,-0.04022516682744026,0.45287200808525085,0.8345515131950378,-0.0816197395324707,0.46862825751304626,0.7620556950569153,-0.09672461450099945,0.4848329722881317,0.7116175889968872,-0.09942344576120377,0.5305357575416565,0.7925794124603271,-0.05041325092315674,0.5024691224098206,0.8272353410720825,-0.09212283045053482,0.5105420351028442,0.7488189339637756,-0.09289426356554031,0.5215771794319153,0.6963334083557129,-0.0842774286866188,0.5713567137718201,0.7919312715530396,-0.06230593100190163,0.5516660213470459,0.8122731447219849,-0.0943630114197731,0.5511474609375,0.7525194883346558,-0.09514617919921875,0.5565733313560486,0.705292820930481,-0.08971035480499268
IMG_9845.JPG,Right,0.9980652928352356,0.6022748947143555,0.630813479423523,1.131401319298675e-07,0.5498788356781006,0.607503354549408,-0.01950192265212536,0.49276918172836304,0.6301946640014648,-0.03417976573109627,0.45625680685043335,0.6650364398956299,-0.05053252726793289,0.4744282364845276,0.705410897731781,-0.06809671968221664,0.4748401343822479,0.7690515518188477,-0.030926557257771492,0.44386526942253113,0.8669928312301636,-0.05880473554134369,0.4283442199230194,0.9274956583976746,-0.07915083318948746,0.41729098558425903,0.9810132384300232,-0.09502004086971283,0.5101437568664551,0.7861039638519287,-0.040361933410167694,0.47479334473609924,0.8354074358940125,-0.08296413719654083,0.4885665476322174,0.7634664177894592,-0.0991748720407486,0.5035825371742249,0.7106316089630127,-0.10248677432537079,0.5501308441162109,0.7905370593070984,-0.05130498483777046,0.5274953246116638,0.8275749087333679,-0.09326902776956558,0.5331640839576721,0.7486052513122559,-0.0947745069861412,0.5412291288375854,0.6934777498245239,-0.08668860048055649,0.5926066040992737,0.786611795425415,-0.06385446339845657,0.5767757892608643,0.8129420280456543,-0.09504356980323792,0.5752193331718445,0.7521488666534424,-0.09542664140462875,0.5778722763061523,0.7020987868309021,-0.09007821977138519
IMG_9851.JPG,Right,0.9777107834815979,0.8743663430213928,0.566856861114502,-4.3753078671215917e-07,0.8110566735267639,0.6360651850700378,-0.005172379780560732,0.7498807907104492,0.6804794073104858,-0.017367716878652573,0.6992905735969543,0.7240342497825623,-0.02870398573577404,0.6806164979934692,0.777645468711853,-0.038288820534944534,0.7190421223640442,0.6022971272468567,-0.03381601348519325,0.6583559513092041,0.5902969837188721,-0.03328918293118477,0.6834846138954163,0.5959604382514954,-0.023355567827820778,0.7088088393211365,0.6021320223808289,-0.016892720013856888,0.7234757542610168,0.5373587608337402,-0.033878982067108154,0.6632640361785889,0.537131667137146,-0.02866184525191784,0.6858667135238647,0.5516235828399658,-0.01834936812520027,0.7092952132225037,0.5567595362663269,-0.015919890254735947,0.734996497631073,0.4837537407875061,-0.030959229916334152,0.6767523884773254,0.49378660321235657,-0.02106812410056591,0.6968680620193481,0.5065785646438599,-0.009265683591365814,0.7209334969520569,0.5134803652763367,-0.007903816178441048,0.7498668432235718,0.4434472620487213,-0.028519300743937492,0.7073277235031128,0.45933398604393005,-0.018361631780862808,0.7219180464744568,0.474759966135025,-0.006854711100459099,0.7403151392936707,0.4813615679740906,-0.002051850315183401
IMG_9879.JPG,Right,0.9980539679527283,0.8034946918487549,0.5588312745094299,1.2028222329263372e-07,0.7598429918289185,0.5273035764694214,-0.03138682618737221,0.7184603810310364,0.5301724672317505,-0.053573302924633026,0.7170785665512085,0.5566760897636414,-0.07307552546262741,0.7371406555175781,0.5910571813583374,-0.09054990857839584,0.6795423030853271,0.6372854113578796,-0.050695549696683884,0.6698803901672363,0.7106399536132812,-0.0891507938504219,0.6653856039047241,0.7688189744949341,-0.11658267676830292,0.6634511947631836,0.8207275867462158,-0.13465851545333862,0.7162631750106812,0.6725058555603027,-0.05144564062356949,0.7272154092788696,0.669122576713562,-0.0888926163315773,0.7481061220169067,0.6096426248550415,-0.09857644885778427,0.7576711177825928,0.5770912170410156,-0.10107642412185669,0.7545440196990967,0.6848393678665161,-0.055731892585754395,0.7732170820236206,0.6623013615608215,-0.08571658283472061,0.7822169065475464,0.6057642698287964,-0.07722686976194382,0.7804983258247375,0.5805025100708008,-0.0672856941819191,0.7893807888031006,0.6847777366638184,-0.06415598094463348,0.8048408627510071,0.6611140966415405,-0.08343733102083206,0.8087918758392334,0.6176388263702393,-0.07718247175216675,0.8025158643722534,0.5965366363525391,-0.06938763707876205
509111772433868_.pic_thumb.jpg,Left,0.9037498235702515,0.4973577857017517,0.6932233572006226,3.0295808528535417e-07,0.6452199816703796,0.6513234376907349,-0.06377139687538147,0.7417044639587402,0.5811746716499329,-0.08686172962188721,0.8213632106781006,0.5237798690795898,-0.09927783906459808,0.8882167935371399,0.48420000076293945,-0.10502000153064728,0.5846583247184753,0.4807775616645813,-0.03207649290561676,0.6915578246116638,0.5070152282714844,-0.06506890803575516,0.7229796051979065,0.5548866987228394,-0.10008136928081512,0.7232109904289246,0.5810131430625916,-0.1207374632358551,0.5272215604782104,0.4859471917152405,-0.008498633280396461,0.6461454033851624,0.5267280340194702,-0.03667810559272766,0.6764476299285889,0.5738028883934021,-0.06941378861665726,0.668362557888031,0.6028534173965454,-0.09354482591152191,0.48927050828933716,0.5064348578453064,0.00875233206897974,0.5887874364852905,0.5447340607643127,-0.01855177991092205,0.6226126551628113,0.5843717455863953,-0.03722064942121506,0.6216102242469788,0.6123784780502319,-0.04725608602166176,0.4631422758102417,0.5265796780586243,0.021075362339615822,0.5380330085754395,0.5546891689300537,0.0025415022391825914,0.5639165639877319,0.5820724368095398,-0.0034243781119585037,0.5647366046905518,0.6042114496231079,-0.004399027209728956
509161772433874_.pic.jpg,Left,0.9046916961669922,0.13256096839904785,0.5934488773345947,-1.8063489903852314e-07,0.2805916368961334,0.5431765913963318,-0.026511237025260925,0.36488479375839233,0.476741760969162,-0.04219398647546768,0.4311944842338562,0.42909395694732666,-0.05417042225599289,0.49149370193481445,0.40096384286880493,-0.06307974457740784,0.2044430524110794,0.37152862548828125,-0.03858504816889763,0.28989294171333313,0.39198169112205505,-0.04840867221355438,0.3121037483215332,0.43312984704971313,-0.06406468152999878,0.2989424765110016,0.4560126066207886,-0.07779639214277267,0.11510016024112701,0.38764625787734985,-0.034881893545389175,0.21512480080127716,0.40740540623664856,-0.0312974639236927,0.23670968413352966,0.43866991996765137,-0.04045720770955086,0.21815739572048187,0.46010318398475647,-0.058868974447250366,0.0544755756855011,0.4242676794528961,-0.03059379942715168,0.13772809505462646,0.4303283095359802,-0.03253009542822838,0.15989482402801514,0.4553583860397339,-0.03496825322508812,0.14621016383171082,0.4749305248260498,-0.04557635635137558,0.013068541884422302,0.46126121282577515,-0.02784648910164833,0.07913865149021149,0.4662468731403351,-0.03095359541475773,0.10153171420097351,0.4882579743862152,-0.02385869435966015,0.09644541144371033,0.506645917892456,-0.02224436216056347
508841772433839_.pic.jpg,Left,0.8799895644187927,0.4083578884601593,0.7955431938171387,-4.5104610535418033e-07,0.5406581163406372,0.7194291353225708,-0.013408584520220757,0.6143860220909119,0.6384468674659729,-0.027118008583784103,0.6659913063049316,0.5730260610580444,-0.038134828209877014,0.7322719097137451,0.5476076602935791,-0.04752792790532112,0.4458758533000946,0.5266494750976562,-0.04429490864276886,0.5059515237808228,0.5361047387123108,-0.04999276250600815,0.5275082588195801,0.588443398475647,-0.06007733196020126,0.5206347703933716,0.6239385604858398,-0.06936082988977432,0.349588006734848,0.5487712621688843,-0.044234320521354675,0.4280645251274109,0.5583574771881104,-0.030611196532845497,0.4535199701786041,0.5970046520233154,-0.030819209292531013,0.4498632848262787,0.6262006163597107,-0.04514312371611595,0.28435373306274414,0.5886116623878479,-0.04081306979060173,0.35471993684768677,0.5949050784111023,-0.03410756215453148,0.378772497177124,0.6256674528121948,-0.03056672401726246,0.37295547127723694,0.6531783938407898,-0.03917143866419792,0.23753885924816132,0.6277881860733032,-0.03785955160856247,0.29247233271598816,0.6246721744537354,-0.03270529955625534,0.3183383345603943,0.6497939229011536,-0.018840592354536057,0.32157576084136963,0.6739519834518433,-0.01282542571425438
509181772433877_.pic_thumb.jpg,Left,0.8873671889305115,0.1732431799173355,0.40734219551086426,-4.156527211307548e-07,0.32268422842025757,0.39034172892570496,-0.020192719995975494,0.4263187050819397,0.34462785720825195,-0.034590452909469604,0.48621490597724915,0.309277206659317,-0.047398198395967484,0.5480998754501343,0.2989685833454132,-0.05919106677174568,0.3052315413951874,0.19367283582687378,-0.03373461589217186,0.34993183612823486,0.23987272381782532,-0.05232533812522888,0.34775665402412415,0.2887766361236572,-0.07997894287109375,0.3256353735923767,0.31096282601356506,-0.10285034775733948,0.20142190158367157,0.19833235442638397,-0.03908862546086311,0.26004913449287415,0.2414531707763672,-0.04244483634829521,0.2630518674850464,0.2806352376937866,-0.05851128324866295,0.24114465713500977,0.29859763383865356,-0.08130071312189102,0.12227928638458252,0.22884601354599,-0.04392675682902336,0.18036413192749023,0.25688043236732483,-0.05692311003804207,0.18875424563884735,0.2881562411785126,-0.06267146021127701,0.17228636145591736,0.3022259473800659,-0.07350730895996094,0.06417176127433777,0.26418769359588623,-0.049663614481687546,0.11502091586589813,0.2870849668979645,-0.06141524761915207,0.12851808965206146,0.3157133460044861,-0.0540563203394413,0.12153378129005432,0.33030396699905396,-0.05092345550656319
509061772433862_.pic_thumb.jpg,Left,0.9390730261802673,0.27352961897850037,0.7551114559173584,-1.3509738039374497e-07,0.43426382541656494,0.7049803733825684,-0.03533751890063286,0.530404269695282,0.629307210445404,-0.05521952360868454,0.5939191579818726,0.5707495212554932,-0.07022504508495331,0.6561893224716187,0.5411930680274963,-0.08250167220830917,0.35888028144836426,0.524506151676178,-0.04774181544780731,0.44936463236808777,0.5422585010528564,-0.07463105767965317,0.4735856056213379,0.587426483631134,-0.1049417033791542,0.46006178855895996,0.6131888628005981,-0.12776027619838715,0.268859326839447,0.5315120816230774,-0.04394874349236488,0.37197819352149963,0.5541289448738098,-0.058617085218429565,0.3916611969470978,0.5892996788024902,-0.07711755484342575,0.3680310845375061,0.6104451417922974,-0.09903068840503693,0.2046767622232437,0.5608057975769043,-0.04144536703824997,0.29362523555755615,0.5707343220710754,-0.058984823524951935,0.3129369020462036,0.5974161028862,-0.0639987662434578,0.2958463728427887,0.6161960363388062,-0.07276172935962677,0.15672501921653748,0.5953242778778076,-0.04128182679414749,0.22900493443012238,0.6020688414573669,-0.05578600615262985,0.24944263696670532,0.6260499954223633,-0.05098778009414673,0.23985333740711212,0.6446085572242737,-0.048479970544576645
508641772433819_.pic_thumb.jpg,Left,0.9517605304718018,0.3342650234699249,0.8401263952255249,-3.3909122976183426e-07,0.5070315003395081,0.7529860138893127,-0.0072959065437316895,0.6071316599845886,0.6576287746429443,-0.021692873910069466,0.6782547235488892,0.5947420001029968,-0.03807268291711807,0.758185625076294,0.5775400996208191,-0.05310763418674469,0.4188658893108368,0.5298629999160767,-0.03646316006779671,0.5194447636604309,0.5399259328842163,-0.06389349699020386,0.5394780039787292,0.5944258570671082,-0.09531619399785995,0.5167728662490845,0.6314515471458435,-0.11745630204677582,0.3022385239601135,0.5445356369018555,-0.04780793935060501,0.4091387391090393,0.5493572354316711,-0.052852340042591095,0.43045011162757874,0.595093309879303,-0.06268772482872009,0.4038247764110565,0.6292601823806763,-0.08077418804168701,0.21587347984313965,0.5827562808990479,-0.05756767839193344,0.3045921325683594,0.5798704624176025,-0.060414571315050125,0.32646626234054565,0.6189468502998352,-0.052655138075351715,0.30885422229766846,0.6507559418678284,-0.057078275829553604,0.14871498942375183,0.6260087490081787,-0.06847672164440155,0.2231716513633728,0.625525176525116,-0.0681162029504776,0.24731388688087463,0.6598104238510132,-0.049907486885786057,0.23807887732982635,0.6870521306991577,-0.03982122614979744
509341772433898_.pic_thumb.jpg,Left,0.9242317080497742,0.42708224058151245,0.7869797348976135,-5.20230116762832e-07,0.6030048131942749,0.7372946739196777,-0.009331067092716694,0.7123312950134277,0.6509101986885071,-0.018459081649780273,0.7866649031639099,0.5783821940422058,-0.025817926973104477,0.8659452199935913,0.5610256195068359,-0.03131992742419243,0.5687599182128906,0.502780020236969,-0.031740300357341766,0.6361910104751587,0.5254318714141846,-0.043355006724596024,0.642738938331604,0.5849806666374207,-0.06163255497813225,0.6169065237045288,0.6231500506401062,-0.07565376162528992,0.4617110788822174,0.5038983821868896,-0.03452771529555321,0.543912410736084,0.5332825183868408,-0.02614072524011135,0.5538462400436401,0.581456184387207,-0.033567313104867935,0.5264849662780762,0.6128498315811157,-0.051125168800354004,0.3788653314113617,0.5306904911994934,-0.03426837921142578,0.45293745398521423,0.5527604222297668,-0.030139369890093803,0.46781137585639954,0.5928696393966675,-0.029052801430225372,0.44824638962745667,0.6225911974906921,-0.038424450904130936,0.3130794167518616,0.5632010698318481,-0.034008193761110306,0.370532751083374,0.5759372711181641,-0.03291104733943939,0.38775214552879333,0.6112254858016968,-0.020166758447885513,0.3770499527454376,0.6393998861312866,-0.012998495250940323
508601772433815_.pic.jpg,Left,0.9436516761779785,0.4140051603317261,0.8579907417297363,-3.210783745544177e-07,0.5833269953727722,0.7565593719482422,0.004342579748481512,0.6699131727218628,0.654984176158905,-0.0018106430070474744,0.7435178160667419,0.5794694423675537,-0.007778019178658724,0.8264859318733215,0.5547540187835693,-0.011062787845730782,0.48984840512275696,0.5308061242103577,-0.029348032549023628,0.5871036648750305,0.52152419090271,-0.029385531321167946,0.6079416275024414,0.5773035287857056,-0.033183205872774124,0.5880358815193176,0.6179035902023315,-0.0368320494890213,0.372935950756073,0.5461558103561401,-0.03592978045344353,0.48005133867263794,0.5336348414421082,-0.011603529565036297,0.5043789148330688,0.577642560005188,-0.0022675301879644394,0.48679909110069275,0.6144258975982666,-0.011549114249646664,0.28483304381370544,0.5846277475357056,-0.0378350205719471,0.37452828884124756,0.5665249228477478,-0.014810238964855671,0.4012909531593323,0.6036420464515686,0.00020323708304204047,0.38811439275741577,0.6413474082946777,-0.005050077103078365,0.2189195454120636,0.6276179552078247,-0.039246685802936554,0.2919670045375824,0.6133822202682495,-0.02043009363114834,0.3215917646884918,0.6457269191741943,0.0031085549853742123,0.3178308606147766,0.6775955557823181,0.014199478551745415
IMG_9855.JPG,Right,0.9169142246246338,0.6995569467544556,0.542050302028656,-4.437363827491936e-07,0.6474341750144958,0.6189630031585693,-0.0033476934768259525,0.5956374406814575,0.6703031063079834,-0.015623364597558975,0.5583328604698181,0.7208199501037598,-0.02900748699903488,0.5498388409614563,0.7803364396095276,-0.04291575029492378,0.5335027575492859,0.5712841153144836,-0.016987519338726997,0.5202692747116089,0.5806237459182739,-0.01454033050686121,0.5480465888977051,0.5865878462791443,-0.014530071057379246,0.5707788467407227,0.590174674987793,-0.016752352938055992,0.5370134711265564,0.5125625133514404,-0.020100437104701996,0.5315881371498108,0.5344457030296326,-0.007302545011043549,0.5556132197380066,0.5447779297828674,-0.004226771183311939,0.576137125492096,0.5443194508552551,-0.00945703499019146,0.5538762807846069,0.4668485224246979,-0.021022923290729523,0.54842609167099,0.49446964263916016,-0.007431224919855595,0.5695757865905762,0.5059085488319397,-0.004118595737963915,0.5904691219329834,0.511489748954773,-0.00936440285295248,0.5746022462844849,0.4294184148311615,-0.02308139204978943,0.5711361765861511,0.4497915804386139,-0.009718747809529305,0.5887600183486938,0.4666469097137451,-0.00026194716338068247,0.6062995791435242,0.4760844111442566,0.0029858166817575693
IMG_9841.JPG,Right,0.9956446290016174,0.6478143930435181,0.5656970739364624,1.0465166866424624e-07,0.5890762209892273,0.5349487066268921,-0.014166084118187428,0.5394588708877563,0.5339504480361938,-0.02899111621081829,0.5003873109817505,0.5528822541236877,-0.04659435525536537,0.5106560587882996,0.5879291296005249,-0.06450162082910538,0.5037152767181396,0.6511833071708679,-0.020570091903209686,0.46551230549812317,0.7292851805686951,-0.04808966442942619,0.4490545392036438,0.7775391936302185,-0.07035314291715622,0.4385025203227997,0.8254507780075073,-0.08608631044626236,0.5320442914962769,0.6736687421798706,-0.029722435399889946,0.5000312328338623,0.7017367482185364,-0.06357146054506302,0.5186444520950317,0.6399201154708862,-0.07848489284515381,0.5367942452430725,0.6005520224571228,-0.08397382497787476,0.5659341812133789,0.6859825849533081,-0.040741484612226486,0.5427798628807068,0.7020854353904724,-0.0725226178765297,0.558174192905426,0.6380887031555176,-0.07367555797100067,0.5733346343040466,0.5979938507080078,-0.06807919591665268,0.6017918586730957,0.6911377906799316,-0.05355430766940117,0.5876097083091736,0.6997607946395874,-0.07473281025886536,0.5929880142211914,0.6517589092254639,-0.07433226704597473,0.6004091501235962,0.6158171892166138,-0.07030615210533142
IMG_9869.JPG,Right,0.9989694356918335,0.8158169984817505,0.5146171450614929,1.6587636153531093e-08,0.7690410614013672,0.48654988408088684,-0.034136269241571426,0.7230626344680786,0.4775521159172058,-0.06482712924480438,0.722670316696167,0.49744874238967896,-0.09377704560756683,0.7502452731132507,0.525969386100769,-0.12171845138072968,0.6801475882530212,0.6020685434341431,-0.06453052908182144,0.6719650030136108,0.698576033115387,-0.11237088590860367,0.6730803847312927,0.764012336730957,-0.14669913053512573,0.6782997250556946,0.8206133246421814,-0.16901931166648865,0.7195422053337097,0.6487108469009399,-0.06783079355955124,0.741034209728241,0.6387075185775757,-0.11810623854398727,0.7643330097198486,0.5645352005958557,-0.13240936398506165,0.7745732069015503,0.5167797207832336,-0.13630567491054535,0.7619753479957581,0.6669464111328125,-0.07426494359970093,0.7909055352210999,0.6339358687400818,-0.11299208551645279,0.8015656471252441,0.5671254396438599,-0.1039389967918396,0.8001134395599365,0.5280530452728271,-0.09198392927646637,0.8009362816810608,0.6704310178756714,-0.08531898260116577,0.8236895203590393,0.642208456993103,-0.1111588180065155,0.8297065496444702,0.5874899625778198,-0.10481752455234528,0.8216784000396729,0.5536402463912964,-0.09519457817077637
508841772433839_.pic_thumb.jpg,Left,0.7959043383598328,0.38808178901672363,0.7927929759025574,-3.83631459044409e-07,0.5266517400741577,0.7222102284431458,-0.006382247433066368,0.6073775887489319,0.6361986994743347,-0.017636334523558617,0.6604240536689758,0.5684842467308044,-0.029458696022629738,0.724113404750824,0.5429779291152954,-0.040179260075092316,0.462495893239975,0.5269739031791687,-0.032297853380441666,0.5240991711616516,0.5315729975700378,-0.05186043679714203,0.5398975610733032,0.5843297243118286,-0.07362063229084015,0.523171067237854,0.6205909848213196,-0.08948974311351776,0.36986660957336426,0.5420800447463989,-0.041229210793972015,0.437736451625824,0.5511264204978943,-0.04382722079753876,0.4560474753379822,0.5907169580459595,-0.05314888805150986,0.4428439140319824,0.6183082461357117,-0.07046801596879959,0.2991188168525696,0.5773057341575623,-0.048146896064281464,0.35860979557037354,0.5808468461036682,-0.05514536798000336,0.37523290514945984,0.6124469637870789,-0.05182914435863495,0.3628930151462555,0.635795533657074,-0.05766228586435318,0.24461305141448975,0.6156572699546814,-0.05510136857628822,0.2956845164299011,0.6116868257522583,-0.061076369136571884,0.3157441020011902,0.6403859257698059,-0.04743881896138191,0.31247127056121826,0.6631977558135986,-0.03934837132692337
IMG_9868.JPG,Right,0.9727694988250732,0.8994358777999878,0.5458000302314758,-5.680442995981139e-07,0.8708928227424622,0.6242040395736694,-0.03017587587237358,0.8188410997390747,0.6847703456878662,-0.06577051430940628,0.7783405780792236,0.7357468008995056,-0.09200826287269592,0.7497467994689941,0.7944963574409485,-0.11332306265830994,0.866455614566803,0.60524582862854,-0.14294524490833282,0.7442669868469238,0.5865780711174011,-0.17880819737911224,0.7652003169059753,0.6155481338500977,-0.17230039834976196,0.8018017411231995,0.624164879322052,-0.16047829389572144,0.8788270950317383,0.5216231942176819,-0.1394156515598297,0.7392618060112,0.5257644653320312,-0.17755840718746185,0.7632650136947632,0.5632405877113342,-0.15585964918136597,0.8024544715881348,0.5691115856170654,-0.1375369429588318,0.8755420446395874,0.4583074748516083,-0.13117288053035736,0.745174765586853,0.4687693119049072,-0.15431033074855804,0.7736225724220276,0.505864143371582,-0.11586501449346542,0.8117284178733826,0.5137298107147217,-0.08828552067279816,0.866914689540863,0.413814514875412,-0.12386231124401093,0.7728341221809387,0.4231562614440918,-0.1268896907567978,0.7873943448066711,0.4526086151599884,-0.09858833998441696,0.8180036544799805,0.46009111404418945,-0.0803709626197815
IMG_9840.JPG,Right,0.9983412027359009,0.6935182809829712,0.5321354269981384,1.0451373100295314e-07,0.6436041593551636,0.5073846578598022,-0.015625037252902985,0.5968083143234253,0.5118362903594971,-0.030177325010299683,0.565148115158081,0.5322144627571106,-0.04661043733358383,0.5827012062072754,0.5550944209098816,-0.06319303810596466,0.5684816837310791,0.6277575492858887,-0.0279564019292593,0.541223406791687,0.7059464454650879,-0.05506029725074768,0.5306634306907654,0.7531142830848694,-0.07592251896858215,0.5231807827949524,0.7993524074554443,-0.09129178524017334,0.59915691614151,0.6522898077964783,-0.03660358116030693,0.5765169262886047,0.6757025718688965,-0.07099781185388565,0.5908660888671875,0.6112958788871765,-0.08452723175287247,0.6046022176742554,0.5718919038772583,-0.08902797102928162,0.6342846751213074,0.6614355444908142,-0.04654572531580925,0.6238033771514893,0.6694257259368896,-0.07791274040937424,0.6339709758758545,0.6041232347488403,-0.07771303504705429,0.6431346535682678,0.5671534538269043,-0.07164834439754486,0.6697968244552612,0.6612356901168823,-0.05839864909648895,0.6646603941917419,0.659650444984436,-0.07886170595884323,0.6661795973777771,0.6114850044250488,-0.07737129926681519,0.6681680679321289,0.5796598792076111,-0.07286164164543152
IMG_9854.JPG,Right,0.9699180126190186,0.6167969107627869,0.538665771484375,-4.2689691781561123e-07,0.5630667209625244,0.6081315279006958,-0.007899877615272999,0.5104343891143799,0.6499749422073364,-0.02207026816904545,0.4750145673751831,0.6890929341316223,-0.03632071241736412,0.4638615548610687,0.7437212467193604,-0.050336454063653946,0.4442390501499176,0.5430933237075806,-0.023406654596328735,0.45905905961990356,0.5456687808036804,-0.026740629225969315,0.4890444576740265,0.5511001348495483,-0.031371768563985825,0.509050726890564,0.5605762004852295,-0.03668845444917679,0.45434466004371643,0.4848577380180359,-0.027094334363937378,0.47502949833869934,0.4960634112358093,-0.01842418871819973,0.49988996982574463,0.5053282380104065,-0.017659708857536316,0.5173479318618774,0.5098550915718079,-0.024317583069205284,0.4785252809524536,0.44172167778015137,-0.029425038024783134,0.49770596623420715,0.461631715297699,-0.020185746252536774,0.5180689096450806,0.4734254777431488,-0.018378814682364464,0.5325828790664673,0.4816441237926483,-0.024219119921326637,0.5069162845611572,0.40851226449012756,-0.03367636352777481,0.524941623210907,0.4238307774066925,-0.02471601776778698,0.5415893197059631,0.4382759630680084,-0.018591083586215973,0.5524088740348816,0.44731637835502625,-0.01743287779390812
509271772433889_.pic_thumb.jpg,Left,0.9665541648864746,0.306606650352478,0.904633104801178,7.929853040877788e-08,0.48300862312316895,0.8308194875717163,-0.036258336156606674,0.5862985253334045,0.7333689332008362,-0.057590387761592865,0.664538562297821,0.6617013216018677,-0.07435619086027145,0.7436967492103577,0.6232056021690369,-0.08635342866182327,0.40140342712402344,0.6234252452850342,-0.03425920009613037,0.5043745636940002,0.6348304748535156,-0.06060599908232689,0.5159255266189575,0.6820400953292847,-0.09218570590019226,0.4878402650356293,0.7038020491600037,-0.11593024432659149,0.2965061068534851,0.6397095918655396,-0.03018592670559883,0.404975026845932,0.650221586227417,-0.04071563854813576,0.4246118366718292,0.6887759566307068,-0.05850374698638916,0.3931514322757721,0.7110275030136108,-0.08103686571121216,0.21648827195167542,0.6797993183135986,-0.02859821543097496,0.30982446670532227,0.6753498315811157,-0.0405866838991642,0.33150559663772583,0.7059263586997986,-0.04142668843269348,0.3079020380973816,0.7279358506202698,-0.048415523022413254,0.159061461687088,0.7230468392372131,-0.029745275154709816,0.23574630916118622,0.7207088470458984,-0.037500422447919846,0.25761091709136963,0.7457310557365417,-0.02758702076971531,0.24150793254375458,0.7658244371414185,-0.022018639370799065
509061772433862_.pic.jpg,Left,0.9091200828552246,0.2857822775840759,0.7632263898849487,-2.9642960086562198e-08,0.4421633780002594,0.7032591104507446,-0.03772741183638573,0.5320513248443604,0.629193902015686,-0.057883959263563156,0.6047561764717102,0.5721593499183655,-0.07102009654045105,0.6719155311584473,0.5436558723449707,-0.08039762079715729,0.3582320809364319,0.5225902795791626,-0.04637690261006355,0.45159316062927246,0.5349333882331848,-0.05832095444202423,0.48173919320106506,0.5824015140533447,-0.0751064345240593,0.47569483518600464,0.6131296157836914,-0.08911565691232681,0.26887935400009155,0.5309934020042419,-0.03616298362612724,0.37773677706718445,0.5486068725585938,-0.03535408899188042,0.40607118606567383,0.5861246585845947,-0.0463220588862896,0.39309775829315186,0.6133682131767273,-0.06506176292896271,0.20636270940303802,0.5626144409179688,-0.026323679834604263,0.2975761294364929,0.5664149522781372,-0.03155488520860672,0.32429957389831543,0.5943675637245178,-0.03688356280326843,0.3133286237716675,0.6205302476882935,-0.048167336732149124,0.16112181544303894,0.5996304750442505,-0.018509170040488243,0.23109446465969086,0.5992372632026672,-0.02542892098426819,0.2570904493331909,0.6232784986495972,-0.02090979926288128,0.2542816400527954,0.6471472978591919,-0.01951173134148121
508741772433829_.pic.jpg,Left,0.9163336753845215,0.3607637882232666,0.7561517953872681,-1.2628940737613448e-07,0.5570996999740601,0.6468545198440552,-0.008090895600616932,0.6652392745018005,0.5442256927490234,-0.023843538016080856,0.7419030070304871,0.45778581500053406,-0.03749779611825943,0.7861389517784119,0.4108244776725769,-0.047851450741291046,0.46533718705177307,0.3897377550601959,-0.03697723150253296,0.5387182831764221,0.3890419602394104,-0.04353126510977745,0.5546024441719055,0.45307281613349915,-0.059042323380708694,0.5384473204612732,0.49383118748664856,-0.07203588634729385,0.33640360832214355,0.4113633334636688,-0.0413581058382988,0.41780176758766174,0.41860660910606384,-0.01757471077144146,0.4389156401157379,0.4704798758029938,-0.01824512705206871,0.4302736520767212,0.5085986852645874,-0.038028180599212646,0.23053166270256042,0.457781583070755,-0.04186078906059265,0.30800139904022217,0.45519793033599854,-0.023109756410121918,0.3350166082382202,0.49893277883529663,-0.013420110568404198,0.33084791898727417,0.539906919002533,-0.023212388157844543,0.14907902479171753,0.5071872472763062,-0.042348794639110565,0.2180389165878296,0.5054605007171631,-0.024675633758306503,0.25319594144821167,0.5411338210105896,0.00031085748923942447,0.2587161660194397,0.5742924213409424,0.012459981255233288
509151772433873_.pic_thumb.jpg,Left,0.8530874252319336,0.1438828855752945,0.681782066822052,-3.432517701185134e-07,0.28442439436912537,0.6252409815788269,-0.007176796440035105,0.36356228590011597,0.5478914976119995,-0.01791812665760517,0.42392802238464355,0.49128276109695435,-0.030266134068369865,0.48896533250808716,0.4709615111351013,-0.04121924564242363,0.2307480275630951,0.46126648783683777,-0.017433853819966316,0.29492440819740295,0.4738647937774658,-0.03945599123835564,0.30301469564437866,0.511589527130127,-0.06633181124925613,0.28297919034957886,0.5320842266082764,-0.0853099450469017,0.14582346379756927,0.4730795919895172,-0.02554745227098465,0.21499870717525482,0.4839813709259033,-0.029703881591558456,0.22588413953781128,0.5130478739738464,-0.03979194909334183,0.2050670087337494,0.5316304564476013,-0.055960092693567276,0.0827711671590805,0.5016535520553589,-0.033559102565050125,0.14289088547229767,0.5034326910972595,-0.03836873918771744,0.15681199729442596,0.5277759432792664,-0.034529875963926315,0.14192891120910645,0.5455632209777832,-0.03865336999297142,0.036434441804885864,0.5330930352210999,-0.042508237063884735,0.08814825117588043,0.5362535715103149,-0.04135263338685036,0.10467500984668732,0.5587525367736816,-0.026435308158397675,0.09782060980796814,0.5757541060447693,-0.01829994097352028
IMG_9842.JPG,Right,0.9991734623908997,0.5812402367591858,0.5664680004119873,2.1862737753508554e-07,0.5355560779571533,0.5363465547561646,-0.02158396877348423,0.4828128218650818,0.5358862280845642,-0.039118457585573196,0.4411238431930542,0.5517607927322388,-0.057614557445049286,0.4468865394592285,0.5903945565223694,-0.07619091123342514,0.44929736852645874,0.6591382622718811,-0.030891619622707367,0.4076862037181854,0.7304085493087769,-0.05913354456424713,0.3825817108154297,0.7777360677719116,-0.07941441237926483,0.36485689878463745,0.8220148086547852,-0.09440205246210098,0.4752919673919678,0.6875415444374084,-0.03818674758076668,0.43414247035980225,0.7058162689208984,-0.07717148214578629,0.4541540741920471,0.6436736583709717,-0.09122299402952194,0.4740074872970581,0.6062019467353821,-0.09379962831735611,0.5077382326126099,0.7037284970283508,-0.047422993928194046,0.47892922163009644,0.707931399345398,-0.08592547476291656,0.49479636549949646,0.6412366032600403,-0.0857216939330101,0.5111157894134521,0.6043301820755005,-0.07725338637828827,0.5439393520355225,0.7125117778778076,-0.05862509459257126,0.5250036716461182,0.7042309045791626,-0.08644741028547287,0.5329747200012207,0.6513590812683105,-0.08550632745027542,0.5442418456077576,0.6185754537582397,-0.07945030927658081
IMG_9856.JPG,Right,0.9676706790924072,0.7705812454223633,0.5464370846748352,-4.927351255901158e-07,0.7157410383224487,0.6187856197357178,3.4169450373155996e-05,0.6646355390548706,0.664189338684082,-0.01084450725466013,0.6246073246002197,0.712617814540863,-0.023320676758885384,0.6129243969917297,0.7729533314704895,-0.035740241408348083,0.6177439093589783,0.575481116771698,-0.017130421474575996,0.5783984065055847,0.5796487331390381,-0.017004068940877914,0.6035081148147583,0.5898352265357971,-0.014279286377131939,0.6292454600334167,0.594865620136261,-0.013288751244544983,0.6203403472900391,0.5178523063659668,-0.021229291334748268,0.583460807800293,0.5346871018409729,-0.013816925697028637,0.6036008596420288,0.5498101711273193,-0.008739535696804523,0.6262661218643188,0.5499536395072937,-0.010543104261159897,0.6325950026512146,0.4710777699947357,-0.022972645238041878,0.5926952958106995,0.49148568511009216,-0.012947495095431805,0.6097131371498108,0.5076553821563721,-0.0047185770235955715,0.6322142481803894,0.5134080648422241,-0.005233435425907373,0.648192286491394,0.4337978959083557,-0.025004414841532707,0.6142820715904236,0.45282161235809326,-0.012925432994961739,0.6258388161659241,0.47287023067474365,-0.00017214145918842405,0.6432976722717285,0.4815886914730072,0.0058405715972185135
IMG_9857.JPG,Right,0.9676698446273804,0.8472695350646973,0.5551808476448059,-4.3912871205975534e-07,0.7917153239250183,0.6253480911254883,-0.004459584131836891,0.7370210289955139,0.6764165163040161,-0.017476623877882957,0.696790337562561,0.7297303080558777,-0.03061586432158947,0.6853173971176147,0.7876251935958862,-0.042662616819143295,0.6981906890869141,0.5969379544258118,-0.02964821830391884,0.6444812417030334,0.5981324911117554,-0.030744174495339394,0.6693910956382751,0.6048686504364014,-0.02414798177778721,0.6959962844848633,0.6092215180397034,-0.019798990339040756,0.7001994848251343,0.5365406274795532,-0.031670842319726944,0.6501248478889465,0.5493855476379395,-0.027248041704297066,0.6725320219993591,0.5601054430007935,-0.018797390162944794,0.6965346932411194,0.560102105140686,-0.017504485324025154,0.7096224427223206,0.48676419258117676,-0.03125038743019104,0.6579569578170776,0.5056579113006592,-0.023156652227044106,0.6787099242210388,0.5169017314910889,-0.011920524761080742,0.7028462886810303,0.519331157207489,-0.009951652027666569,0.7225127220153809,0.448588490486145,-0.03135090321302414,0.6777071356773376,0.4661495089530945,-0.02195662260055542,0.6932900547981262,0.4809315502643585,-0.009005392901599407,0.7140611410140991,0.4857049584388733,-0.002495030639693141
509041772433859_.pic.jpg,Left,0.9285176396369934,0.4727199971675873,0.8547420501708984,-1.7985172462431365e-07,0.6317012906074524,0.768351674079895,-0.018826372921466827,0.7126291990280151,0.6792848110198975,-0.0349515862762928,0.7663167119026184,0.6040027737617493,-0.044699154794216156,0.8268942832946777,0.5704906582832336,-0.04907185584306717,0.5247349739074707,0.5817016959190369,-0.06235557422041893,0.6218172311782837,0.5746504664421082,-0.07155510038137436,0.6500715017318726,0.6319378614425659,-0.07558031380176544,0.6343600153923035,0.6709756851196289,-0.07813587784767151,0.4272608757019043,0.5965114235877991,-0.05539528653025627,0.5403997898101807,0.5950132608413696,-0.04635816439986229,0.5711694955825806,0.6399335265159607,-0.04076341167092323,0.5595059990882874,0.6751288175582886,-0.049648936837911606,0.3620050251483917,0.6292242407798767,-0.0449683740735054,0.4663076400756836,0.6273353099822998,-0.037101950496435165,0.491275817155838,0.6624443531036377,-0.02589195780456066,0.4772694408893585,0.6951131820678711,-0.029437309131026268,0.31693559885025024,0.662889838218689,-0.03534213453531265,0.40037527680397034,0.6553773880004883,-0.030170325189828873,0.42772600054740906,0.6836938858032227,-0.01669052056968212,0.4261060059070587,0.7113803625106812,-0.010472824797034264
IMG_9843.JPG,Right,0.9992745518684387,0.5623822212219238,0.6353632211685181,2.117899100539944e-07,0.5143845081329346,0.6085561513900757,-0.02264290302991867,0.45720192790031433,0.6199321746826172,-0.039454296231269836,0.4147776961326599,0.6470091342926025,-0.05730671435594559,0.4244014322757721,0.692029595375061,-0.0759766548871994,0.4335900843143463,0.7562131881713867,-0.032319437712430954,0.3949604630470276,0.8423400521278381,-0.061604902148246765,0.37253621220588684,0.897475004196167,-0.08215708285570145,0.35842210054397583,0.946395754814148,-0.09730023145675659,0.46443119645118713,0.7779245972633362,-0.040165528655052185,0.4213974177837372,0.8189922571182251,-0.08206772059202194,0.43550604581832886,0.7514609098434448,-0.09811897575855255,0.45106300711631775,0.7028119564056396,-0.10130362957715988,0.5010331869125366,0.7877791523933411,-0.04995817318558693,0.46944740414619446,0.817792534828186,-0.09327718615531921,0.47857576608657837,0.7434041500091553,-0.09497679024934769,0.49007517099380493,0.6924036145210266,-0.08640024065971375,0.5418007969856262,0.7913364171981812,-0.061382442712783813,0.517781674861908,0.8067929744720459,-0.09425926208496094,0.520072877407074,0.7491946816444397,-0.09445658326148987,0.5289455652236938,0.7046859860420227,-0.088252954185009
508751772433830_.pic.jpg,Left,0.9734491109848022,0.38584309816360474,0.8257842659950256,-4.5236905066303734e-07,0.5594568252563477,0.7034205198287964,0.015630481764674187,0.649884045124054,0.5926951169967651,0.011322064325213432,0.7352619171142578,0.5138287544250488,0.005303030833601952,0.8230054378509521,0.49140071868896484,0.0018176002195104957,0.45717206597328186,0.455532968044281,-0.02378060482442379,0.5168576836585999,0.43830186128616333,-0.014470460824668407,0.538719892501831,0.49795451760292053,-0.01557810977101326,0.5280638933181763,0.5421816110610962,-0.019422827288508415,0.3180389106273651,0.47550857067108154,-0.034955307841300964,0.39927560091018677,0.4635641872882843,0.003546652849763632,0.4249027967453003,0.5123692154884338,0.016151808202266693,0.4138268828392029,0.553923487663269,0.004304902628064156,0.21205878257751465,0.5199743509292603,-0.0388360358774662,0.28984731435775757,0.5034282803535461,-0.002363810082897544,0.3181385397911072,0.5462629795074463,0.016673678532242775,0.3104528784751892,0.5923675894737244,0.009911488741636276,0.13034147024154663,0.5682408213615417,-0.041547682136297226,0.19647535681724548,0.5494462251663208,-0.011005938053131104,0.23146942257881165,0.5837475061416626,0.02028748206794262,0.2346208542585373,0.6224361062049866,0.03497149050235748
508851772433840_.pic.jpg,Left,0.9444061517715454,0.42570456862449646,0.7808471918106079,-5.238799758444657e-07,0.5577249526977539,0.7130504846572876,-0.0048412149772048,0.6294841766357422,0.6313231587409973,-0.014668616466224194,0.6755209565162659,0.5649086236953735,-0.022343680262565613,0.7391847372055054,0.5419226288795471,-0.028767168521881104,0.48023393750190735,0.5237694978713989,-0.04924214631319046,0.516610324382782,0.5315895676612854,-0.05417609214782715,0.5285733342170715,0.5821466445922852,-0.05928086116909981,0.5189381241798401,0.6169812083244324,-0.06462960690259933,0.3866408169269562,0.5378696918487549,-0.05180102586746216,0.4442407488822937,0.5566092133522034,-0.03625093400478363,0.4636274576187134,0.5971978306770325,-0.029976530000567436,0.46012115478515625,0.6248148679733276,-0.04022589698433876,0.31819409132003784,0.5722602009773254,-0.04939503222703934,0.37380528450012207,0.5873349905014038,-0.03947245329618454,0.39292412996292114,0.6190247535705566,-0.030085017904639244,0.38796550035476685,0.6448217630386353,-0.03568320721387863,0.26540407538414,0.6074098348617554,-0.04690718650817871,0.3122105300426483,0.6145744919776917,-0.040132950991392136,0.33582568168640137,0.6412252187728882,-0.0245745200663805,0.33930960297584534,0.6636204719543457,-0.01749330572783947
IMG_9788.JPG,Right,0.9421520829200745,0.812900185585022,0.5676494836807251,-3.554078489287349e-07,0.7474135756492615,0.6411701440811157,-0.005496755242347717,0.6846815943717957,0.6962339282035828,-0.021926430985331535,0.6357477903366089,0.7523341774940491,-0.04011309891939163,0.617885172367096,0.8192838430404663,-0.057922203093767166,0.623890221118927,0.6083054542541504,-0.022255809977650642,0.567318856716156,0.5909560322761536,-0.02788018248975277,0.5843200087547302,0.5916473865509033,-0.026978811249136925,0.6071630716323853,0.5942983031272888,-0.026685114949941635,0.6297851800918579,0.5431324243545532,-0.0271113533526659,0.5631662011146545,0.5442877411842346,-0.025101499632000923,0.5742086172103882,0.5524280667304993,-0.02166629582643509,0.5946380496025085,0.5530247688293457,-0.02362574264407158,0.6432680487632751,0.4874972999095917,-0.031020766124129295,0.568131148815155,0.4964718520641327,-0.026839591562747955,0.5737148523330688,0.5099022388458252,-0.018904011696577072,0.5913443565368652,0.5163264274597168,-0.01811583712697029,0.6613152623176575,0.439596563577652,-0.035724494606256485,0.5994722843170166,0.45508894324302673,-0.02950950153172016,0.5909668207168579,0.4720429480075836,-0.01831875368952751,0.5930233001708984,0.48102888464927673,-0.012220225296914577
509231772433883_.pic_thumb.jpg,Left,0.9161370992660522,0.08477865159511566,0.616245448589325,6.770633831365558e-08,0.22750131785869598,0.5512313842773438,-0.045754656195640564,0.32470351457595825,0.4574092626571655,-0.05670933052897453,0.40563586354255676,0.3890739381313324,-0.061341792345047,0.49038979411125183,0.3610360622406006,-0.061847977340221405,0.15253905951976776,0.36872249841690063,0.009304512292146683,0.21467913687229156,0.3695704936981201,0.004630856681615114,0.2426261603832245,0.40984490513801575,-0.01850704476237297,0.24810875952243805,0.431975394487381,-0.03740228712558746,0.07552693784236908,0.37627071142196655,0.028704382479190826,0.133693665266037,0.3866978883743286,0.037583641707897186,0.16979873180389404,0.42191237211227417,0.013979224488139153,0.17590269446372986,0.4444112777709961,-0.013925664126873016,0.022565871477127075,0.39875349402427673,0.042702823877334595,0.06975765526294708,0.40595200657844543,0.045866042375564575,0.10044385492801666,0.4357842206954956,0.03040154278278351,0.1046375185251236,0.45961999893188477,0.012960308231413364,-0.009123146533966064,0.4219098687171936,0.05212463065981865,0.023878753185272217,0.420377641916275,0.05638258159160614,0.03894795477390289,0.4432052969932556,0.05892384424805641,0.03596627712249756,0.4637162387371063,0.057887785136699677
IMG_9777.JPG,Right,0.9987740516662598,0.8439437747001648,0.49146950244903564,4.83100706105688e-08,0.785463809967041,0.47408899664878845,-0.023416412994265556,0.7334040999412537,0.48480409383773804,-0.04724016413092613,0.7080880999565125,0.4977179765701294,-0.07171764224767685,0.737438976764679,0.5150428414344788,-0.09514019638299942,0.7218210697174072,0.6226838827133179,-0.04977183789014816,0.7034814357757568,0.6939137578010559,-0.08214450627565384,0.6915034651756287,0.7430140972137451,-0.10458878427743912,0.6851468086242676,0.7875044345855713,-0.12107834219932556,0.7635703682899475,0.6486666202545166,-0.058673735707998276,0.7530164122581482,0.6138002872467041,-0.103802889585495,0.7627779841423035,0.5386354923248291,-0.11394888162612915,0.7762128114700317,0.4939979314804077,-0.11308059841394424,0.8069130182266235,0.6455281972885132,-0.06902386993169785,0.7957838773727417,0.5857314467430115,-0.10498072952032089,0.7956661581993103,0.5198127031326294,-0.0978497564792633,0.8012778759002686,0.48620766401290894,-0.0854266807436943,0.8434486985206604,0.6250829696655273,-0.0828021839261055,0.8309599757194519,0.5684021711349487,-0.10271990299224854,0.826725423336029,0.5233312249183655,-0.09640705585479736,0.826420247554779,0.5025302171707153,-0.08730592578649521
IMG_9763.JPG,Right,0.9944900274276733,0.834472119808197,0.8266010880470276,-1.9910639537101815e-07,0.7674131393432617,0.7892497181892395,-0.004401794169098139,0.7041035890579224,0.694279670715332,-0.020352056249976158,0.6643396615982056,0.6104817390441895,-0.03493571653962135,0.6227700710296631,0.5606441497802734,-0.04372723400592804,0.6746060252189636,0.7063845992088318,-0.06900513917207718,0.683093786239624,0.5505210757255554,-0.09926249086856842,0.7149619460105896,0.5714672803878784,-0.09825924038887024,0.7202271223068237,0.6203978061676025,-0.09002901613712311,0.7206524014472961,0.7110232710838318,-0.08039964735507965,0.7313799262046814,0.5375938415527344,-0.10891889035701752,0.7608916759490967,0.5751688480377197,-0.09651998430490494,0.7633956074714661,0.6311375498771667,-0.0832851231098175,0.7768977880477905,0.709473192691803,-0.08992044627666473,0.7868805527687073,0.5434788465499878,-0.10961566865444183,0.8051681518554688,0.5843296051025391,-0.08231158554553986,0.8053764700889587,0.6383789777755737,-0.06054476648569107,0.8344589471817017,0.7056659460067749,-0.09917771816253662,0.8391762971878052,0.5763062238693237,-0.10782407969236374,0.8435667157173157,0.602685272693634,-0.08869440853595734,0.8383285999298096,0.6478550434112549,-0.07373502105474472
508851772433840_.pic_thumb.jpg,Left,0.925691545009613,0.4070969223976135,0.781141459941864,-4.3818559447572625e-07,0.5455226302146912,0.7123286128044128,-0.00335457781329751,0.6233329772949219,0.6301671266555786,-0.012696919962763786,0.6719288229942322,0.5666517019271851,-0.022799598053097725,0.7305254340171814,0.5406056642532349,-0.031802769750356674,0.47960013151168823,0.5203076004981995,-0.032417211681604385,0.526597261428833,0.52867591381073,-0.05081774294376373,0.5390125513076782,0.5810225605964661,-0.07141407579183578,0.5244309306144714,0.6156800985336304,-0.08667130023241043,0.38761457800865173,0.534288763999939,-0.042190250009298325,0.44712209701538086,0.5481306910514832,-0.04561489075422287,0.46155881881713867,0.589604914188385,-0.05421445891261101,0.44634807109832764,0.6160516738891602,-0.07050216943025589,0.3169291615486145,0.5689062476158142,-0.04931574687361717,0.3703991174697876,0.5791721343994141,-0.05697241425514221,0.3848121166229248,0.6118937730789185,-0.05382081866264343,0.3719812035560608,0.6339423656463623,-0.059105489403009415,0.26210230588912964,0.6048893332481384,-0.05620783194899559,0.3098194897174835,0.6102545857429504,-0.06230327486991882,0.32770591974258423,0.6398711204528809,-0.049256451427936554,0.3223048746585846,0.6610501408576965,-0.04133899137377739
509151772433873_.pic.jpg,Left,0.911095142364502,0.16282439231872559,0.6763176918029785,-2.872857862712408e-07,0.29967209696769714,0.6177524924278259,-0.02316168323159218,0.377252995967865,0.5499255061149597,-0.04025968164205551,0.438198983669281,0.49707120656967163,-0.05515230819582939,0.4975951015949249,0.47075578570365906,-0.06797778606414795,0.22189152240753174,0.45664089918136597,-0.04042249172925949,0.29735276103019714,0.4735705256462097,-0.0582844503223896,0.3179008960723877,0.5099615454673767,-0.08075809478759766,0.3062516450881958,0.5308864712715149,-0.0981392040848732,0.13491792976856232,0.47471562027931213,-0.039846207946538925,0.22135207056999207,0.4897666871547699,-0.042758598923683167,0.24058407545089722,0.5177890658378601,-0.05306986719369888,0.22341319918632507,0.5388532876968384,-0.0713350847363472,0.0756564736366272,0.5086141228675842,-0.038730643689632416,0.14746318757534027,0.5127973556518555,-0.043230656534433365,0.1673487424850464,0.535969614982605,-0.04292575269937515,0.1552150398492813,0.5564310550689697,-0.05098481848835945,0.03314213454723358,0.541905403137207,-0.03957101330161095,0.09093199670314789,0.5481266975402832,-0.042013123631477356,0.11423103511333466,0.5686132311820984,-0.032943546772003174,0.11281339824199677,0.5867413878440857,-0.029669927433133125
IMG_9818.JPG,Right,0.9970053434371948,0.7623851895332336,0.580867350101471,1.085645138232394e-07,0.719804048538208,0.5902554392814636,-0.014037368819117546,0.6914811134338379,0.6310374736785889,-0.02171063981950283,0.6960002183914185,0.677893340587616,-0.029746539890766144,0.7191970348358154,0.703174889087677,-0.03824272006750107,0.6964725255966187,0.7105700969696045,-0.008709417656064034,0.6906202435493469,0.7723475694656372,-0.024901000782847404,0.6917502880096436,0.814095675945282,-0.037587136030197144,0.6930640935897827,0.8488682508468628,-0.04728473350405693,0.7252158522605896,0.7138680219650269,-0.013058320619165897,0.7224645018577576,0.7663224935531616,-0.037817779928445816,0.7296248078346252,0.7224024534225464,-0.04930664598941803,0.730676531791687,0.6867321729660034,-0.05169510096311569,0.7527289390563965,0.7065508365631104,-0.01940321736037731,0.7542353868484497,0.7482537031173706,-0.045874666422605515,0.753569483757019,0.700492262840271,-0.04882781580090523,0.7483473420143127,0.6657209396362305,-0.043838050216436386,0.7787280082702637,0.6909456253051758,-0.02660178206861019,0.7793852090835571,0.7240921854972839,-0.04557463154196739,0.7746392488479614,0.6899273991584778,-0.04529998078942299,0.7669702172279358,0.6612569093704224,-0.04088184982538223
IMG_9824.JPG,Right,0.9986336827278137,0.7989527583122253,0.5969634652137756,9.098466335899502e-08,0.7565046548843384,0.6088170409202576,-0.007341158576309681,0.7279126048088074,0.6541582345962524,-0.01047167181968689,0.732025146484375,0.7018431425094604,-0.01461653970181942,0.7583186626434326,0.7248115539550781,-0.01983865164220333,0.7361912131309509,0.7211427092552185,-0.0023884449619799852,0.7321982979774475,0.7808962464332581,-0.013138964772224426,0.7346640825271606,0.8218857645988464,-0.023094110190868378,0.7368071675300598,0.8564382791519165,-0.03158107399940491,0.7624635100364685,0.726937472820282,-0.00852793175727129,0.7598263621330261,0.7796674370765686,-0.023745622485876083,0.764394998550415,0.7454673647880554,-0.032433051615953445,0.7656269669532776,0.7168610692024231,-0.035591356456279755,0.7889686822891235,0.7205571532249451,-0.01570863276720047,0.7910475730895996,0.7637760043144226,-0.034568943083286285,0.7899425625801086,0.7189029455184937,-0.03653191775083542,0.7845826745033264,0.6866166591644287,-0.03328283131122589,0.8155932426452637,0.7041351795196533,-0.023218363523483276,0.815994918346405,0.7407360672950745,-0.03732796758413315,0.8118675947189331,0.7084188461303711,-0.03507981449365616,0.8062427639961243,0.680571436882019,-0.030759206041693687
IMG_9830.JPG,Right,0.996685802936554,0.8181173801422119,0.617859423160553,6.539926999948875e-08,0.7758551239967346,0.6281538605690002,-0.019685376435518265,0.7467612028121948,0.6697819232940674,-0.03198538348078728,0.7552273273468018,0.7116085886955261,-0.04403000697493553,0.7800041437149048,0.7387592792510986,-0.0565737709403038,0.7509970664978027,0.7738441228866577,-0.020174367353320122,0.7495460510253906,0.8473151922225952,-0.04135841503739357,0.7532119154930115,0.8951044082641602,-0.05652609467506409,0.757983922958374,0.9345411658287048,-0.06762270629405975,0.786442756652832,0.774075984954834,-0.024473734200000763,0.7858832478523254,0.8268447518348694,-0.05632220208644867,0.7932326197624207,0.7723275423049927,-0.06968721747398376,0.7943724989891052,0.7302958965301514,-0.07202531397342682,0.8191977143287659,0.7618809938430786,-0.030787425115704536,0.8255731463432312,0.801676869392395,-0.0638565719127655,0.8226881623268127,0.7452790141105652,-0.06579403579235077,0.8149815797805786,0.7045236229896545,-0.05862226337194443,0.8490102291107178,0.740929126739502,-0.03821779415011406,0.8538213968276978,0.7769515514373779,-0.061049386858940125,0.8459832072257996,0.7380957007408142,-0.05915230140089989,0.8347983956336975,0.7065898180007935,-0.05262528732419014
508621772433817_.pic.jpg,Left,0.9749550223350525,0.4871918261051178,0.8357024788856506,-6.760297424079909e-07,0.6383845806121826,0.7457422018051147,0.035573363304138184,0.7142403721809387,0.6554722189903259,0.04602333530783653,0.7838877439498901,0.5883733630180359,0.048667062073946,0.8622362613677979,0.5660027265548706,0.049704354256391525,0.5644158124923706,0.5139655470848083,0.02182043343782425,0.6143310070037842,0.5216098427772522,0.0346071831882,0.6247391104698181,0.571283757686615,0.02836052142083645,0.6157649755477905,0.6087875366210938,0.02099265344440937,0.44389423727989197,0.5236951112747192,0.0031059470493346453,0.5035140514373779,0.5339508652687073,0.04055435582995415,0.5148051381111145,0.5766837000846863,0.04407373070716858,0.5048884153366089,0.6139234304428101,0.03155713528394699,0.3492349684238434,0.5614204406738281,-0.009128911420702934,0.39596712589263916,0.5611221790313721,0.019821619614958763,0.4184688925743103,0.5980042219161987,0.02416802942752838,0.41835540533065796,0.634283185005188,0.01387415174394846,0.2732539474964142,0.6064755916595459,-0.017955303192138672,0.31532612442970276,0.6003440022468567,0.003487071255221963,0.34511059522628784,0.6335153579711914,0.024141917005181313,0.3556927740573883,0.6660528779029846,0.03504280000925064
IMG_9831.JPG,Right,0.9970130920410156,0.8219008445739746,0.6033679842948914,1.4758118993540847e-07,0.7829501032829285,0.6096422672271729,-0.02694668248295784,0.7534231543540955,0.6455118656158447,-0.045576371252536774,0.7594501972198486,0.6824471354484558,-0.06319711357355118,0.7854940295219421,0.714884877204895,-0.08119020611047745,0.7531748414039612,0.7563273906707764,-0.030397552996873856,0.7526624202728271,0.8288271427154541,-0.05763489007949829,0.7557967305183411,0.8790620565414429,-0.07684963196516037,0.7617573738098145,0.9202606678009033,-0.09061918407678604,0.7902482748031616,0.7583892941474915,-0.034444909542798996,0.7899460196495056,0.8066237568855286,-0.07384654134511948,0.7964503169059753,0.7469452023506165,-0.08970198780298233,0.7979943752288818,0.7038757801055908,-0.09278420358896255,0.8254522681236267,0.747392475605011,-0.04131355136632919,0.8325757384300232,0.7828928828239441,-0.08135756850242615,0.8290098905563354,0.7215091586112976,-0.08338890969753265,0.8222968578338623,0.6795786619186401,-0.07535108178853989,0.8578070998191833,0.7265791893005371,-0.04998648911714554,0.862706184387207,0.7544480562210083,-0.07836048305034637,0.8545970916748047,0.7121343612670898,-0.07751582562923431,0.8437015414237976,0.6819239854812622,-0.07112705707550049
508991772433854_.pic.jpg,Left,0.9424833655357361,0.6857537627220154,0.43203598260879517,-5.163360583537724e-07,0.7938674688339233,0.4027116298675537,0.024254538118839264,0.8632226586341858,0.3641454577445984,0.0364004448056221,0.9211665987968445,0.3320518732070923,0.04407234862446785,0.9751222133636475,0.3267815113067627,0.04934275895357132,0.7894600629806519,0.2433670163154602,0.02573084644973278,0.7842694520950317,0.26729685068130493,0.050751566886901855,0.7790617942810059,0.3024551272392273,0.054911933839321136,0.7742941975593567,0.3236757516860962,0.053197525441646576,0.7067571878433228,0.24158723652362823,0.015128250233829021,0.7164866924285889,0.2719358205795288,0.057180650532245636,0.7172355651855469,0.30191686749458313,0.057783327996730804,0.7148708701133728,0.32345831394195557,0.04290352016687393,0.636658787727356,0.25984153151512146,0.010339433327317238,0.6483029723167419,0.2835681140422821,0.039785176515579224,0.6583675742149353,0.31060290336608887,0.03553841635584831,0.6596819758415222,0.33259719610214233,0.01964588463306427,0.5772595405578613,0.2803933322429657,0.008080055937170982,0.5908206105232239,0.300674170255661,0.027961814776062965,0.6055049896240234,0.32583165168762207,0.03853136673569679,0.6119989156723022,0.34518033266067505,0.04072783887386322
508751772433830_.pic_thumb.jpg,Left,0.9595289826393127,0.38431215286254883,0.7997051477432251,-5.424539608611667e-07,0.5560803413391113,0.6874555349349976,-0.00027043945738114417,0.6531436443328857,0.5815885066986084,-0.01831568032503128,0.7345731258392334,0.5141506195068359,-0.04075201228260994,0.8261747360229492,0.49436154961586,-0.06440386921167374,0.4471270740032196,0.44159996509552,-0.0427885428071022,0.5047784447669983,0.4605114758014679,-0.06952624768018723,0.5234034657478333,0.5186197757720947,-0.10227155685424805,0.5121960639953613,0.5557839870452881,-0.12861081957817078,0.30953699350357056,0.46753066778182983,-0.06237313151359558,0.3815193474292755,0.48895585536956787,-0.06479714810848236,0.3998875021934509,0.5377023220062256,-0.0744364932179451,0.38537663221359253,0.5731996297836304,-0.09650635719299316,0.20523576438426971,0.5188590884208679,-0.07855632901191711,0.2751544415950775,0.5325912237167358,-0.08400766551494598,0.29829108715057373,0.5720272660255432,-0.07848047465085983,0.29126599431037903,0.6053529977798462,-0.08626887947320938,0.12266093492507935,0.5758495330810547,-0.09514710307121277,0.18497079610824585,0.5837668180465698,-0.10157939046621323,0.21831953525543213,0.6200071573257446,-0.08485745638608932,0.22448664903640747,0.6478195786476135,-0.0751841738820076
IMG_9825.JPG,Right,0.9973882436752319,0.7961864471435547,0.5653496980667114,1.1280317835371534e-07,0.7539125680923462,0.5790523886680603,-0.012260154820978642,0.7264596223831177,0.627966046333313,-0.01812412403523922,0.7318958640098572,0.6769309639930725,-0.024818794801831245,0.7539774179458618,0.706416666507721,-0.03201422840356827,0.7301338911056519,0.7121720910072327,-0.003496048506349325,0.7284887433052063,0.7765646576881409,-0.017948180437088013,0.7312837839126587,0.8198593854904175,-0.03021339885890484,0.7353872656822205,0.8552262187004089,-0.039608996361494064,0.7605211138725281,0.7162119746208191,-0.008683362044394016,0.7595992684364319,0.770519495010376,-0.03095218539237976,0.7648025751113892,0.7257813215255737,-0.04261026531457901,0.7662144899368286,0.690643310546875,-0.0454278327524662,0.7900093197822571,0.7071603536605835,-0.015746822580695152,0.7939281463623047,0.7518742680549622,-0.0417095310986042,0.7926534414291382,0.7001771926879883,-0.04483570531010628,0.7872709035873413,0.6642175316810608,-0.03977642580866814,0.81883305311203,0.6883300542831421,-0.02335621416568756,0.8212080597877502,0.7247772812843323,-0.04236491769552231,0.8154652714729309,0.6887026429176331,-0.04134497046470642,0.8070937395095825,0.6599639058113098,-0.0361124724149704
IMG_9819.JPG,Right,0.9978474974632263,0.7461331486701965,0.5647504925727844,8.651743854670713e-08,0.7055913805961609,0.5712721943855286,-0.009313799440860748,0.6784114241600037,0.6118687987327576,-0.014090617187321186,0.6776936650276184,0.653008222579956,-0.019941965118050575,0.6991121768951416,0.6782346963882446,-0.026790857315063477,0.6831713914871216,0.6884979605674744,-0.006468718871474266,0.6776559352874756,0.7516600489616394,-0.021934503689408302,0.6788504123687744,0.7948626279830933,-0.03386306390166283,0.6803707480430603,0.8298903703689575,-0.04292096197605133,0.7095744013786316,0.6925410628318787,-0.012476006522774696,0.7063547372817993,0.7467172145843506,-0.0342986099421978,0.7136609554290771,0.7071492075920105,-0.04396234452724457,0.715076744556427,0.6734156608581543,-0.045787110924720764,0.7364457249641418,0.6856851577758789,-0.020055845379829407,0.7371053695678711,0.7268933057785034,-0.04472852125763893,0.7374701499938965,0.6810065507888794,-0.04641864821314812,0.7322179675102234,0.6472708582878113,-0.041041769087314606,0.7631703615188599,0.6694313287734985,-0.02806587517261505,0.7621538639068604,0.7036451101303101,-0.046886369585990906,0.7583023309707642,0.6699874401092529,-0.0457170270383358,0.7517535090446472,0.6413064002990723,-0.04065945744514465
509241772433885_.pic.jpg,Left,0.8322630524635315,0.16221149265766144,0.7816877365112305,1.0731353228266016e-07,0.31933140754699707,0.7051783800125122,-0.04512379318475723,0.4080304503440857,0.608741283416748,-0.06695488095283508,0.4877631962299347,0.5387645363807678,-0.08036146312952042,0.576870322227478,0.5118803977966309,-0.08885303139686584,0.192411869764328,0.5179063081741333,-0.04966925457119942,0.31740260124206543,0.5286755561828613,-0.06456044316291809,0.36869579553604126,0.5762848854064941,-0.0833938792347908,0.3754730522632599,0.6080970764160156,-0.09850958734750748,0.10430438816547394,0.5393363833427429,-0.03432473912835121,0.24242433905601501,0.5653063654899597,-0.033142246305942535,0.292901873588562,0.6052510738372803,-0.046532042324543,0.2919538915157318,0.6309672594070435,-0.06867797672748566,0.05177682638168335,0.5819675922393799,-0.020203949883580208,0.16529615223407745,0.5973621010780334,-0.02517303265631199,0.21153569221496582,0.6276602745056152,-0.03430089354515076,0.21165511012077332,0.6523215174674988,-0.04860718920826912,0.01744481921195984,0.6249387860298157,-0.008783072233200073,0.104169100522995,0.6327893733978271,-0.013608580455183983,0.14572188258171082,0.6561640501022339,-0.011918064206838608,0.1524079591035843,0.6802875399589539,-0.013626682572066784
509001772433855_.pic_thumb.jpg,Left,0.9497874975204468,0.6683778762817383,0.5234651565551758,-6.018482849867723e-07,0.7718691825866699,0.4841492176055908,0.004602624569088221,0.8442529439926147,0.43336665630340576,-0.0020812905859202147,0.9002260565757751,0.39458078145980835,-0.012378272600471973,0.9563577175140381,0.38204318284988403,-0.023846792057156563,0.7611553072929382,0.30755555629730225,-0.010823424905538559,0.7502343654632568,0.3277486562728882,-0.01669158600270748,0.7452720403671265,0.36847931146621704,-0.03311638906598091,0.7412468791007996,0.39441531896591187,-0.047482918947935104,0.6780703663825989,0.3067975640296936,-0.02399584650993347,0.6759265065193176,0.33553457260131836,-0.014190264977514744,0.6782609820365906,0.36934131383895874,-0.021731756627559662,0.6798226833343506,0.39376315474510193,-0.03792990744113922,0.6045454740524292,0.3245449662208557,-0.03370280563831329,0.6090098023414612,0.34893572330474854,-0.03200092539191246,0.618746280670166,0.37840598821640015,-0.03262592852115631,0.6213216185569763,0.40245699882507324,-0.04066621512174606,0.5398271083831787,0.34659406542778015,-0.04316258057951927,0.5480155348777771,0.361966073513031,-0.04377181455492973,0.5605319142341614,0.3890700936317444,-0.03193279355764389,0.5650935769081116,0.40944135189056396,-0.024576712399721146
508961772433851_.pic.jpg,Left,0.9487063884735107,0.6548337936401367,0.4379454255104065,-4.4543097033056256e-07,0.765072762966156,0.4130327105522156,0.010784786194562912,0.8365424871444702,0.3737046718597412,0.014550501480698586,0.8933801054954529,0.3429822623729706,0.016460394486784935,0.946485161781311,0.3386824429035187,0.017188794910907745,0.7595363259315491,0.25948524475097656,0.001835137722082436,0.7637120485305786,0.2887220084667206,0.01667257584631443,0.7618534564971924,0.3242499828338623,0.017556484788656235,0.7531214356422424,0.3438563644886017,0.014228195883333683,0.679283082485199,0.2589508891105652,-0.005420641973614693,0.6960409879684448,0.2912699282169342,0.025897497311234474,0.697693407535553,0.31953299045562744,0.026072941720485687,0.6891028881072998,0.33758074045181274,0.011909421533346176,0.6135508418083191,0.27817144989967346,-0.00794332567602396,0.6309752464294434,0.30251333117485046,0.013738734647631645,0.6410506367683411,0.32630518078804016,0.010385042056441307,0.6382375955581665,0.34391355514526367,-0.004127932246774435,0.560420036315918,0.3002273440361023,-0.009102419950067997,0.57738196849823,0.32195961475372314,0.0049868393689394,0.5913822650909424,0.3447573781013489,0.013035813346505165,0.5948742032051086,0.3607889711856842,0.013482100330293179
508691772433824_.pic.jpg,Left,0.9439681172370911,0.35499829053878784,0.9730271697044373,-5.034253831581736e-07,0.5503051280975342,0.8859551548957825,0.03633242845535278,0.6466278433799744,0.7747748494148254,0.049157701432704926,0.7210015058517456,0.6862930059432983,0.05631643906235695,0.798890233039856,0.6588033437728882,0.06411368399858475,0.5176394581794739,0.6160170435905457,0.008024447597563267,0.5545439124107361,0.5785686373710632,0.03439539670944214,0.5735276937484741,0.6376953125,0.04896494746208191,0.5700890421867371,0.6899887919425964,0.05537453666329384,0.39257365465164185,0.6198606491088867,-0.008121161721646786,0.44306468963623047,0.6052728891372681,0.04127759486436844,0.46603983640670776,0.6559358835220337,0.058936767280101776,0.4604322612285614,0.7015717029571533,0.05202285945415497,0.2853938341140747,0.6553058624267578,-0.015478023327887058,0.3383258879184723,0.6435691118240356,0.02533642016351223,0.3663312792778015,0.6873615384101868,0.04158112779259682,0.3617554306983948,0.7315393090248108,0.03349778428673744,0.19857308268547058,0.700707197189331,-0.019109804183244705,0.24374502897262573,0.6847397089004517,0.012131217867136002,0.2751593291759491,0.7185625433921814,0.04065117612481117,0.2777111828327179,0.7558177709579468,0.05430523678660393
IMG_9762.JPG,Right,0.9908205270767212,0.9113712310791016,0.6178388595581055,-5.321658136381302e-07,0.8213145732879639,0.6723849773406982,0.0003278055810369551,0.7344608902931213,0.6881037354469299,-0.010851878672838211,0.6581097841262817,0.7013901472091675,-0.021082082763314247,0.6178282499313354,0.7509472966194153,-0.027720047160983086,0.705797016620636,0.6351032257080078,-0.03965355083346367,0.6229445338249207,0.5676037669181824,-0.04589684680104256,0.6595189571380615,0.567338228225708,-0.03579864650964737,0.6945716738700867,0.5846540331840515,-0.026233889162540436,0.7296354174613953,0.5596238970756531,-0.04423828050494194,0.648369550704956,0.49836158752441406,-0.03986594080924988,0.6793032288551331,0.5105092525482178,-0.024425623938441277,0.7060221433639526,0.5311188101768494,-0.017728300765156746,0.7590969204902649,0.48888394236564636,-0.04592479392886162,0.6781004667282104,0.4442318379878998,-0.03915480524301529,0.706082820892334,0.45978641510009766,-0.022504670545458794,0.7354231476783752,0.48095256090164185,-0.01700761914253235,0.789941668510437,0.43162739276885986,-0.047195687890052795,0.7272353172302246,0.41084009408950806,-0.042640700936317444,0.7468468546867371,0.43124106526374817,-0.029508069157600403,0.7718480229377747,0.4498802423477173,-0.022189395502209663
508661772433821_.pic.jpg,Left,0.9529260396957397,0.4661121666431427,0.9797468185424805,-5.090926151751773e-07,0.6653178930282593,0.9052420258522034,0.08355040848255157,0.759225606918335,0.8053154945373535,0.12695421278476715,0.8368585705757141,0.71476811170578,0.15744368731975555,0.9220413565635681,0.6907060146331787,0.18560178577899933,0.6739408373832703,0.6271612644195557,0.08647597581148148,0.7251485586166382,0.5523656010627747,0.1600198894739151,0.741596519947052,0.5900816917419434,0.2028537541627884,0.7411578893661499,0.6285771131515503,0.22576302289962769,0.5464218854904175,0.6149763464927673,0.06435954570770264,0.5850543975830078,0.5922228693962097,0.16081079840660095,0.5983412265777588,0.6491562128067017,0.1944885402917862,0.594540536403656,0.6979057788848877,0.1962858885526657,0.42590996623039246,0.646970808506012,0.055449169129133224,0.458368182182312,0.6422623991966248,0.14590205252170563,0.4816354811191559,0.6931050419807434,0.17011024057865143,0.478356271982193,0.7374165654182434,0.16008765995502472,0.3226509690284729,0.6913571357727051,0.05339350551366806,0.34782859683036804,0.6784260869026184,0.1305260807275772,0.37789666652679443,0.716510534286499,0.17234905064105988,0.3817462623119354,0.7564079761505127,0.18992924690246582
IMG_9776.JPG,Right,0.9984202980995178,0.885272741317749,0.5208531618118286,-4.973701805965902e-08,0.8378569483757019,0.5113322734832764,-0.026771383360028267,0.7944976091384888,0.5201463103294373,-0.051510173827409744,0.7887454032897949,0.5373747944831848,-0.07603207230567932,0.8165750503540039,0.5472540855407715,-0.10056550800800323,0.7912694811820984,0.6580052375793457,-0.05314145237207413,0.787163496017456,0.7404133081436157,-0.08966124802827835,0.7893697619438171,0.7944232821464539,-0.11332205682992935,0.7942568063735962,0.8424283862113953,-0.12978491187095642,0.835658848285675,0.6837978959083557,-0.058890748769044876,0.8405638337135315,0.6492366194725037,-0.10641230642795563,0.8441110849380493,0.5714473724365234,-0.11792906373739243,0.8449317216873169,0.5254407525062561,-0.11786041408777237,0.8786289691925049,0.6765321493148804,-0.06654178351163864,0.8816866278648376,0.6217314600944519,-0.10658647865056992,0.8744094371795654,0.5547056198120117,-0.10051404684782028,0.8671956062316895,0.5167083144187927,-0.0882379487156868,0.9160866141319275,0.6537693738937378,-0.07738382369279861,0.9145311117172241,0.6066794395446777,-0.1034848541021347,0.9041867256164551,0.555133581161499,-0.09863584488630295,0.8923735618591309,0.5282425880432129,-0.0890352725982666
IMG_9789.JPG,Right,0.9843001961708069,0.8648040294647217,0.5351285934448242,-4.093956533779419e-07,0.8052324056625366,0.6197880506515503,-0.007470124866813421,0.7464975714683533,0.6815831065177917,-0.02715289033949375,0.6961564421653748,0.7432677745819092,-0.04487735033035278,0.6787080764770508,0.811190128326416,-0.060636255890131,0.7126345038414001,0.6055145263671875,-0.05301892012357712,0.6419142484664917,0.6019973158836365,-0.05573435127735138,0.66910719871521,0.5985652208328247,-0.04402375966310501,0.6988540887832642,0.5988394618034363,-0.03547373041510582,0.712039589881897,0.5326008796691895,-0.05368785187602043,0.6407516598701477,0.5403763055801392,-0.04964006319642067,0.6641519069671631,0.5474836230278015,-0.03641925007104874,0.68992680311203,0.5481334328651428,-0.032745733857154846,0.7168874740600586,0.4695853590965271,-0.050346143543720245,0.6460113525390625,0.4871091842651367,-0.042506683617830276,0.668696403503418,0.49497556686401367,-0.027874119579792023,0.6962433457374573,0.4972696006298065,-0.025046151131391525,0.7239423990249634,0.4201458692550659,-0.04708576574921608,0.6674547791481018,0.4396548569202423,-0.04002692177891731,0.6847389936447144,0.4535326659679413,-0.026759622618556023,0.707453727722168,0.4570678770542145,-0.020391911268234253
IMG_9760.JPG,Right,0.989899218082428,0.8572044372558594,0.5318078398704529,-5.069261987955542e-07,0.7955671548843384,0.6196088790893555,-0.030323084443807602,0.7315598726272583,0.686388373374939,-0.06687323749065399,0.6791151165962219,0.75863116979599,-0.095528244972229,0.662618100643158,0.840918779373169,-0.12101424485445023,0.7219911217689514,0.5320398807525635,-0.10391239821910858,0.5989710092544556,0.5906326174736023,-0.11917160451412201,0.6323210597038269,0.6141571998596191,-0.11152162402868271,0.6702792644500732,0.6064896583557129,-0.10496511310338974,0.7168007493019104,0.44972801208496094,-0.0939173474907875,0.5937796235084534,0.5274352431297302,-0.10469327121973038,0.6218792796134949,0.5578343272209167,-0.09119565039873123,0.6536747217178345,0.549040675163269,-0.0867810994386673,0.7130215167999268,0.39210087060928345,-0.07898080348968506,0.5983453989028931,0.4689478576183319,-0.08022131025791168,0.6237325668334961,0.4961801767349243,-0.062026724219322205,0.6557888388633728,0.4885527789592743,-0.05693966522812843,0.7069963812828064,0.35742828249931335,-0.06556012481451035,0.6268852353096008,0.41608574986457825,-0.06792747974395752,0.6463961005210876,0.4444420337677002,-0.056756988167762756,0.6738420724868774,0.4403843283653259,-0.051239803433418274
IMG_9774.JPG,Right,0.9935024976730347,0.9281908869743347,0.5868488550186157,-6.674012098528692e-08,0.8852137327194214,0.5968636870384216,-0.02880437858402729,0.8512892127037048,0.6345916390419006,-0.04854484274983406,0.865755021572113,0.6685824394226074,-0.06708362698554993,0.8980075716972351,0.6959484815597534,-0.08552972972393036,0.8620574474334717,0.7559655904769897,-0.04148031398653984,0.864342212677002,0.8470562696456909,-0.07357974350452423,0.8712420463562012,0.9058089256286621,-0.09589869529008865,0.8803616762161255,0.9549387693405151,-0.11192725598812103,0.9026264548301697,0.7508346438407898,-0.043421339243650436,0.9213625192642212,0.7700918316841125,-0.09125305712223053,0.9223650693893433,0.6937831044197083,-0.10601276159286499,0.9152352213859558,0.644661545753479,-0.10740020126104355,0.9384981989860535,0.735220193862915,-0.04784013330936432,0.9592806100845337,0.7450243234634399,-0.0916004478931427,0.9492054581642151,0.6756274700164795,-0.08777742087841034,0.9348520040512085,0.6327561736106873,-0.07576972246170044,0.9706049561500549,0.7141443490982056,-0.05467921122908592,0.9835854768753052,0.7159040570259094,-0.08715467154979706,0.9714792966842651,0.6621097922325134,-0.08391858637332916,0.9540841579437256,0.6303253173828125,-0.07416785508394241
509101772433866_.pic_thumb.jpg,Left,0.9672133326530457,0.17688018083572388,0.7023605108261108,8.155321751246447e-08,0.3341901898384094,0.651315450668335,-0.042788065969944,0.4203498065471649,0.5708500146865845,-0.05691608414053917,0.4839079976081848,0.509799063205719,-0.06417921930551529,0.5485978722572327,0.47675979137420654,-0.06554850190877914,0.23866429924964905,0.4884856641292572,-0.023447753861546516,0.35443639755249023,0.494371235370636,-0.04800158366560936,0.38283267617225647,0.5343851447105408,-0.07488767057657242,0.36988207697868347,0.5548235177993774,-0.09302183985710144,0.1697562336921692,0.4928276538848877,-0.00804990902543068,0.29322874546051025,0.4972485899925232,-0.02561778388917446,0.31928303837776184,0.5322672724723816,-0.04619641229510307,0.29961681365966797,0.5530834794044495,-0.0648965835571289,0.1306357979774475,0.5127211213111877,0.002826797077432275,0.23690403997898102,0.5090378522872925,-0.01396293193101883,0.2641764283180237,0.5369159579277039,-0.021784203127026558,0.2504854202270508,0.5580296516418457,-0.028360003605484962,0.1084030419588089,0.5340954661369324,0.010425376705825329,0.18470866978168488,0.5258397459983826,-0.0012303757248446345,0.20448482036590576,0.5456588268280029,-0.0015587855596095324,0.19461914896965027,0.5636616945266724,-0.0014313155552372336
509301772433892_.pic_thumb.jpg,Left,0.9609686732292175,0.35178089141845703,0.9006049633026123,-3.1011828127702756e-07,0.5268263220787048,0.8188698291778564,-0.013020293787121773,0.627600908279419,0.7221553325653076,-0.026050962507724762,0.6900358200073242,0.6445746421813965,-0.0374775305390358,0.7620910406112671,0.6143807172775269,-0.04595150053501129,0.46223556995391846,0.5981066823005676,-0.02810855396091938,0.5417100191116333,0.6105470657348633,-0.04509102180600166,0.5447335839271545,0.6708481907844543,-0.0685417652130127,0.5141204595565796,0.706047534942627,-0.08704452216625214,0.34737837314605713,0.6081006526947021,-0.032650552690029144,0.4386545419692993,0.6185432076454163,-0.03303923457860947,0.4491448700428009,0.6670132279396057,-0.04486556723713875,0.41676124930381775,0.6971063613891602,-0.06441175937652588,0.26097536087036133,0.6424655914306641,-0.03559648618102074,0.33782973885536194,0.6425966620445251,-0.03755035623908043,0.35339680314064026,0.6821666359901428,-0.033241335302591324,0.3296920657157898,0.7119985818862915,-0.03913067653775215,0.1941329538822174,0.6812913417816162,-0.03932768106460571,0.2583904564380646,0.6761086583137512,-0.041965268552303314,0.27841758728027344,0.7111763954162598,-0.027276305481791496,0.2671191096305847,0.7383065223693848,-0.018137145787477493
IMG_9833.JPG,Right,0.9942815899848938,0.8347880840301514,0.5281137228012085,4.103592488036156e-08,0.7896347641944885,0.5210604667663574,-0.03305016830563545,0.745917558670044,0.5395150184631348,-0.057522956281900406,0.7463561296463013,0.5775525569915771,-0.0802517831325531,0.7761359810829163,0.6145015954971313,-0.10252434760332108,0.7446258068084717,0.6842248439788818,-0.043714165687561035,0.7415405511856079,0.7689350843429565,-0.07926513999700546,0.7451977729797363,0.824475884437561,-0.10236252844333649,0.7532817125320435,0.8735678791999817,-0.11838539689779282,0.7881784439086914,0.69111567735672,-0.04713219404220581,0.787147045135498,0.7305927276611328,-0.09356668591499329,0.7949576377868652,0.6516443490982056,-0.10669136047363281,0.7938531041145325,0.611053466796875,-0.10748167335987091,0.8287041783332825,0.68332439661026,-0.05397491902112961,0.836735188961029,0.7085636854171753,-0.0999755710363388,0.8348000049591064,0.6320884823799133,-0.09336138516664505,0.8272256255149841,0.5925003290176392,-0.07921847701072693,0.8665972948074341,0.6653430461883545,-0.06344452500343323,0.8740571141242981,0.6859322190284729,-0.09451110661029816,0.8673141002655029,0.6300651431083679,-0.08732880651950836,0.8566091656684875,0.600264310836792,-0.07601605355739594
IMG_9827.JPG,Right,0.9963820576667786,0.8111495971679688,0.6654582619667053,7.706303506438417e-08,0.7682027816772461,0.6778982281684875,-0.016706841066479683,0.7409046292304993,0.7259294390678406,-0.025414615869522095,0.7453540563583374,0.776371419429779,-0.034395959228277206,0.7664159536361694,0.8101674914360046,-0.0435604453086853,0.7417713403701782,0.8263943195343018,-0.01006814930588007,0.7409971952438354,0.8979778289794922,-0.027351273223757744,0.7436200380325317,0.9444843530654907,-0.04101599007844925,0.7472373843193054,0.9824169278144836,-0.05142425000667572,0.7750473618507385,0.82957923412323,-0.014705408364534378,0.7753389477729797,0.8893885612487793,-0.04126850515604019,0.7794935703277588,0.8440154790878296,-0.053984832018613815,0.7792286276817322,0.8056755661964417,-0.056881241500377655,0.8070158958435059,0.8181081414222717,-0.021546604111790657,0.8130425214767456,0.8631596565246582,-0.050147127360105515,0.8096011877059937,0.8103761076927185,-0.052945882081985474,0.8020472526550293,0.77104651927948,-0.04732031002640724,0.8375451564788818,0.7963971495628357,-0.02954159677028656,0.8413543701171875,0.836512565612793,-0.05001494660973549,0.8334057331085205,0.8011841773986816,-0.049512360244989395,0.8222167491912842,0.7696861624717712,-0.04450792819261551
508961772433851_.pic_thumb.jpg,Left,0.9045448899269104,0.6284521222114563,0.44377684593200684,-4.949961862621421e-07,0.7414290904998779,0.42596906423568726,-0.00057903619017452,0.8219850659370422,0.37803971767425537,-0.006370070856064558,0.8812036514282227,0.3431915044784546,-0.014622559770941734,0.9372388124465942,0.33611685037612915,-0.023522106930613518,0.7562734484672546,0.2657071650028229,-0.006943887565284967,0.7475942969322205,0.2815532088279724,-0.012709178030490875,0.7415016889572144,0.31712374091148376,-0.027890963479876518,0.7370371222496033,0.3374546766281128,-0.04129344969987869,0.6786720752716064,0.2619205713272095,-0.01632804423570633,0.6820418834686279,0.28916046023368835,-0.00862725917249918,0.6845394372940063,0.3227376341819763,-0.018188979476690292,0.6834788918495178,0.3411327600479126,-0.03416099771857262,0.6109471917152405,0.2781161069869995,-0.02321472018957138,0.6228965520858765,0.2996099591255188,-0.022844573482871056,0.6330484747886658,0.3281361758708954,-0.025247981771826744,0.634408175945282,0.34495407342910767,-0.033509671688079834,0.5560027360916138,0.2986346185207367,-0.02998601831495762,0.5718873739242554,0.32086560130119324,-0.028894437476992607,0.5832512974739075,0.3490660786628723,-0.018341494724154472,0.5856519937515259,0.3653370141983032,-0.012529825791716576
508611772433816_.pic_thumb.jpg,Left,0.9678035378456116,0.3579491078853607,0.8254241943359375,-4.042846910579101e-07,0.517555296421051,0.737314760684967,-0.018318742513656616,0.6116008758544922,0.641754150390625,-0.03626754879951477,0.6768612265586853,0.5784857869148254,-0.055182233452796936,0.7533162832260132,0.5528364181518555,-0.07428497076034546,0.4098004996776581,0.5230860710144043,-0.03892834484577179,0.5003722310066223,0.5418103337287903,-0.06898611038923264,0.5334410667419434,0.5961117148399353,-0.10499521344900131,0.5276144742965698,0.6359066963195801,-0.13074728846549988,0.29453033208847046,0.5415178537368774,-0.04678713530302048,0.3873269557952881,0.5584793090820312,-0.05777810886502266,0.4132879376411438,0.6037679314613342,-0.07569881528615952,0.39818426966667175,0.6395108699798584,-0.09811954200267792,0.21205106377601624,0.5822409987449646,-0.05409692972898483,0.2890789806842804,0.5889396667480469,-0.06531263887882233,0.3131193518638611,0.6262733936309814,-0.06568650156259537,0.3039700984954834,0.6582614779472351,-0.07273551821708679,0.14820659160614014,0.6284404993057251,-0.0630052387714386,0.20812366902828217,0.6292402744293213,-0.06913519650697708,0.23567894101142883,0.6610226035118103,-0.05484172701835632,0.23600918054580688,0.6875234842300415,-0.04551944136619568
IMG_9826.JPG,Right,0.9973644018173218,0.797890305519104,0.6373651623725891,9.255182931156014e-08,0.7585411071777344,0.6477265954017639,-0.016846200451254845,0.7317668795585632,0.694512128829956,-0.025058642029762268,0.7361220121383667,0.7420096397399902,-0.03325081244111061,0.7578418850898743,0.7748162150382996,-0.04188048094511032,0.7348227500915527,0.788824200630188,-0.010760447010397911,0.73106849193573,0.8587618470191956,-0.02804255671799183,0.7337442636489868,0.9042248129844666,-0.0400272011756897,0.7369943857192993,0.9411759376525879,-0.04863604158163071,0.7663297653198242,0.7923368811607361,-0.015227760188281536,0.7645628452301025,0.8513039350509644,-0.04289866238832474,0.7710754871368408,0.805907666683197,-0.053897030651569366,0.7716882228851318,0.767889142036438,-0.054251302033662796,0.797572910785675,0.7818390727043152,-0.021875236183404922,0.802188515663147,0.8259434103965759,-0.05324026569724083,0.8013449311256409,0.7723061442375183,-0.05449358746409416,0.79526287317276,0.7343940734863281,-0.04621667414903641,0.828607439994812,0.7611077427864075,-0.02936040796339512,0.8313645720481873,0.7987229824066162,-0.05256984382867813,0.8252010345458984,0.760941207408905,-0.05070767551660538,0.8168001770973206,0.7300255298614502,-0.0434931144118309
IMG_9832.JPG,Right,0.9977640509605408,0.8222028017044067,0.6090394258499146,2.47625735028123e-07,0.7795583009719849,0.6106911301612854,-0.03532359376549721,0.7486570477485657,0.6414041519165039,-0.061048995703458786,0.7515856027603149,0.6814292669296265,-0.0852762833237648,0.7776135802268982,0.7254926562309265,-0.10959120839834213,0.7429130673408508,0.7680469155311584,-0.03865450620651245,0.742512583732605,0.8474951386451721,-0.07194241881370544,0.7434017658233643,0.9036282896995544,-0.09422308206558228,0.7483483552932739,0.9509120583534241,-0.10975649952888489,0.783072292804718,0.7725895047187805,-0.04260613024234772,0.7794594764709473,0.8253682255744934,-0.08846700191497803,0.7906524538993835,0.756227970123291,-0.10429474711418152,0.7936416864395142,0.7125716209411621,-0.105625681579113,0.821312665939331,0.7620481848716736,-0.050716299563646317,0.8284279108047485,0.8020270466804504,-0.09776898473501205,0.8278904557228088,0.7312676906585693,-0.09778087586164474,0.8216021060943604,0.688409149646759,-0.08661005645990372,0.8572118282318115,0.7407500147819519,-0.0614563450217247,0.8635390996932983,0.7720950841903687,-0.09445259720087051,0.8565384149551392,0.724126398563385,-0.09246943145990372,0.8458877205848694,0.6924594044685364,-0.0842592716217041
508771772433832_.pic.jpg,Left,0.8229595422744751,0.3089979887008667,0.9639421105384827,-4.012307783796132e-07,0.5537228584289551,0.853031575679779,-0.015785565599799156,0.6900903582572937,0.7037293910980225,-0.027045663446187973,0.7807508707046509,0.602551281452179,-0.03216525539755821,0.8773493766784668,0.5676079392433167,-0.03343760222196579,0.47325944900512695,0.5573916435241699,-0.06923501938581467,0.5661742091178894,0.5779476761817932,-0.07859977334737778,0.5843273401260376,0.6547613143920898,-0.08956179767847061,0.5636147856712341,0.6958386301994324,-0.1021629199385643,0.3281671404838562,0.5795583128929138,-0.07330174744129181,0.4314766526222229,0.6122339963912964,-0.0559200793504715,0.45999833941459656,0.6796091794967651,-0.05220082774758339,0.43629190325737,0.7170025110244751,-0.07234115153551102,0.21332651376724243,0.6354915499687195,-0.07277417927980423,0.29944533109664917,0.6505001187324524,-0.06400667130947113,0.3345886170864105,0.7059673070907593,-0.04968667030334473,0.31706157326698303,0.7443699836730957,-0.057895902544260025,0.12450119853019714,0.6967194080352783,-0.07229504734277725,0.1927146315574646,0.6954118609428406,-0.06672991067171097,0.22993826866149902,0.735416054725647,-0.044865597039461136,0.22493815422058105,0.7646005153656006,-0.03696227818727493
509221772433882_.pic.jpg,Left,0.8778460621833801,0.11511804163455963,0.5069929361343384,-2.5118288249359466e-07,0.28344807028770447,0.45588910579681396,-0.03867698088288307,0.38023841381073,0.3808382749557495,-0.053870681673288345,0.4536740779876709,0.319250226020813,-0.06031596288084984,0.5255732536315918,0.28503865003585815,-0.06129765510559082,0.19108553230762482,0.2510324716567993,-0.04348567873239517,0.289961576461792,0.27204540371894836,-0.040103111416101456,0.3159676790237427,0.3238823413848877,-0.04614260047674179,0.30320942401885986,0.35357391834259033,-0.05473244562745094,0.08918927609920502,0.2656416893005371,-0.027073480188846588,0.19867447018623352,0.288102388381958,-0.008999526500701904,0.22447910904884338,0.3313690721988678,-0.01375896017998457,0.20813250541687012,0.3592410087585449,-0.03172376751899719,0.024614185094833374,0.30487510561943054,-0.009633414447307587,0.11562833189964294,0.311777263879776,-2.2354861357598566e-05,0.14322203397750854,0.34708520770072937,-0.002307325368747115,0.13047532737255096,0.3744255006313324,-0.015352312475442886,-0.016682803630828857,0.3440224826335907,0.005704335402697325,0.050218015909194946,0.3470589518547058,0.010525398887693882,0.07735995948314667,0.3744979202747345,0.01770777814090252,0.07559989392757416,0.39797472953796387,0.018156008794903755
508871772433842_.pic.jpg,Left,0.9544395208358765,0.4635576605796814,0.7709171175956726,-3.7471181713044643e-07,0.5778008103370667,0.7062746286392212,-0.006158367730677128,0.6365495324134827,0.635985255241394,-0.01520578470081091,0.6782652139663696,0.5772653818130493,-0.022690454497933388,0.7327444553375244,0.553406298160553,-0.028278745710849762,0.502916693687439,0.5445524454116821,-0.03666311129927635,0.5464511513710022,0.5498874187469482,-0.03888816758990288,0.5638742446899414,0.5937219858169556,-0.04321849346160889,0.5579069256782532,0.6239275336265564,-0.04797696694731712,0.42298468947410583,0.5579591393470764,-0.03810993209481239,0.47995588183403015,0.5691916346549988,-0.024348219856619835,0.5007466673851013,0.6020826697349548,-0.021611014381051064,0.49484720826148987,0.6267834305763245,-0.03183915838599205,0.3658207058906555,0.588647723197937,-0.03550312668085098,0.41567838191986084,0.600457489490509,-0.02431996539235115,0.4374288320541382,0.6267775893211365,-0.017473513260483742,0.43312278389930725,0.6504833698272705,-0.02341460809111595,0.32346898317337036,0.6202651262283325,-0.033351585268974304,0.36575740575790405,0.6276915669441223,-0.02470807358622551,0.38867485523223877,0.6492351293563843,-0.010775099508464336,0.39192092418670654,0.6697796583175659,-0.004478256683796644
508811772433836_.pic_thumb.jpg,Left,0.9421781897544861,0.5254290699958801,0.8976655006408691,-6.824341767242004e-07,0.7353708744049072,0.7885715961456299,0.017238799482584,0.8411619663238525,0.6652697324752808,0.016729159280657768,0.9144362211227417,0.5658587217330933,0.013700222596526146,1.0027267932891846,0.5247414708137512,0.011546342633664608,0.6407219171524048,0.5151129961013794,-0.028367890045046806,0.6868264675140381,0.5117594003677368,-0.03427493944764137,0.6889529228210449,0.5790731906890869,-0.04862012341618538,0.6666783690452576,0.6250832080841064,-0.060903165489435196,0.4909512400627136,0.5294945240020752,-0.04166030511260033,0.5636124610900879,0.5333429574966431,-0.020182987675070763,0.579682469367981,0.588174045085907,-0.01705276593565941,0.5604477524757385,0.6325383186340332,-0.033320989459753036,0.37779513001441956,0.572091817855835,-0.04790189489722252,0.4492265582084656,0.5761019587516785,-0.02729470655322075,0.47125571966171265,0.6215435862541199,-0.013283960521221161,0.4577065110206604,0.664675772190094,-0.0210201945155859,0.28949257731437683,0.619424045085907,-0.05278797075152397,0.35235291719436646,0.6237768530845642,-0.03595050424337387,0.38310506939888,0.6650675535202026,-0.011602599173784256,0.38474035263061523,0.7010279297828674,0.0001681832509348169
508661772433821_.pic_thumb.jpg,Left,0.9199090003967285,0.462584525346756,0.9665526151657104,-7.320840040847543e-07,0.6589639186859131,0.9035207033157349,0.046745382249355316,0.7658865451812744,0.7995812892913818,0.06621401757001877,0.8370864391326904,0.7064887881278992,0.07515597343444824,0.9225115776062012,0.6835281252861023,0.0827595666050911,0.6626775860786438,0.6193037629127502,0.031938664615154266,0.6928585171699524,0.5841751098632812,0.05017721280455589,0.700835108757019,0.6472166776657104,0.052710745483636856,0.6922943592071533,0.697918176651001,0.05178598314523697,0.5319900512695312,0.6084026098251343,0.009195636957883835,0.5615678429603577,0.6040996313095093,0.04863571748137474,0.5686878561973572,0.665546715259552,0.05922968313097954,0.558148980140686,0.7130088210105896,0.05317144840955734,0.4141179621219635,0.6375347375869751,-0.005920683965086937,0.4396442472934723,0.6500765085220337,0.024573246017098427,0.45940864086151123,0.701625406742096,0.03445102274417877,0.45602649450302124,0.7430434823036194,0.02782447449862957,0.3130292296409607,0.6783583760261536,-0.016458304598927498,0.3357671797275543,0.6849158406257629,0.009487105533480644,0.35986843705177307,0.7264999747276306,0.03481626883149147,0.3639003336429596,0.7634204030036926,0.04941689968109131
IMG_9775.JPG,Right,0.9916734099388123,0.9253473281860352,0.592793881893158,-1.2674867377882038e-07,0.8793186545372009,0.5974841117858887,-0.02899351716041565,0.8406185507774353,0.6310266256332397,-0.04940595477819443,0.8511911034584045,0.6657203435897827,-0.06837291270494461,0.8849092721939087,0.6940590143203735,-0.08710047602653503,0.8503715395927429,0.7583698034286499,-0.045888349413871765,0.8517569899559021,0.852239191532135,-0.08041464537382126,0.8592557311058044,0.9099997878074646,-0.10494031012058258,0.8682678937911987,0.9596502184867859,-0.12252479791641235,0.8925964832305908,0.7555283308029175,-0.04817843437194824,0.908100426197052,0.7706241011619568,-0.09688570350408554,0.9102157950401306,0.6926304697990417,-0.11255121976137161,0.9041466116905212,0.6443853974342346,-0.1156272292137146,0.9300345182418823,0.741305410861969,-0.05269210785627365,0.9486455321311951,0.7506442070007324,-0.09626619517803192,0.9399651288986206,0.6791685223579407,-0.0912136659026146,0.9250226020812988,0.633781909942627,-0.07927954941987991,0.9628817439079285,0.7216716408729553,-0.05974869802594185,0.9759142398834229,0.7251592874526978,-0.0905071273446083,0.9656820893287659,0.6702545285224915,-0.08538874983787537,0.9480867981910706,0.6375099420547485,-0.07514668256044388
IMG_9761.JPG,Right,0.9832954406738281,0.8617432713508606,0.5684106349945068,-4.78408594517532e-07,0.7888715267181396,0.6498905420303345,-0.019304849207401276,0.710263192653656,0.7070873975753784,-0.04671672359108925,0.6450728178024292,0.762996256351471,-0.06949638575315475,0.614889919757843,0.8318891525268555,-0.08935199677944183,0.7044539451599121,0.6077026724815369,-0.07496588677167892,0.595831036567688,0.5996484160423279,-0.09024473279714584,0.6261941194534302,0.6162717938423157,-0.0846407413482666,0.6663501858711243,0.6225306391716003,-0.0779966339468956,0.7144971489906311,0.5229238867759705,-0.07119385153055191,0.6013591289520264,0.5342366695404053,-0.0780770480632782,0.6244032382965088,0.5577843189239502,-0.06645761430263519,0.6563658118247986,0.5612595677375793,-0.0626114010810852,0.7216529846191406,0.4523075222969055,-0.0644100233912468,0.6116887927055359,0.4779633581638336,-0.06530526280403137,0.6376405954360962,0.5007073283195496,-0.05125526338815689,0.6714702248573303,0.5026557445526123,-0.04773889482021332,0.7255987524986267,0.39862847328186035,-0.05835258588194847,0.6398564577102661,0.43006348609924316,-0.06025909632444382,0.6617721915245056,0.4521539509296417,-0.050270356237888336,0.691838264465332,0.4530099332332611,-0.04512631520628929
508931772433848_.pic_thumb.jpg,Left,0.9761272668838501,0.6302782893180847,0.6301822066307068,-5.825277185067534e-07,0.731467068195343,0.5868715047836304,-0.004546618089079857,0.8019487261772156,0.5257412195205688,-0.01236207876354456,0.849605917930603,0.47916704416275024,-0.020646024495363235,0.8973948955535889,0.45990490913391113,-0.02956870198249817,0.6892722249031067,0.43433070182800293,-0.026006905362010002,0.7082987427711487,0.460049569606781,-0.042201023548841476,0.710572361946106,0.49467775225639343,-0.06402262300252914,0.7018505334854126,0.5149567723274231,-0.08089111745357513,0.6154890060424805,0.441324919462204,-0.03408695012331009,0.6386142373085022,0.46924832463264465,-0.035598959773778915,0.6487985253334045,0.5001674294471741,-0.04501914232969284,0.6435897350311279,0.5197029113769531,-0.06076721101999283,0.5583639740943909,0.4614565670490265,-0.039751794189214706,0.5782366991043091,0.4787766933441162,-0.044176891446113586,0.5895668268203735,0.5058697462081909,-0.04178136587142944,0.5872125029563904,0.5265901684761047,-0.04654799401760101,0.5101888179779053,0.4819803833961487,-0.045903999358415604,0.5230968594551086,0.49003514647483826,-0.05049533024430275,0.5329050421714783,0.5147247314453125,-0.03960021585226059,0.5322626829147339,0.53331059217453,-0.032574769109487534
IMG_9759.JPG,Right,0.9867051839828491,0.9475566148757935,0.5557931065559387,-5.449179525385262e-07,0.8743958473205566,0.6503044366836548,-0.022190626710653305,0.8048025369644165,0.7208765745162964,-0.053957510739564896,0.7541239261627197,0.791986882686615,-0.08061881363391876,0.7415652275085449,0.8725488185882568,-0.10410770773887634,0.7745668292045593,0.5623005032539368,-0.0760791003704071,0.667465329170227,0.6244832873344421,-0.08327960968017578,0.703011691570282,0.6470224261283875,-0.07516615837812424,0.7408663034439087,0.6412354707717896,-0.06984075158834457,0.7719442248344421,0.48032528162002563,-0.07009655982255936,0.665417492389679,0.5626475214958191,-0.07235434651374817,0.6940228343009949,0.5902069807052612,-0.06083587929606438,0.7252509593963623,0.5815168023109436,-0.05899559333920479,0.7713314294815063,0.4227943420410156,-0.05971401929855347,0.6714373230934143,0.5062757730484009,-0.053596131503582,0.6980348825454712,0.5318357944488525,-0.038118451833724976,0.729459285736084,0.5240355134010315,-0.03620436415076256,0.771380603313446,0.38774582743644714,-0.050871722400188446,0.6966041326522827,0.4553430676460266,-0.04660996049642563,0.7163684368133545,0.48301735520362854,-0.034375909715890884,0.7425013780593872,0.47897809743881226,-0.028715698048472404
509141772433872_.pic_thumb.jpg,Left,0.8598048090934753,0.3702352046966553,0.7082701921463013,-2.0528888455828564e-07,0.5143911838531494,0.678360641002655,-0.03523020073771477,0.6028777956962585,0.6214188933372498,-0.06294525414705276,0.6659955978393555,0.574997067451477,-0.08620929718017578,0.7322633862495422,0.5486123561859131,-0.10756952315568924,0.4766371250152588,0.5075820684432983,-0.06831647455692291,0.5452350378036499,0.5367526412010193,-0.10318035632371902,0.5539478659629822,0.5831775069236755,-0.13386429846286774,0.5336976647377014,0.6056051254272461,-0.15603137016296387,0.3895595073699951,0.5139206647872925,-0.06778541952371597,0.4638601839542389,0.5425528883934021,-0.08839735388755798,0.4731997549533844,0.579524576663971,-0.1027514785528183,0.4490566551685333,0.5983697175979614,-0.12207098305225372,0.32319504022598267,0.5396408438682556,-0.06815033406019211,0.3880650997161865,0.5558334589004517,-0.09203944355249405,0.40028464794158936,0.584999144077301,-0.09189987927675247,0.383713960647583,0.6014809608459473,-0.09724637120962143,0.2743193507194519,0.5697693824768066,-0.0706217959523201,0.3249555826187134,0.5852998495101929,-0.08981113880872726,0.3415972590446472,0.6117690205574036,-0.08342964202165604,0.33465659618377686,0.6286989450454712,-0.08007452636957169
IMG_9765.JPG,Right,0.9969388246536255,0.7941671013832092,0.6691998243331909,1.7979370880993883e-08,0.7399303913116455,0.6581942439079285,-0.026129266247153282,0.6913318037986755,0.6868816614151001,-0.04709741845726967,0.6781459450721741,0.7319461107254028,-0.068693608045578,0.7045509815216064,0.7782200574874878,-0.09032698720693588,0.6726392507553101,0.8252765536308289,-0.03416748717427254,0.6553322076797485,0.9070973992347717,-0.06780283898115158,0.6458398103713989,0.9589685797691345,-0.09068910032510757,0.6421828866004944,1.0062988996505737,-0.10676679760217667,0.7168706655502319,0.8399501442909241,-0.041384968906641006,0.7115476131439209,0.8719719052314758,-0.08983773738145828,0.7294297814369202,0.7880305647850037,-0.10504879057407379,0.7382570505142212,0.7395344972610474,-0.10617972910404205,0.7611459493637085,0.8391026258468628,-0.05153491348028183,0.7612028121948242,0.8607063293457031,-0.09864894300699234,0.7650231719017029,0.7780494689941406,-0.09541425108909607,0.7650443911552429,0.7310413718223572,-0.08256593346595764,0.8038745522499084,0.8286440968513489,-0.06376565247774124,0.8006422519683838,0.8433939218521118,-0.0959903672337532,0.7974885106086731,0.7837866544723511,-0.09235125780105591,0.7914000749588013,0.7461495995521545,-0.08298088610172272
IMG_9771.JPG,Right,0.9952710866928101,0.8062698245048523,0.5203746557235718,1.2988228093036014e-07,0.7630691528320312,0.5075371265411377,-0.016892462968826294,0.718807578086853,0.5303041338920593,-0.029194245114922523,0.6949986815452576,0.558719277381897,-0.042149003595113754,0.7156566977500916,0.5846538543701172,-0.0554739274084568,0.7093020677566528,0.6388648748397827,-0.026120074093341827,0.6943832635879517,0.7079142332077026,-0.049492280930280685,0.6835415959358215,0.7546895742416382,-0.06698589771986008,0.6769976019859314,0.7951166033744812,-0.08003804832696915,0.7402067184448242,0.650690495967865,-0.03185908496379852,0.7231118679046631,0.6625824570655823,-0.0660828948020935,0.7327038049697876,0.5993809103965759,-0.07748202979564667,0.7434813976287842,0.5585336089134216,-0.07884826511144638,0.7726542353630066,0.6487874984741211,-0.039143193513154984,0.7584348320960999,0.6509182453155518,-0.07305192202329636,0.7604108452796936,0.586991012096405,-0.07407927513122559,0.7653186321258545,0.5468253493309021,-0.06703846156597137,0.8040525913238525,0.6387720108032227,-0.04767106845974922,0.7889881730079651,0.6376491785049438,-0.07238057255744934,0.7865210771560669,0.5907412171363831,-0.0724872425198555,0.7869765758514404,0.5579982995986938,-0.06747268885374069
IMG_9836.JPG,Right,0.9900345802307129,0.8637160658836365,0.5469380021095276,2.5283956262001084e-08,0.810565173625946,0.5350828766822815,-0.03683807700872421,0.763619601726532,0.5474650859832764,-0.06365363299846649,0.7721062898635864,0.5859804153442383,-0.08794406056404114,0.8057754039764404,0.6323180198669434,-0.11182087659835815,0.7566719651222229,0.7049533128738403,-0.052647799253463745,0.7467151284217834,0.8025336861610413,-0.09294817596673965,0.7492102384567261,0.8662516474723816,-0.1213175505399704,0.7549063563346863,0.9237719774246216,-0.14180268347263336,0.8049533367156982,0.714356005191803,-0.05531453713774681,0.8069676756858826,0.7618158459663391,-0.10920189321041107,0.8188315033912659,0.6780067086219788,-0.1284918487071991,0.8204870223999023,0.6272623538970947,-0.1336505115032196,0.8502260446548462,0.7099537253379822,-0.061151545494794846,0.8629617094993591,0.7457805871963501,-0.11166711151599884,0.8652433753013611,0.6626529693603516,-0.10677627474069595,0.857388436794281,0.6112549304962158,-0.09375520795583725,0.8914265036582947,0.694219172000885,-0.06983038783073425,0.9041190147399902,0.7207338809967041,-0.1042080968618393,0.8996558785438538,0.6595488786697388,-0.09780628234148026,0.8857778310775757,0.6210001111030579,-0.0867658406496048
IMG_9822.JPG,Right,0.9972715973854065,0.7341794371604919,0.5159938931465149,6.772564375978618e-08,0.6946271061897278,0.5261134505271912,-0.007699206471443176,0.6671297550201416,0.5688208937644958,-0.010522902943193913,0.66725754737854,0.6130606532096863,-0.01437706034630537,0.6887636184692383,0.6370788216590881,-0.019058041274547577,0.6700054407119751,0.6330128908157349,-0.002291967160999775,0.6623933911323547,0.6899942755699158,-0.012768789194524288,0.6623238325119019,0.7270775437355042,-0.021473709493875504,0.6629461050033569,0.7578970193862915,-0.028462456539273262,0.694008469581604,0.638679027557373,-0.007404422387480736,0.6881864666938782,0.6867512464523315,-0.024933164939284325,0.6943086981773376,0.6508288383483887,-0.03364495187997818,0.6973440647125244,0.620037317276001,-0.03537874296307564,0.7190153002738953,0.6340672969818115,-0.013612708076834679,0.7179571390151978,0.6728662848472595,-0.03369918465614319,0.7187086343765259,0.6308241486549377,-0.03606758639216423,0.7164203524589539,0.5993630290031433,-0.0319766029715538,0.744439959526062,0.6214296221733093,-0.020086726173758507,0.7429935932159424,0.6544997096061707,-0.034498389810323715,0.7392775416374207,0.6248041987419128,-0.03340206295251846,0.7346015572547913,0.5980174541473389,-0.029262041673064232
509011772433856_.pic_thumb.jpg,Left,0.9585564136505127,0.6378778219223022,0.6186102032661438,-7.023002694950264e-07,0.7496396899223328,0.5855592489242554,-0.008058495819568634,0.8336317539215088,0.5297229290008545,-0.019163157790899277,0.8912042379379272,0.48187512159347534,-0.030661500990390778,0.9461632966995239,0.461654394865036,-0.043829724192619324,0.7385181188583374,0.40659022331237793,-0.03632882982492447,0.7326912879943848,0.43159762024879456,-0.04842729493975639,0.7292295098304749,0.47017645835876465,-0.06573013216257095,0.7228499054908752,0.49377644062042236,-0.08045663684606552,0.6527813673019409,0.40489137172698975,-0.04477974772453308,0.6541998386383057,0.439630389213562,-0.04209918528795242,0.6572434306144714,0.47326940298080444,-0.04912120848894119,0.6567143797874451,0.49622446298599243,-0.06475234776735306,0.578649640083313,0.4230651259422302,-0.049952827394008636,0.5851605534553528,0.4502239227294922,-0.0535135380923748,0.5928752422332764,0.47951334714889526,-0.054400376975536346,0.5939339399337769,0.5032459497451782,-0.06281250715255737,0.5147048234939575,0.44557589292526245,-0.05589381977915764,0.5203002691268921,0.4696452021598816,-0.062452301383018494,0.5291610360145569,0.49977540969848633,-0.054765328764915466,0.532001256942749,0.5220234394073486,-0.05012135207653046
IMG_9823.JPG,Right,0.9987193942070007,0.7650067210197449,0.6180419921875,9.555427737950595e-08,0.7273275852203369,0.625996470451355,-0.0078530078753829,0.700348973274231,0.6703747510910034,-0.011259208433330059,0.7044996023178101,0.7173295617103577,-0.01576179638504982,0.7257176041603088,0.7424108386039734,-0.02143901400268078,0.7041274309158325,0.7373626232147217,-0.0035553285852074623,0.6991463303565979,0.796455979347229,-0.015113218687474728,0.6994094252586365,0.8356784582138062,-0.024330472573637962,0.700448215007782,0.8675623536109924,-0.031729236245155334,0.7304808497428894,0.7425269484519958,-0.009305606596171856,0.7274508476257324,0.7918038368225098,-0.02821185626089573,0.7332721948623657,0.7535446882247925,-0.037192508578300476,0.735786497592926,0.7213147282600403,-0.03879181295633316,0.7562646865844727,0.736488401889801,-0.016180263832211494,0.7587628960609436,0.7777850031852722,-0.03795230761170387,0.7592288851737976,0.7335057258605957,-0.03957591950893402,0.7556682825088501,0.7015925049781799,-0.03456104174256325,0.7827225923538208,0.7218677997589111,-0.02328120544552803,0.782158613204956,0.7579506635665894,-0.039031848311424255,0.7784029245376587,0.7252799868583679,-0.036809977144002914,0.7734512090682983,0.6976764798164368,-0.03148462995886803
IMG_9837.JPG,Right,0.9970576763153076,0.827725887298584,0.5270893573760986,1.8806600721177347e-08,0.7742412090301514,0.5105268359184265,-0.028829218819737434,0.7244732975959778,0.5234001278877258,-0.050231773406267166,0.7258687615394592,0.560461163520813,-0.07096333801746368,0.7608836889266968,0.5899972915649414,-0.09113237261772156,0.7148228287696838,0.6763033270835876,-0.04125650227069855,0.7033153176307678,0.7664967775344849,-0.07745540142059326,0.7052018642425537,0.8232435584068298,-0.1036991998553276,0.7120110392570496,0.8772170543670654,-0.12233293801546097,0.7611863613128662,0.6894713044166565,-0.04664761200547218,0.7609522938728333,0.7194412350654602,-0.09099148958921432,0.7735776901245117,0.6405593156814575,-0.10724102705717087,0.7760397791862488,0.5993776321411133,-0.11270038038492203,0.805143415927887,0.6856083869934082,-0.055034082382917404,0.8133663535118103,0.700874388217926,-0.09812276810407639,0.815612256526947,0.6225107908248901,-0.09542948752641678,0.809714674949646,0.5799214243888855,-0.08598802238702774,0.8449972867965698,0.6705406904220581,-0.06597468256950378,0.8509979844093323,0.6775705218315125,-0.09399019181728363,0.8483362197875977,0.618515133857727,-0.08915367722511292,0.8383926153182983,0.5852438807487488,-0.08119185268878937
509081772433864_.pic.jpg,Left,0.9707040190696716,0.10575895011425018,0.7422997355461121,9.143024470859018e-08,0.2566886842250824,0.678499162197113,-0.0565992146730423,0.34087488055229187,0.5952415466308594,-0.07210692018270493,0.41329526901245117,0.53059983253479,-0.07369249314069748,0.48592743277549744,0.5006640553474426,-0.06819228827953339,0.15016397833824158,0.5027740001678467,-0.0428222231566906,0.2780928313732147,0.5154045224189758,-0.04485829919576645,0.31782060861587524,0.5643032789230347,-0.05279849097132683,0.3174600899219513,0.5919405221939087,-0.05898861214518547,0.08105219900608063,0.5113550424575806,-0.010298056527972221,0.22039610147476196,0.5428429841995239,-0.001982183661311865,0.26063957810401917,0.5873127579689026,-0.013099313713610172,0.2578790485858917,0.6141444444656372,-0.03053722344338894,0.044782668352127075,0.5405452847480774,0.020567743107676506,0.16314832866191864,0.5670342445373535,0.025078728795051575,0.20504438877105713,0.6043158173561096,0.014351260848343372,0.20577995479106903,0.6340531706809998,0.0005386670236475766,0.021947965025901794,0.5687852501869202,0.04775926470756531,0.10987059772014618,0.5822054147720337,0.04761684685945511,0.14259713888168335,0.6081499457359314,0.04429062455892563,0.1455983817577362,0.6321651935577393,0.04075705260038376
508631772433818_.pic.jpg,Left,0.9359076619148254,0.5250006914138794,0.8810255527496338,-8.648289622215088e-07,0.6757023930549622,0.7904106378555298,0.0317278727889061,0.754450261592865,0.6934226155281067,0.039842523634433746,0.8160760998725891,0.6198864579200745,0.040699079632759094,0.8934666514396667,0.5955640077590942,0.03975033015012741,0.6130632162094116,0.5341758728027344,0.0027372438926249743,0.6217048764228821,0.5588414669036865,0.010577802546322346,0.6265226006507874,0.6191444396972656,0.004259366076439619,0.6224715113639832,0.6618152856826782,-0.0034766735043376684,0.4859107732772827,0.5427036285400391,-0.017606863752007484,0.49956321716308594,0.577144205570221,0.017451055347919464,0.5081456899642944,0.6258904337882996,0.02282852493226528,0.5071185231208801,0.6621575951576233,0.009219304658472538,0.38216328620910645,0.5813201069831848,-0.03074580617249012,0.39498060941696167,0.6102294921875,-0.005862100515514612,0.4188401699066162,0.6494536995887756,-0.0023848251439630985,0.4280928373336792,0.6832648515701294,-0.014985762536525726,0.29638633131980896,0.6282134652137756,-0.04108612984418869,0.3183838129043579,0.6538780927658081,-0.026095062494277954,0.34940049052238464,0.6918368935585022,-0.009046080522239208,0.3653455972671509,0.7218799591064453,-0.0004938257625326514
509191772433878_.pic_thumb.jpg,Left,0.9461373686790466,0.13077737390995026,0.38268762826919556,-3.7756782944597944e-07,0.2852194309234619,0.36135509610176086,-0.02021416462957859,0.39024296402931213,0.30708950757980347,-0.03130774199962616,0.4563589096069336,0.2712964713573456,-0.03934456408023834,0.5228959918022156,0.26238518953323364,-0.04545285180211067,0.26140058040618896,0.1575312316417694,-0.0336301289498806,0.3122047781944275,0.20114344358444214,-0.04424862191081047,0.3152407705783844,0.2530707120895386,-0.06439188122749329,0.2951049506664276,0.2784000039100647,-0.08281753212213516,0.1584661900997162,0.16234852373600006,-0.034969933331012726,0.2228909134864807,0.20320993661880493,-0.02967333421111107,0.2308824211359024,0.24661849439144135,-0.04031377285718918,0.21023163199424744,0.26744717359542847,-0.06116762384772301,0.07857497036457062,0.1936476081609726,-0.03530783951282501,0.13678863644599915,0.217508465051651,-0.04143745079636574,0.1503741294145584,0.254027783870697,-0.04426046460866928,0.1382351517677307,0.27469027042388916,-0.054831504821777344,0.02136191725730896,0.22991135716438293,-0.03636043146252632,0.06691543757915497,0.24596557021141052,-0.04366252198815346,0.08347541093826294,0.27676472067832947,-0.035317182540893555,0.07989539206027985,0.2964628040790558,-0.03261933848261833
IMG_9770.JPG,Right,0.9979274272918701,0.811298668384552,0.4872894585132599,1.2885530509265664e-07,0.7656832337379456,0.4758075773715973,-0.020121194422245026,0.7230069637298584,0.4900554418563843,-0.037521108984947205,0.6998498439788818,0.5116975903511047,-0.05554841831326485,0.7204031348228455,0.5364041328430176,-0.07375955581665039,0.712073028087616,0.6105539202690125,-0.03403548523783684,0.6973401308059692,0.6750814318656921,-0.05982478708028793,0.6886795163154602,0.7207671999931335,-0.0788356363773346,0.6832299828529358,0.7614466547966003,-0.09297797083854675,0.7454298734664917,0.6273576021194458,-0.04051747918128967,0.7298666834831238,0.6197807788848877,-0.07722633332014084,0.7374274134635925,0.5554560422897339,-0.0895635113120079,0.7462497353553772,0.5159893035888672,-0.09183904528617859,0.7806082367897034,0.6248303651809692,-0.04843991622328758,0.7659002542495728,0.6064262986183167,-0.08262279629707336,0.7653857469558716,0.546086847782135,-0.08300627768039703,0.7683706879615784,0.509830117225647,-0.07620356976985931,0.8135727047920227,0.6114270687103271,-0.05832662433385849,0.7981523871421814,0.593757152557373,-0.08213816583156586,0.7932509779930115,0.5484187602996826,-0.08150481432676315,0.7914462089538574,0.5176535248756409,-0.07626507431268692
IMG_9764.JPG,Right,0.9913304448127747,0.7032292485237122,0.7030158638954163,1.3653449570938392e-07,0.6915226578712463,0.5966673493385315,-0.042946238070726395,0.6809518337249756,0.5315333604812622,-0.0837983787059784,0.6870856881141663,0.49328848719596863,-0.12186851352453232,0.7086471915245056,0.46132487058639526,-0.15610750019550323,0.582072913646698,0.5914775133132935,-0.07825338840484619,0.6347246170043945,0.5570824146270752,-0.12307117879390717,0.6787939667701721,0.5283538103103638,-0.14369472861289978,0.7045068144798279,0.5148329138755798,-0.15441858768463135,0.5925639271736145,0.6595451831817627,-0.07925990968942642,0.6822977662086487,0.601841151714325,-0.12070298939943314,0.7147157192230225,0.6005917191505432,-0.12406274676322937,0.7021299600601196,0.6069130301475525,-0.12509876489639282,0.617789626121521,0.715585470199585,-0.08395440876483917,0.7077064514160156,0.6581717133522034,-0.12053846567869186,0.7249384522438049,0.6454852223396301,-0.10991070419549942,0.7027764916419983,0.6455798149108887,-0.0999184101819992,0.6456151008605957,0.7598896026611328,-0.0934302806854248,0.7186235189437866,0.7143650054931641,-0.11507286131381989,0.7323793172836304,0.6958355903625488,-0.10792399197816849,0.7153069376945496,0.6964944005012512,-0.10084280371665955
IMG_9758.JPG,Right,0.9813286066055298,0.9732598662376404,0.5685132145881653,-5.27279610196274e-07,0.900888204574585,0.6652553081512451,-0.030986540019512177,0.8300108313560486,0.7390628457069397,-0.06021246686577797,0.78659987449646,0.8140895366668701,-0.08353719115257263,0.7812077403068542,0.8950332999229431,-0.10448813438415527,0.7816198468208313,0.5596659183502197,-0.07033491134643555,0.7029193639755249,0.6482642889022827,-0.07035122811794281,0.7364711761474609,0.6741113662719727,-0.06140952184796333,0.7667906880378723,0.66847163438797,-0.05764315277338028,0.7801892757415771,0.48286038637161255,-0.057836536318063736,0.7021379470825195,0.5906456112861633,-0.058695219457149506,0.729549765586853,0.6232092976570129,-0.05073223635554314,0.7605380415916443,0.6178106665611267,-0.05091191828250885,0.7874943614006042,0.43675559759140015,-0.041592393070459366,0.712455153465271,0.5316765308380127,-0.03782898560166359,0.732627272605896,0.5666515231132507,-0.02961857244372368,0.7633195519447327,0.5738115310668945,-0.030413003638386726,0.7974392175674438,0.41442418098449707,-0.027675746008753777,0.744928240776062,0.4740128517150879,-0.02594275027513504,0.7565977573394775,0.5095835328102112,-0.019696785137057304,0.7754368782043457,0.5224143862724304,-0.01696956343948841
IMG_9799.JPG,Right,0.9961647987365723,0.8391132950782776,0.49571987986564636,8.250460581393781e-08,0.7899523973464966,0.4751957058906555,-0.029030144214630127,0.742996096611023,0.48219630122184753,-0.05286906287074089,0.7260183095932007,0.50743168592453,-0.07702324539422989,0.7451415657997131,0.541728138923645,-0.1010025218129158,0.7006551027297974,0.6117631196975708,-0.04032176360487938,0.6802273392677307,0.6989834904670715,-0.07746241986751556,0.6698483824729919,0.7589247822761536,-0.10344578325748444,0.6649851202964783,0.811825156211853,-0.12061998248100281,0.7419137358665466,0.64334636926651,-0.046399910002946854,0.7353202700614929,0.6517788767814636,-0.09698625653982162,0.7638496160507202,0.577671229839325,-0.11268886923789978,0.7811853885650635,0.530726432800293,-0.11351428925991058,0.7852640151977539,0.6568706035614014,-0.05576147139072418,0.788240373134613,0.6495522260665894,-0.1023392304778099,0.8060259819030762,0.5726476311683655,-0.0990259125828743,0.8145347833633423,0.5222628712654114,-0.08570290356874466,0.827176034450531,0.6589655876159668,-0.06791061162948608,0.827748715877533,0.6579955220222473,-0.09771876782178879,0.8356460928916931,0.6006078124046326,-0.09261133521795273,0.8348566889762878,0.560339093208313,-0.08188088238239288
509351772433899_.pic_thumb.jpg,Left,0.89723801612854,0.4502750635147095,0.7799777388572693,-4.2564599311845086e-07,0.6279275417327881,0.7283249497413635,-0.00014851460582576692,0.7368170022964478,0.6460739374160767,-0.0028633095789700747,0.8133836388587952,0.5744609236717224,-0.005212149582803249,0.8924697041511536,0.5582260489463806,-0.005703319329768419,0.5910381078720093,0.501832127571106,-0.012557223439216614,0.6618373394012451,0.5195849537849426,-0.01094158086925745,0.6727420091629028,0.5776912569999695,-0.020965248346328735,0.6509473323822021,0.617134690284729,-0.029825257137417793,0.48253339529037476,0.5015991926193237,-0.01569053716957569,0.5679652690887451,0.5259538888931274,0.006258700042963028,0.5815461874008179,0.5726796984672546,0.0018701774533838034,0.5583639740943909,0.6063474416732788,-0.014613261446356773,0.39945632219314575,0.5281781554222107,-0.014766421169042587,0.4745149612426758,0.542895495891571,0.0019396739080548286,0.4929884672164917,0.5821316242218018,0.0026148143224418163,0.4756554365158081,0.6148181557655334,-0.008815867826342583,0.3343164324760437,0.5620023012161255,-0.013063059188425541,0.39049622416496277,0.5685727596282959,-0.0010867422679439187,0.4110303521156311,0.601535439491272,0.01386324968189001,0.40327560901641846,0.6319537162780762,0.021408546715974808
508951772433850_.pic.jpg,Left,0.9460344910621643,0.6700030565261841,0.48222947120666504,-4.433587434959918e-07,0.7689501643180847,0.4569530487060547,0.0061842878349125385,0.837462306022644,0.4176397919654846,0.008153436705470085,0.891028106212616,0.38672390580177307,0.007876459509134293,0.9402287602424622,0.3798850476741791,0.006144667509943247,0.7501804232597351,0.30637508630752563,-0.004299183376133442,0.7573968172073364,0.33019131422042847,0.007962213829159737,0.7592849731445312,0.36350905895233154,0.008544545620679855,0.7540314793586731,0.38359764218330383,0.004894905723631382,0.671890914440155,0.3074306547641754,-0.011634447611868382,0.687309980392456,0.33834367990493774,0.012912236154079437,0.6924123764038086,0.3661668300628662,0.012507335282862186,0.6892527937889099,0.38598203659057617,-0.00039612228283658624,0.6078875064849854,0.3276554048061371,-0.014834838919341564,0.62254798412323,0.3516635596752167,0.00031032264814712107,0.6349946856498718,0.37593138217926025,-0.0028269991744309664,0.6354976296424866,0.3956109881401062,-0.01540773082524538,0.5533726811408997,0.35090216994285583,-0.01726294495165348,0.563010573387146,0.3685230612754822,-0.008273403160274029,0.5794068574905396,0.39014503359794617,-0.0011029870947822928,0.5865683555603027,0.40836644172668457,-0.00024432610371150076
IMG_9772.JPG,Right,0.9978339672088623,0.869653046131134,0.5377843976020813,-2.0598029948359908e-08,0.8258328437805176,0.5359379053115845,-0.016196420416235924,0.7916080951690674,0.5680098533630371,-0.028863556683063507,0.7919824719429016,0.6026851534843445,-0.04250054061412811,0.8129831552505493,0.6360462307929993,-0.05662708729505539,0.7855104804039001,0.6757700443267822,-0.027105826884508133,0.7798052430152893,0.7525482177734375,-0.05501812323927879,0.7812270522117615,0.8079354763031006,-0.0760364681482315,0.7851834297180176,0.8550262451171875,-0.09106180816888809,0.8244601488113403,0.6789714694023132,-0.03335370868444443,0.82579505443573,0.7040348649024963,-0.0700235366821289,0.8327991366386414,0.6435932517051697,-0.08421535789966583,0.833560585975647,0.6004639267921448,-0.08835796266794205,0.8603712320327759,0.6705287098884583,-0.041294749826192856,0.8615541458129883,0.6869348287582397,-0.0765128806233406,0.858575165271759,0.6260353922843933,-0.07632920145988464,0.8521968722343445,0.583671510219574,-0.0692645013332367,0.8923789858818054,0.6550312638282776,-0.05048336461186409,0.8898633718490601,0.661345362663269,-0.07677611708641052,0.8838890790939331,0.6131121516227722,-0.07524086534976959,0.8732331991195679,0.5792465806007385,-0.06892966479063034
508781772433833_.pic_thumb.jpg,Left,0.9273523092269897,0.2964898645877838,0.9768047332763672,-4.796441430698906e-07,0.5435982346534729,0.8672357797622681,-0.0039482926949858665,0.6672306060791016,0.7257558107376099,-0.009793121367692947,0.75566565990448,0.6191135048866272,-0.016387980431318283,0.8552329540252686,0.5716528296470642,-0.02102859504520893,0.46358174085617065,0.5648612976074219,-0.0262327641248703,0.5518767237663269,0.596301257610321,-0.032505206763744354,0.5580725073814392,0.6725810766220093,-0.050439417362213135,0.5298981666564941,0.7124712467193604,-0.06829798221588135,0.3056183457374573,0.5807435512542725,-0.036839861422777176,0.4041406512260437,0.616883397102356,-0.016631929203867912,0.4248049855232239,0.6808808445930481,-0.020989540964365005,0.39458954334259033,0.7178865075111389,-0.04558449238538742,0.17725393176078796,0.6347014904022217,-0.04382522404193878,0.2608862519264221,0.6557090282440186,-0.03413788601756096,0.29158568382263184,0.711693525314331,-0.025887567549943924,0.2722788155078888,0.7510026693344116,-0.03726082295179367,0.07734647393226624,0.6951062679290771,-0.050708871334791183,0.14429032802581787,0.7031524181365967,-0.04672993719577789,0.1802455484867096,0.7472991943359375,-0.026689594611525536,0.17803356051445007,0.7814208269119263,-0.018200404942035675
IMG_9766.JPG,Right,0.9966233372688293,0.790173351764679,0.539103090763092,5.969052097043459e-08,0.7340762615203857,0.529468834400177,-0.027171799913048744,0.681932806968689,0.5505444407463074,-0.05020994693040848,0.6602025032043457,0.5873717069625854,-0.07378025352954865,0.6912975907325745,0.6205993890762329,-0.09643106907606125,0.6595812439918518,0.6893677115440369,-0.043885983526706696,0.6394311785697937,0.7816638946533203,-0.08118786662817001,0.6316252946853638,0.8444572687149048,-0.10713116824626923,0.6290575265884399,0.901971697807312,-0.125093013048172,0.7045344114303589,0.711219072341919,-0.050875335931777954,0.6983877420425415,0.7227708697319031,-0.09990104287862778,0.7131462097167969,0.6455914378166199,-0.11425871402025223,0.7220847010612488,0.5960404872894287,-0.11589019000530243,0.7479329705238342,0.7137763500213623,-0.06061076745390892,0.7458720207214355,0.7028393745422363,-0.10347599536180496,0.748972475528717,0.628166675567627,-0.09998645633459091,0.7491670250892639,0.5830304622650146,-0.08876406401395798,0.7877583503723145,0.7054717540740967,-0.07348686456680298,0.7833721041679382,0.6891413927078247,-0.10043954104185104,0.7815033197402954,0.6339377760887146,-0.09684452414512634,0.7754096984863281,0.5992023944854736,-0.08868705481290817
508651772433820_.pic.jpg,Left,0.969947338104248,0.5305154323577881,0.9210277795791626,-7.680179692215461e-07,0.7054539918899536,0.8347334265708923,0.0886932760477066,0.780890703201294,0.7344868779182434,0.14097565412521362,0.8492819666862488,0.648637056350708,0.18072813749313354,0.9242132902145386,0.6260821223258972,0.2187514752149582,0.6760648488998413,0.5552075505256653,0.11365894228219986,0.6979251503944397,0.5645871758460999,0.18572093546390533,0.6998435854911804,0.6368646025657654,0.21276266872882843,0.6924599409103394,0.6872351169586182,0.22462108731269836,0.5434623956680298,0.5566743612289429,0.08929837495088577,0.5809804201126099,0.5821706652641296,0.19354040920734406,0.592299222946167,0.6436751484870911,0.21396030485630035,0.591829776763916,0.6879196763038635,0.20378921926021576,0.42781397700309753,0.5930052995681763,0.07673598825931549,0.46456822752952576,0.6113009452819824,0.1619250625371933,0.48913320899009705,0.664015531539917,0.16646096110343933,0.49010899662971497,0.7065098285675049,0.14507292211055756,0.3288433849811554,0.6379907131195068,0.07225166261196136,0.36203545331954956,0.6500518321990967,0.13461637496948242,0.3945619761943817,0.6950311660766602,0.16298750042915344,0.40182673931121826,0.7359352111816406,0.1737368106842041
508971772433852_.pic_thumb.jpg,Left,0.902905285358429,0.6270918846130371,0.3979198932647705,-5.611457822851662e-07,0.7383178472518921,0.3753626346588135,0.0011687884107232094,0.8194000720977783,0.33120691776275635,-0.0070781409740448,0.8805078864097595,0.30033230781555176,-0.019046703353524208,0.9372393488883972,0.29092150926589966,-0.032663702964782715,0.7527457475662231,0.21097040176391602,-0.014285456389188766,0.7374750375747681,0.2303408831357956,-0.02709111198782921,0.7333229780197144,0.26642906665802,-0.0472734272480011,0.7296013236045837,0.29047074913978577,-0.06364268809556961,0.6754137873649597,0.21069692075252533,-0.028238074854016304,0.6722022891044617,0.23841191828250885,-0.02689347043633461,0.6753188371658325,0.27064505219459534,-0.039026279002428055,0.6751067638397217,0.29294174909591675,-0.056572310626506805,0.6063274145126343,0.2297145426273346,-0.039695799350738525,0.6097214221954346,0.25480857491493225,-0.044420160353183746,0.6196041703224182,0.28110232949256897,-0.049025725573301315,0.6222398281097412,0.29928022623062134,-0.05852515995502472,0.5480267405509949,0.2536599338054657,-0.051215123385190964,0.5560604929924011,0.2801283001899719,-0.05515625327825546,0.5671048164367676,0.3055479824542999,-0.04796649515628815,0.5708823204040527,0.3207276463508606,-0.044255923479795456
509071772433863_.pic_thumb.jpg,Left,0.9558265805244446,0.12771748006343842,0.7996965050697327,1.7091308279759687e-07,0.2788112759590149,0.7311718463897705,-0.052206069231033325,0.3689146339893341,0.6373414993286133,-0.07008033990859985,0.4364652931690216,0.5687000155448914,-0.0790853276848793,0.5068284273147583,0.533284068107605,-0.08029254525899887,0.15309220552444458,0.5580365657806396,-0.02739357203245163,0.2984534800052643,0.5598573684692383,-0.05192210152745247,0.3391074240207672,0.6096137762069702,-0.0778098776936531,0.3322471082210541,0.6391645073890686,-0.09478733688592911,0.08281178772449493,0.5715720057487488,-0.007555005140602589,0.24550430476665497,0.580110490322113,-0.029207956045866013,0.2819979786872864,0.6240951418876648,-0.05365515127778053,0.26372501254081726,0.6533714532852173,-0.07298552244901657,0.04958219826221466,0.6000986099243164,0.007309236563742161,0.19441401958465576,0.6043832302093506,-0.013162020593881607,0.2332977056503296,0.6389186978340149,-0.02507828362286091,0.22347399592399597,0.6654521822929382,-0.032158300280570984,0.032846733927726746,0.628439724445343,0.018412213772535324,0.1446959227323532,0.6236953735351562,0.0029629364144057035,0.18141810595989227,0.6487621665000916,-0.000563762616366148,0.18124741315841675,0.672785758972168,-0.0005058810929767787
IMG_9821.JPG,Right,0.9960470795631409,0.7323379516601562,0.518282949924469,8.903737835908032e-08,0.6877668499946594,0.5242522358894348,-0.006843725219368935,0.6580666899681091,0.5671002864837646,-0.008851004764437675,0.6568781733512878,0.61419677734375,-0.011859971098601818,0.682416558265686,0.634972095489502,-0.015873173251748085,0.6631051898002625,0.6324092745780945,-0.00012711892486549914,0.6569567918777466,0.6895123720169067,-0.009775232523679733,0.6566028594970703,0.7288797497749329,-0.018846245482563972,0.6549473404884338,0.7602400183677673,-0.026757122948765755,0.687355101108551,0.6378166675567627,-0.005627731792628765,0.6813400983810425,0.6878971457481384,-0.021746274083852768,0.6881097555160522,0.6541340947151184,-0.030607908964157104,0.6908926963806152,0.6234668493270874,-0.033052120357751846,0.7124961614608765,0.6335692405700684,-0.012216156348586082,0.7109420895576477,0.6748605966567993,-0.031424470245838165,0.7122839689254761,0.6328315734863281,-0.034586209803819656,0.7092688679695129,0.5998513102531433,-0.03151513636112213,0.7379330396652222,0.6206263303756714,-0.01908896304666996,0.7353041768074036,0.6545068621635437,-0.03402063995599747,0.733364999294281,0.6238936185836792,-0.033836234360933304,0.7295971512794495,0.5958523750305176,-0.030542314052581787
IMG_9835.JPG,Right,0.9903240203857422,0.8793240785598755,0.5634711980819702,-3.9719683542216444e-08,0.8254459500312805,0.5549619197845459,-0.035688430070877075,0.7752963304519653,0.5728726387023926,-0.06161746010184288,0.7824605107307434,0.6172952651977539,-0.08483866602182388,0.8175287246704102,0.6638914346694946,-0.10741693526506424,0.7705088257789612,0.7346649169921875,-0.051271818578243256,0.7628452181816101,0.8341074585914612,-0.09109319746494293,0.7665743231773376,0.8989947438240051,-0.11994224786758423,0.7725764513015747,0.9583609104156494,-0.14082355797290802,0.8191304206848145,0.7422716021537781,-0.053124528378248215,0.8234775066375732,0.7938601970672607,-0.10449892282485962,0.8358937501907349,0.7113716006278992,-0.12224610894918442,0.836216926574707,0.6629626154899597,-0.12683069705963135,0.8633939027786255,0.7377848029136658,-0.05794485658407211,0.8778886198997498,0.7816208600997925,-0.1043679490685463,0.8804372549057007,0.7006498575210571,-0.09669511765241623,0.871811032295227,0.6504936218261719,-0.08282595872879028,0.9037622809410095,0.7225027084350586,-0.06587419658899307,0.9191945195198059,0.7523641586303711,-0.09721583873033524,0.913273274898529,0.6906986236572266,-0.08900477737188339,0.8966207504272461,0.6528871655464172,-0.07694894075393677
IMG_9809.JPG,Right,0.9960667490959167,0.7624350190162659,0.5997450351715088,2.1943938577351219e-07,0.7236016392707825,0.5830845832824707,-0.029579434543848038,0.6831058859825134,0.6049380898475647,-0.04900182783603668,0.6641756892204285,0.641145646572113,-0.0673738345503807,0.6785749197006226,0.6872579455375671,-0.0860140472650528,0.6570771932601929,0.7083657383918762,-0.03200257569551468,0.638035774230957,0.7846856713294983,-0.06413961201906204,0.6267356872558594,0.8394958972930908,-0.08708659559488297,0.6192947626113892,0.884765625,-0.10260104387998581,0.6898424029350281,0.7261254191398621,-0.03522000089287758,0.6741505861282349,0.7654337286949158,-0.08132284134626389,0.6954307556152344,0.7116093039512634,-0.09850331395864487,0.7086132764816284,0.6703004240989685,-0.10048062354326248,0.7251432538032532,0.7332075238227844,-0.0418652705848217,0.7202428579330444,0.7607961893081665,-0.08636733144521713,0.7325992584228516,0.699411153793335,-0.08764219284057617,0.7382029294967651,0.6553810834884644,-0.077559694647789,0.7609004378318787,0.7340677380561829,-0.05075100436806679,0.7550746202468872,0.7568169832229614,-0.08195311576128006,0.7604920268058777,0.7122527956962585,-0.08027216047048569,0.761235773563385,0.6775891184806824,-0.07203057408332825
508741772433829_.pic_thumb.jpg,Left,0.9634172320365906,0.34811973571777344,0.7431325912475586,-3.0976610787547543e-07,0.5317844152450562,0.6522632837295532,-0.01928461343050003,0.6445602178573608,0.5539506673812866,-0.03945402801036835,0.721278190612793,0.4856007397174835,-0.057639699429273605,0.7970296144485474,0.44700682163238525,-0.0736406072974205,0.45078131556510925,0.38991689682006836,-0.04427860304713249,0.5111412405967712,0.4312666654586792,-0.07591190934181213,0.5207327008247375,0.4958176016807556,-0.11913365125656128,0.5011754035949707,0.525593638420105,-0.15268583595752716,0.3189459443092346,0.41132038831710815,-0.052768778055906296,0.39515382051467896,0.4473325312137604,-0.05520174652338028,0.41007882356643677,0.4987102448940277,-0.07390151172876358,0.38979578018188477,0.5228264927864075,-0.10372921079397202,0.21408909559249878,0.4575459063053131,-0.06051005423069,0.2905976176261902,0.47817370295524597,-0.07026924937963486,0.3100034296512604,0.5200559496879578,-0.07076138257980347,0.29510828852653503,0.5442331433296204,-0.0821383073925972,0.13278239965438843,0.5070760846138,-0.06953442841768265,0.20418831706047058,0.523432731628418,-0.07947567850351334,0.2342967689037323,0.5621547102928162,-0.06524942070245743,0.23161987960338593,0.5852218270301819,-0.05716056376695633
IMG_9808.JPG,Right,0.9967101812362671,0.7663664221763611,0.4759323000907898,9.222956265375615e-08,0.7281829118728638,0.46628209948539734,-0.021907979622483253,0.6899921298027039,0.49011608958244324,-0.03736165165901184,0.6722808480262756,0.5235622525215149,-0.052908267825841904,0.6853411793708801,0.5656323432922363,-0.06893005222082138,0.665267288684845,0.5918703675270081,-0.02615584060549736,0.6450345516204834,0.6667750477790833,-0.05374281108379364,0.634881854057312,0.7189856767654419,-0.07356487959623337,0.6293751001358032,0.7635427713394165,-0.08713728934526443,0.6985023021697998,0.6066824793815613,-0.030954720452427864,0.6835123896598816,0.6441897749900818,-0.07055289298295975,0.703149676322937,0.58623206615448,-0.08521724492311478,0.7150281667709351,0.5459281802177429,-0.08714066445827484,0.7332607507705688,0.6114852428436279,-0.038138143718242645,0.7270992398262024,0.6411496996879578,-0.07672823965549469,0.7369406819343567,0.5777602791786194,-0.07607246935367584,0.7417097687721252,0.5339985489845276,-0.0663737803697586,0.7685714960098267,0.6099163293838501,-0.046873461455106735,0.761664092540741,0.6358913779258728,-0.07365216314792633,0.7655765414237976,0.5899075269699097,-0.07012045383453369,0.7660642862319946,0.5557283759117126,-0.06159789487719536
IMG_9834.JPG,Right,0.9949778318405151,0.8608989715576172,0.48702722787857056,6.289274523396671e-08,0.8144383430480957,0.4800737500190735,-0.04055498167872429,0.7704457640647888,0.49602288007736206,-0.07171428203582764,0.7799564003944397,0.5226335525512695,-0.09953145682811737,0.8175270557403564,0.5468166470527649,-0.12640191614627838,0.7773669362068176,0.6450362205505371,-0.06075682491064072,0.7806332111358643,0.7390364408493042,-0.1055859923362732,0.7892950773239136,0.7954779863357544,-0.1338055282831192,0.7999899387359619,0.8483691811561584,-0.15310682356357574,0.8266928195953369,0.648331880569458,-0.06275597214698792,0.8316284418106079,0.6838101744651794,-0.11780144274234772,0.8363819122314453,0.5950456857681274,-0.13103266060352325,0.8303260803222656,0.5579513907432556,-0.13142645359039307,0.8709829449653625,0.6378616690635681,-0.06866829842329025,0.8836522102355957,0.6609137654304504,-0.12075740098953247,0.878398060798645,0.577219545841217,-0.10849007219076157,0.864308774471283,0.5398478507995605,-0.09028127789497375,0.9105516672134399,0.6184449791908264,-0.07796924561262131,0.9225832223892212,0.633411705493927,-0.11297702044248581,0.9138698577880859,0.571509838104248,-0.10246849805116653,0.8979862928390503,0.5445407629013062,-0.08828870952129364
509261772433887_.pic_thumb.jpg,Left,0.9469550848007202,0.2505996823310852,0.8700550198554993,-2.3785265312881165e-08,0.41989976167678833,0.7835017442703247,-0.027030037716031075,0.5062974691390991,0.676198422908783,-0.043148186057806015,0.5738115906715393,0.599918007850647,-0.05643664300441742,0.6514010429382324,0.5689629912376404,-0.06561703979969025,0.29759687185287476,0.5900726318359375,-0.03357110172510147,0.4138389229774475,0.5834958553314209,-0.058699820190668106,0.4495159983634949,0.6296398639678955,-0.0882948637008667,0.43828311562538147,0.6596599817276001,-0.11021842062473297,0.20007340610027313,0.6126883029937744,-0.03194580227136612,0.32839497923851013,0.6082406044006348,-0.04013362526893616,0.36309751868247986,0.6426612138748169,-0.05471813306212425,0.34368133544921875,0.6704906225204468,-0.07609409093856812,0.1358402520418167,0.6558005213737488,-0.031637225300073624,0.24103033542633057,0.6404420733451843,-0.041409872472286224,0.27410557866096497,0.6683669686317444,-0.04159221425652504,0.26166021823883057,0.695056140422821,-0.049180224537849426,0.09297165274620056,0.6999125480651855,-0.03334870934486389,0.17744040489196777,0.6847721934318542,-0.039013393223285675,0.21150152385234833,0.7066879272460938,-0.029187574982643127,0.20896866917610168,0.7323210835456848,-0.024790702387690544
IMG_9820.JPG,Right,0.9979639649391174,0.7331279516220093,0.5378156900405884,1.0724936316819367e-07,0.6959559321403503,0.5428474545478821,-0.010435632430016994,0.6694415211677551,0.5846733450889587,-0.015109473839402199,0.6667491793632507,0.626253604888916,-0.02050592191517353,0.6888539791107178,0.6470728516578674,-0.026622185483574867,0.6732935905456543,0.6592968106269836,-0.00636629480868578,0.6676966547966003,0.7191987633705139,-0.019625559449195862,0.6677877902984619,0.7581305503845215,-0.029696760699152946,0.6683905124664307,0.7906667590141296,-0.037740111351013184,0.6988996863365173,0.6639471054077148,-0.01140979491174221,0.6935785412788391,0.7148971557617188,-0.03164386749267578,0.6990838050842285,0.6747418642044067,-0.04019424691796303,0.6997655630111694,0.6427609324455261,-0.04132404178380966,0.7249576449394226,0.6573755741119385,-0.017930805683135986,0.7249647378921509,0.6954635977745056,-0.04136419668793678,0.7245149612426758,0.6492975950241089,-0.04264239966869354,0.7200097441673279,0.6171301007270813,-0.03709438815712929,0.7510765194892883,0.6411857008934021,-0.02501644380390644,0.7493743300437927,0.6725651621818542,-0.04251037538051605,0.7445958256721497,0.6385892033576965,-0.04124978929758072,0.7386607527732849,0.6111204624176025,-0.036421455442905426
508941772433849_.pic.jpg,Left,0.960616409778595,0.669487476348877,0.5829262733459473,-5.428151439446083e-07,0.7671805620193481,0.5434476137161255,-0.000621006591245532,0.834088146686554,0.49380725622177124,-0.008221212774515152,0.8874647617340088,0.4508551359176636,-0.01631470024585724,0.9425539970397949,0.43503832817077637,-0.024998240172863007,0.7402897477149963,0.3929878771305084,-0.02738160826265812,0.7445651888847351,0.4156143069267273,-0.026270410045981407,0.7474092245101929,0.45069193840026855,-0.029248245060443878,0.7425452470779419,0.47306028008461,-0.03395651653409004,0.6646500825881958,0.39486387372016907,-0.034639667719602585,0.6789149641990662,0.4236116111278534,-0.021642936393618584,0.6855028867721558,0.4543066620826721,-0.021771706640720367,0.6826045513153076,0.47585242986679077,-0.03319985419511795,0.6025515198707581,0.41462188959121704,-0.03725442662835121,0.6189678311347961,0.4365287721157074,-0.030957844108343124,0.6308271884918213,0.4640859365463257,-0.028154762461781502,0.6303851008415222,0.48617464303970337,-0.03517771139740944,0.5492395162582397,0.4384883940219879,-0.0395706444978714,0.5696774125099182,0.4523823857307434,-0.03744889423251152,0.584884762763977,0.47874003648757935,-0.026075366884469986,0.5892117619514465,0.4992089867591858,-0.020153211429715157
508601772433815_.pic_thumb.jpg,Left,0.9738073348999023,0.4064602851867676,0.8386222124099731,-4.836025482291006e-07,0.5741761922836304,0.746787965297699,-0.009893222711980343,0.6702547669410706,0.6516382098197937,-0.025416066870093346,0.7390854954719543,0.5835295915603638,-0.04162602499127388,0.8147090673446655,0.5519980788230896,-0.05628465488553047,0.46663546562194824,0.5286955833435059,-0.040268104523420334,0.5701795816421509,0.5396566987037659,-0.06679955869913101,0.5953606963157654,0.5943846702575684,-0.09869935363531113,0.5771860480308533,0.6307022571563721,-0.12144406884908676,0.3501605987548828,0.5453711152076721,-0.04899941757321358,0.4657038748264313,0.5530070662498474,-0.05310920625925064,0.48850807547569275,0.5975643992424011,-0.06489944458007812,0.46514058113098145,0.6326844096183777,-0.08537787944078445,0.26689207553863525,0.5815609693527222,-0.05565274506807327,0.3632391691207886,0.5807414054870605,-0.058335307985544205,0.38498038053512573,0.6199034452438354,-0.052324771881103516,0.3693825304508209,0.6538045406341553,-0.058107029646635056,0.20302489399909973,0.6211438179016113,-0.06342637538909912,0.282621830701828,0.6163663268089294,-0.0623798742890358,0.30726322531700134,0.6501889228820801,-0.04412540793418884,0.299494206905365,0.679820716381073,-0.03406153619289398
508881772433843_.pic_thumb.jpg,Left,0.9479799270629883,0.4282955825328827,0.7594105005264282,-4.7541229264425056e-07,0.5478585362434387,0.698550820350647,-0.003729864489287138,0.6147153973579407,0.6251704096794128,-0.01328547764569521,0.6533796787261963,0.5673781633377075,-0.02322578802704811,0.7058554887771606,0.5410796999931335,-0.03296838700771332,0.4856036901473999,0.528310239315033,-0.03489403426647186,0.518923819065094,0.5402135252952576,-0.051318660378456116,0.5316554307937622,0.5837869048118591,-0.07050129771232605,0.5229969024658203,0.6125938892364502,-0.08531186729669571,0.40099039673805237,0.5410330295562744,-0.04338055104017258,0.4445573687553406,0.5560277104377747,-0.0442463755607605,0.4587039053440094,0.5915993452072144,-0.050368428230285645,0.448558509349823,0.6148824691772461,-0.06524568796157837,0.33679404854774475,0.5715675950050354,-0.04898701608181,0.37493133544921875,0.5826675891876221,-0.05334684997797012,0.3893299102783203,0.6113252639770508,-0.048764362931251526,0.3815736770629883,0.6318164467811584,-0.0536637157201767,0.2868616282939911,0.6036151647567749,-0.05472058430314064,0.3202674984931946,0.610135555267334,-0.058847397565841675,0.3383256793022156,0.6352885961532593,-0.04651881754398346,0.33800989389419556,0.6543492674827576,-0.03972789645195007
508611772433816_.pic.jpg,Left,0.9256231784820557,0.3582325577735901,0.8406267762184143,-2.6805798825080274e-07,0.5255733132362366,0.7451510429382324,-0.004129811655730009,0.6130774021148682,0.6471410989761353,-0.011835516430437565,0.6773948073387146,0.5770653486251831,-0.01879412680864334,0.7549336552619934,0.5545538663864136,-0.02339775115251541,0.41553857922554016,0.5307679176330566,-0.03523175045847893,0.5203678607940674,0.5245730876922607,-0.04342856630682945,0.5490156412124634,0.575359046459198,-0.05291890725493431,0.5333923101425171,0.6146506667137146,-0.05959510803222656,0.3037111759185791,0.547808051109314,-0.039080359041690826,0.41558903455734253,0.5412911772727966,-0.02236468344926834,0.44399717450141907,0.5823514461517334,-0.016576087102293968,0.4299187958240509,0.617980420589447,-0.026866838335990906,0.22210627794265747,0.5861508250236511,-0.03988032788038254,0.3145759105682373,0.573591947555542,-0.025052307173609734,0.34254544973373413,0.6096357107162476,-0.012676922604441643,0.3324185609817505,0.6457022428512573,-0.017483031377196312,0.16006377339363098,0.6291124820709229,-0.04095931723713875,0.2309737354516983,0.6188065409660339,-0.028243783861398697,0.26154956221580505,0.6487705707550049,-0.008050835691392422,0.2609178125858307,0.6779348850250244,0.0015820953994989395
IMG_9767.JPG,Right,0.998039722442627,0.7738072872161865,0.3959158658981323,1.1098792640495958e-07,0.7253034114837646,0.3789331316947937,-0.025089917704463005,0.6744418144226074,0.395022451877594,-0.046779483556747437,0.6503617167472839,0.4159384071826935,-0.06867329031229019,0.6768432259559631,0.4360126852989197,-0.09041616320610046,0.6629273295402527,0.5328500270843506,-0.045065831393003464,0.6483926773071289,0.6123790740966797,-0.07822243869304657,0.6364716291427612,0.6673129796981812,-0.10182216763496399,0.6306483745574951,0.7139657139778137,-0.11876263469457626,0.7036696672439575,0.5574398636817932,-0.052284643054008484,0.6911188364028931,0.5378231406211853,-0.09958954155445099,0.7013829350471497,0.4594760239124298,-0.11235550045967102,0.7131547927856445,0.411493182182312,-0.11227782070636749,0.7452735900878906,0.5557411909103394,-0.061440564692020416,0.7339072823524475,0.522280216217041,-0.10346958041191101,0.7338486313819885,0.44863349199295044,-0.09994129091501236,0.7372519969940186,0.40401071310043335,-0.08821773529052734,0.7838472723960876,0.5403580069541931,-0.07336185872554779,0.7695552110671997,0.51093989610672,-0.10169485956430435,0.7657734751701355,0.45707833766937256,-0.0985446497797966,0.7637590169906616,0.4234512746334076,-0.08990299701690674
IMG_9773.JPG,Right,0.995230495929718,0.9014773368835449,0.5595917105674744,-4.3665107085644195e-08,0.8565446138381958,0.5676404237747192,-0.0226955134421587,0.8222598433494568,0.6033545136451721,-0.03980834409594536,0.8355000019073486,0.6394140124320984,-0.057035379111766815,0.8653702139854431,0.6649962663650513,-0.07396859675645828,0.8291120529174805,0.7227581143379211,-0.03456566855311394,0.8281567692756653,0.8077526092529297,-0.06557366997003555,0.83445805311203,0.8626282215118408,-0.08687660843133926,0.8430037498474121,0.9090546369552612,-0.10197054594755173,0.8703843951225281,0.7200745940208435,-0.03902123495936394,0.8817964196205139,0.7401183843612671,-0.0809909924864769,0.8842399716377258,0.6683483719825745,-0.09375763684511185,0.8776980638504028,0.6257492899894714,-0.09576229006052017,0.9059872627258301,0.7056357860565186,-0.045885030180215836,0.9196327924728394,0.7152122855186462,-0.08488257974386215,0.9119513630867004,0.6491644978523254,-0.08089945465326309,0.8987957239151001,0.6104733347892761,-0.07042010128498077,0.937151312828064,0.6849784255027771,-0.0547766275703907,0.9435403347015381,0.6892551779747009,-0.08192012459039688,0.9335578680038452,0.6388353705406189,-0.0776226595044136,0.917700469493866,0.608924925327301,-0.06883911788463593
508671772433822_.pic_thumb.jpg,Left,0.9454905986785889,0.4152287244796753,1.004165768623352,-9.110853511629102e-07,0.6197019219398499,0.937309980392456,0.03799969330430031,0.7359614372253418,0.8296535015106201,0.04967121034860611,0.806069552898407,0.7389130592346191,0.052009034901857376,0.8879987001419067,0.7135655283927917,0.053565505892038345,0.6308025121688843,0.6642098426818848,0.013792180456221104,0.6387264132499695,0.6298968195915222,0.017979156225919724,0.6289089918136597,0.6927487850189209,0.010497493669390678,0.6132426261901855,0.7447205781936646,0.004426752682775259,0.4982987642288208,0.6530919671058655,-0.008446927182376385,0.508696973323822,0.6377785205841064,0.020392993465065956,0.5028657913208008,0.6900460720062256,0.027274074032902718,0.487266480922699,0.7360144853591919,0.019243363291025162,0.3792651891708374,0.6725174188613892,-0.023623386397957802,0.3960859179496765,0.6701509952545166,0.0025284108705818653,0.40453940629959106,0.7175246477127075,0.01564348302781582,0.398192822933197,0.7628008723258972,0.011415540240705013,0.278575599193573,0.7036189436912537,-0.03567072004079819,0.29870352149009705,0.704890787601471,-0.012420449405908585,0.3134128153324127,0.7470812201499939,0.01489915419369936,0.3135066330432892,0.785871684551239,0.031668294221162796
IMG_9798.JPG,Right,0.9955773949623108,0.8346474766731262,0.5008558034896851,1.4100010048423428e-07,0.7760763168334961,0.4749864935874939,-0.030277356505393982,0.7230138182640076,0.4792556166648865,-0.056443214416503906,0.7026837468147278,0.4981103539466858,-0.08316195756196976,0.7261962294578552,0.5276273488998413,-0.10926130414009094,0.673976480960846,0.6166680455207825,-0.04529568552970886,0.6546470522880554,0.7081934809684753,-0.08538061380386353,0.6447070837020874,0.77119380235672,-0.11489082127809525,0.6408843994140625,0.8247178792953491,-0.13444189727306366,0.7159585356712341,0.6560361385345459,-0.05267295613884926,0.7083768248558044,0.6491891145706177,-0.10549808293581009,0.7343605756759644,0.5742987394332886,-0.12454728037118912,0.7563058733940125,0.5248225927352905,-0.12838420271873474,0.7624140381813049,0.6728556752204895,-0.06326636672019958,0.7675142884254456,0.6424623727798462,-0.11112000793218613,0.7834761738777161,0.5629596710205078,-0.11205897480249405,0.7931618690490723,0.5098647475242615,-0.1019398421049118,0.8056687116622925,0.6738653182983398,-0.07699799537658691,0.8079618811607361,0.6536870002746582,-0.10600975900888443,0.8155785799026489,0.5955609083175659,-0.10334782302379608,0.8160136938095093,0.5532455444335938,-0.09510616213083267
