filename,x_0,y_0,z_0,x_1,y_1,z_1,x_2,y_2,z_2,x_3,y_3,z_3,x_4,y_4,z_4,x_5,y_5,z_5,x_6,y_6,z_6,x_7,y_7,z_7,x_8,y_8,z_8,x_9,y_9,z_9,x_10,y_10,z_10,x_11,y_11,z_11,x_12,y_12,z_12,x_13,y_13,z_13,x_14,y_14,z_14,x_15,y_15,z_15,x_16,y_16,z_16,x_17,y_17,z_17,x_18,y_18,z_18,x_19,y_19,z_19,x_20,y_20,z_20,direction
IMG_9734.JPG,0.6464813351631165,0.7715536952018738,1.768660240486497e-07,0.6832898855209351,0.7111688256263733,-0.0058959806337952,0.69539874792099,0.6475775241851807,-0.0214176587760448,0.7048920392990112,0.6030324697494507,-0.0406371317803859,0.701650857925415,0.5648989081382751,-0.0587939992547035,0.6174663305282593,0.563566267490387,-0.0246366690844297,0.6247721314430237,0.4934362769126892,-0.0541011169552803,0.6297264695167542,0.4380325078964233,-0.0744831785559654,0.6289233565330505,0.3926128149032593,-0.0888391211628913,0.5920723676681519,0.5804078578948975,-0.0391568653285503,0.6671391725540161,0.5467332005500793,-0.0786349549889564,0.695896327495575,0.6049973964691162,-0.0870116725564003,0.6922252178192139,0.640579342842102,-0.0851783901453018,0.5842992067337036,0.612898051738739,-0.0544475875794887,0.6579635739326477,0.5823869705200195,-0.0892719998955726,0.6859112977981567,0.6350085139274597,-0.0780471488833427,0.6805412173271179,0.665799081325531,-0.062826968729496,0.585817277431488,0.6513385772705078,-0.0709640607237815,0.645915687084198,0.6377183794975281,-0.0932692363858223,0.6669131517410278,0.6698130369186401,-0.0837440267205238,0.6617067456245422,0.6906241774559021,-0.0714543238282203,Pointing_Left
509151772433873_.pic.jpg,0.1628243923187255,0.6763176918029785,-2.872857862712408e-07,0.2996720969676971,0.6177524924278259,-0.0231616832315921,0.377252995967865,0.5499255061149597,-0.0402596816420555,0.438198983669281,0.4970712065696716,-0.0551523081958293,0.4975951015949249,0.470755785703659,-0.0679777860641479,0.2218915224075317,0.4566408991813659,-0.0404224917292594,0.2973527610301971,0.4735705256462097,-0.0582844503223896,0.3179008960723877,0.5099615454673767,-0.0807580947875976,0.3062516450881958,0.5308864712715149,-0.0981392040848732,0.1349179297685623,0.4747156202793121,-0.0398462079465389,0.221352070569992,0.4897666871547699,-0.0427585989236831,0.2405840754508972,0.5177890658378601,-0.0530698671936988,0.223413199186325,0.5388532876968384,-0.0713350847363472,0.0756564736366272,0.5086141228675842,-0.0387306436896324,0.1474631875753402,0.5127973556518555,-0.0432306565344333,0.1673487424850464,0.535969614982605,-0.0429257526993751,0.1552150398492813,0.5564310550689697,-0.0509848184883594,0.0331421345472335,0.541905403137207,-0.0395710133016109,0.0909319967031478,0.5481266975402832,-0.0420131236314773,0.1142310351133346,0.5686132311820984,-0.0329435467720031,0.1128133982419967,0.5867413878440857,-0.0296699274331331,Pointing_Right
IMG_9836.JPG,0.8637160658836365,0.5469380021095276,2.5283956262001084e-08,0.810565173625946,0.5350828766822815,-0.0368380770087242,0.763619601726532,0.5474650859832764,-0.0636536329984664,0.7721062898635864,0.5859804153442383,-0.0879440605640411,0.8057754039764404,0.6323180198669434,-0.1118208765983581,0.7566719651222229,0.7049533128738403,-0.0526477992534637,0.7467151284217834,0.8025336861610413,-0.0929481759667396,0.7492102384567261,0.8662516474723816,-0.1213175505399704,0.7549063563346863,0.9237719774246216,-0.1418026834726333,0.8049533367156982,0.714356005191803,-0.0553145371377468,0.8069676756858826,0.7618158459663391,-0.109201893210411,0.8188315033912659,0.6780067086219788,-0.1284918487071991,0.8204870223999023,0.6272623538970947,-0.1336505115032196,0.8502260446548462,0.7099537253379822,-0.0611515454947948,0.8629617094993591,0.7457805871963501,-0.1116671115159988,0.8652433753013611,0.6626529693603516,-0.1067762747406959,0.857388436794281,0.6112549304962158,-0.0937552079558372,0.8914265036582947,0.694219172000885,-0.0698303878307342,0.9041190147399902,0.7207338809967041,-0.1042080968618393,0.8996558785438538,0.6595488786697388,-0.0978062823414802,0.8857778310775757,0.6210001111030579,-0.0867658406496048,Pointing_Right
507961772433753_.pic.jpg,0.8805922269821167,0.7557656168937683,-5.697893925571407e-07,0.7801148891448975,0.6627758741378784,0.0269874017685651,0.6525965929031372,0.6241604089736938,0.0158126167953014,0.5381306409835815,0.6376140117645264,-0.0081141470000147,0.4601081013679504,0.6767241954803467,-0.0383311212062835,0.5632131099700928,0.5615108609199524,0.0065157450735569,0.395490825176239,0.5785397887229919,-0.0076437359675765,0.2948388755321502,0.588914692401886,-0.0265752654522657,0.2189665734767913,0.5877386927604675,-0.0485412441194057,0.5515146255493164,0.5903237462043762,-0.0294282101094722,0.4306281208992004,0.6966896057128906,-0.0383634902536869,0.4979208707809448,0.7291504144668579,-0.0445665046572685,0.5542700290679932,0.7142632007598877,-0.0568985044956207,0.557948112487793,0.6457129716873169,-0.0621603950858116,0.467224657535553,0.7563657164573669,-0.0621101893484592,0.5372823476791382,0.7738646268844604,-0.0558143965899944,0.5853807330131531,0.7465631365776062,-0.0646900534629821,0.5670013427734375,0.7093717455863953,-0.0957218557596206,0.5103307962417603,0.79593425989151,-0.109579287469387,0.571013867855072,0.808296263217926,-0.10561154037714,0.6162642240524292,0.7857005000114441,-0.1044994741678237,Pointing_Left
508011772433758_.pic_thumb.jpg,0.9061039686203004,0.5767484903335571,-4.809966185348458e-07,0.8160001039505005,0.525580883026123,0.0014593460364267,0.707359254360199,0.5128905177116394,-0.0258270446211099,0.6086922883987427,0.5465338230133057,-0.0618043914437294,0.5455601215362549,0.5924462080001831,-0.1026908010244369,0.6227975487709045,0.4164724051952362,-0.0215401425957679,0.4569272994995117,0.4418710470199585,-0.0494192913174629,0.3607390522956848,0.4512843787670135,-0.0755332857370376,0.2875139415264129,0.4486200213432312,-0.0996567904949188,0.6166200637817383,0.4329335987567901,-0.0468407161533832,0.506316602230072,0.5362088084220886,-0.0686751827597618,0.5731930732727051,0.569743812084198,-0.0777422934770584,0.6247787475585938,0.5605901479721069,-0.0882428810000419,0.6254410147666931,0.4755659997463226,-0.0712179020047187,0.5386182069778442,0.5846554636955261,-0.083736315369606,0.6076035499572754,0.6048417687416077,-0.077576145529747,0.6537260413169861,0.5860527157783508,-0.080569252371788,0.635080099105835,0.5286063551902771,-0.0981708690524101,0.5717080235481262,0.6084255576133728,-0.1144370511174202,0.6253169178962708,0.6248747110366821,-0.1070747300982475,0.6687062382698059,0.6110686659812927,-0.1008733212947845,Pointing_Left
IMG_9628.JPG,0.6824392080307007,0.8099928498268127,2.0587189908383155e-07,0.7139951586723328,0.7513456344604492,-0.0138136930763721,0.7274855375289917,0.6805710196495056,-0.0345625057816505,0.7309784889221191,0.6248040199279785,-0.0583606362342834,0.7063366770744324,0.6141906976699829,-0.0813590660691261,0.6579915285110474,0.6005004644393921,-0.0279811955988407,0.6576685905456543,0.5291391611099243,-0.056465420871973,0.660534143447876,0.4759874641895294,-0.0731472298502922,0.6565805673599243,0.4334886074066162,-0.0849493592977523,0.6237613558769226,0.6212090253829956,-0.0401273667812347,0.6748000383377075,0.5888648629188538,-0.077812947332859,0.6974157691001892,0.6521864533424377,-0.0811021327972412,0.6861504316329956,0.6766092777252197,-0.0761333629488945,0.6055057644844055,0.655930757522583,-0.0541415214538574,0.6603997349739075,0.6324617266654968,-0.0917598530650138,0.6832910180091858,0.6873492002487183,-0.0802466571331024,0.6680760979652405,0.7068099975585938,-0.0651547834277153,0.5953319072723389,0.6959144473075867,-0.0698081627488136,0.6484793424606323,0.6886059641838074,-0.09477149695158,0.667037308216095,0.7219184637069702,-0.0862968936562538,0.6516197323799133,0.736341118812561,-0.0754885524511337,Pointing_Left
IMG_9636.JPG,0.8035322427749634,0.7516608238220215,-2.0811310719182077e-07,0.7251746654510498,0.7379258871078491,-0.0074662580154836,0.6700347661972046,0.6947882175445557,-0.0174755807965993,0.628236711025238,0.6510169506072998,-0.0194225423038005,0.6092208623886108,0.6018776297569275,-0.0228080209344625,0.6948492527008057,0.5913954377174377,-0.0540695413947105,0.6835008859634399,0.491472065448761,-0.0612915493547916,0.6744836568832397,0.436389684677124,-0.0682485476136207,0.6699392795562744,0.3914992213249206,-0.0725515484809875,0.7366604208946228,0.5663536787033081,-0.03327452018857,0.7051541805267334,0.5303575992584229,-0.0030650536064058,0.6989461183547974,0.5711299180984497,0.0245008561760187,0.703152060508728,0.6020265817642212,0.0335174389183521,0.7731505632400513,0.5626201629638672,-0.0101006580516695,0.7375540137290955,0.5430975556373596,0.0211396124213933,0.7357165813446045,0.5825360417366028,0.0354420952498912,0.7427156567573547,0.6116036772727966,0.0332348309457302,0.8022724390029907,0.5616788268089294,0.0139764472842216,0.7721123099327087,0.5520809888839722,0.0396371930837631,0.7667208313941956,0.5853546857833862,0.0507437735795974,0.7704847455024719,0.6132974624633789,0.0519686378538608,Pointing_Left
IMG_9843.JPG,0.5623822212219238,0.6353632211685181,2.117899100539944e-07,0.5143845081329346,0.6085561513900757,-0.0226429030299186,0.4572019279003143,0.6199321746826172,-0.0394542962312698,0.4147776961326599,0.6470091342926025,-0.0573067143559455,0.4244014322757721,0.692029595375061,-0.0759766548871994,0.4335900843143463,0.7562131881713867,-0.0323194377124309,0.3949604630470276,0.8423400521278381,-0.0616049021482467,0.3725362122058868,0.897475004196167,-0.0821570828557014,0.3584221005439758,0.946395754814148,-0.0973002314567565,0.4644311964511871,0.7779245972633362,-0.0401655286550521,0.4213974177837372,0.8189922571182251,-0.0820677205920219,0.4355060458183288,0.7514609098434448,-0.0981189757585525,0.4510630071163177,0.7028119564056396,-0.1013036295771598,0.5010331869125366,0.7877791523933411,-0.0499581731855869,0.4694474041461944,0.817792534828186,-0.0932771861553192,0.4785757660865783,0.7434041500091553,-0.0949767902493476,0.4900751709938049,0.6924036145210266,-0.0864002406597137,0.5418007969856262,0.7913364171981812,-0.0613824427127838,0.517781674861908,0.8067929744720459,-0.0942592620849609,0.520072877407074,0.7491946816444397,-0.0944565832614898,0.5289455652236938,0.7046859860420227,-0.088252954185009,Pointing_Right
IMG_9632.JPG,0.6796025633811951,0.8228182792663574,-4.76891898415488e-07,0.6471224427223206,0.7368126511573792,0.0221171639859676,0.6510973572731018,0.6583528518676758,0.0282285492867231,0.6838594675064087,0.6024802327156067,0.0343569293618202,0.714299201965332,0.5799873471260071,0.0391808673739433,0.6650204658508301,0.6111453771591187,-0.0223696138709783,0.6833285689353943,0.5084790587425232,-0.0343028604984283,0.6954184770584106,0.4461667537689209,-0.0412908159196376,0.7067856788635254,0.4008227586746216,-0.0451924353837966,0.7053633332252502,0.6336870193481445,-0.0275967717170715,0.7427482604980469,0.5712188482284546,-0.0187913049012422,0.7330651879310608,0.6006311774253845,-0.0031181636732071,0.7211798429489136,0.626270055770874,0.0034448460210114,0.740296483039856,0.6649543046951294,-0.028883246704936,0.7683202624320984,0.610605001449585,-0.0189049076288938,0.7560164332389832,0.6359571814537048,-0.0046131694689393,0.7440722584724426,0.6599980592727661,7.504688255721703e-05,0.770200252532959,0.6958871483802795,-0.0271586049348115,0.7858050465583801,0.6506123542785645,-0.0152097847312688,0.7737077474594116,0.6706483364105225,-0.0003153157013002,0.7619209289550781,0.6922571659088135,0.0075676320120692,Pointing_Left
IMG_9838.JPG,0.7762722969055176,0.5202668309211731,1.0945633732717397e-07,0.7395291924476624,0.4997265934944153,-0.0304646976292133,0.6979137063026428,0.5057370662689209,-0.0526509061455726,0.6896248459815979,0.5348750352859497,-0.0731909051537513,0.7144402861595154,0.5595841407775879,-0.0933865383267402,0.6836817264556885,0.63205885887146,-0.0429465062916278,0.6779332160949707,0.7094662189483643,-0.0783075466752052,0.6774851083755493,0.7591710686683655,-0.1009518355131149,0.6785654425621033,0.8058639168739319,-0.1167734637856483,0.7228127121925354,0.6500915288925171,-0.047143705189228,0.7197759747505188,0.675844132900238,-0.0934907346963882,0.7316817045211792,0.6049498915672302,-0.1067788749933242,0.7343258261680603,0.5670958757400513,-0.1078181937336921,0.761085033416748,0.6505094766616821,-0.0545106455683708,0.7678256630897522,0.6554635763168335,-0.0987904220819473,0.7713757753372192,0.5863345861434937,-0.0941406488418579,0.7678875923156738,0.5504539608955383,-0.081850990653038,0.7986679673194885,0.6391823291778564,-0.0646101534366607,0.8043738603591919,0.6345251798629761,-0.0950446054339408,0.8026806116104126,0.5821986198425293,-0.0911614969372749,0.79458087682724,0.5550946593284607,-0.0823840647935867,Pointing_Right
IMG_9630.JPG,0.6354060769081116,0.7985072731971741,3.168063358316431e-07,0.6713950037956238,0.7165379524230957,0.0040547051467001,0.6898674368858337,0.6496821641921997,-0.0174983143806457,0.7100935578346252,0.6166998744010925,-0.0440091602504253,0.7206030488014221,0.6247669458389282,-0.0707328841090202,0.6192692518234253,0.5969659090042114,-0.0383785516023635,0.6259209513664246,0.5199373364448547,-0.071471631526947,0.6340705156326294,0.4635557234287262,-0.0910785794258117,0.6364912986755371,0.4216367602348327,-0.1036227643489837,0.6069866418838501,0.6253012418746948,-0.0589524209499359,0.694776177406311,0.5945734977722168,-0.0919264405965805,0.7044814229011536,0.6431249976158142,-0.0877986624836921,0.68804931640625,0.6616743206977844,-0.0794470757246017,0.6123005151748657,0.6697455644607544,-0.0791016370058059,0.6990493535995483,0.647792637348175,-0.1059749275445938,0.7025563716888428,0.6880093216896057,-0.0858213678002357,0.6790821552276611,0.6995835304260254,-0.067423827946186,0.6269137263298035,0.7132366895675659,-0.099452830851078,0.6977221965789795,0.6972677707672119,-0.1085874810814857,0.699707567691803,0.7245867252349854,-0.0881683900952339,0.6770787835121155,0.7357206344604492,-0.0722352489829063,Pointing_Left
IMG_9695.JPG,0.7960309386253357,0.7383425235748291,5.404612579695822e-07,0.7209508419036865,0.7470558285713196,-0.0618017427623271,0.6699090600013733,0.7046598196029663,-0.0947245657444,0.633831262588501,0.6506369709968567,-0.1115527227520942,0.6010543704032898,0.609244167804718,-0.1275791227817535,0.7124054431915283,0.6035678386688232,-0.1083015576004982,0.6843788027763367,0.4916485249996185,-0.1336222141981125,0.6659865379333496,0.4213526248931885,-0.1445198953151703,0.6536156535148621,0.3677414357662201,-0.1490793079137802,0.7500985860824585,0.5785109996795654,-0.0780615508556366,0.7228255271911621,0.4565816223621368,-0.1022998690605163,0.699689507484436,0.3829494118690491,-0.11139377951622,0.6825350522994995,0.3283233642578125,-0.116248607635498,0.7722702026367188,0.5665110945701599,-0.0470180287957191,0.7441911697387695,0.4612022936344147,-0.0646318942308425,0.7218589782714844,0.3926697969436645,-0.0761639699339866,0.706245481967926,0.3437564969062805,-0.0822934433817863,0.7802780270576477,0.5585705637931824,-0.0184417981654405,0.7504820823669434,0.4812867045402527,-0.0300920940935611,0.7321813702583313,0.4287814497947693,-0.03764483705163,0.7208030223846436,0.3858004808425903,-0.0417661219835281,Pointing_Left
IMG_9720.JPG,0.6550256609916687,0.7026387453079224,-2.814388153637992e-07,0.6797029972076416,0.6276202201843262,-0.0360924266278743,0.6805049180984497,0.5478975176811218,-0.0575329288840293,0.6776556372642517,0.4874196648597717,-0.0726253539323806,0.6715303063392639,0.4246372580528259,-0.0851936116814613,0.6251627802848816,0.5759483575820923,-0.0822735577821731,0.7089650630950928,0.6071518659591675,-0.1114566698670387,0.7094646692276001,0.6200624108314514,-0.1212407946586608,0.683483362197876,0.6172221302986145,-0.1290675997734069,0.6066610813140869,0.6403490304946899,-0.0796454921364784,0.7127448916435242,0.6646419167518616,-0.1021793782711029,0.7058910727500916,0.6686640977859497,-0.0993747785687446,0.6743495464324951,0.6653341054916382,-0.1038675904273986,0.6033138036727905,0.6986658573150635,-0.0783702731132507,0.7010026574134827,0.7164918780326843,-0.0996199026703834,0.6963524222373962,0.7167757749557495,-0.0874600782990455,0.6680434942245483,0.7101147174835205,-0.0832360982894897,0.6049800515174866,0.7492331266403198,-0.0814704149961471,0.6821166276931763,0.7577786445617676,-0.1027264073491096,0.6834010481834412,0.7548959255218506,-0.1027591079473495,0.6617738604545593,0.7550956010818481,-0.1038838997483253,Pointing_Left
IMG_9808.JPG,0.7663664221763611,0.4759323000907898,9.222956265375617e-08,0.7281829118728638,0.4662820994853973,-0.0219079796224832,0.6899921298027039,0.4901160895824432,-0.0373616516590118,0.6722808480262756,0.5235622525215149,-0.0529082678258419,0.6853411793708801,0.5656323432922363,-0.0689300522208213,0.665267288684845,0.5918703675270081,-0.0261558406054973,0.6450345516204834,0.6667750477790833,-0.0537428110837936,0.634881854057312,0.7189856767654419,-0.0735648795962333,0.6293751001358032,0.7635427713394165,-0.0871372893452644,0.6985023021697998,0.6066824793815613,-0.0309547204524278,0.6835123896598816,0.6441897749900818,-0.0705528929829597,0.703149676322937,0.58623206615448,-0.0852172449231147,0.7150281667709351,0.5459281802177429,-0.0871406644582748,0.7332607507705688,0.6114852428436279,-0.0381381437182426,0.7270992398262024,0.6411496996879578,-0.0767282396554946,0.7369406819343567,0.5777602791786194,-0.0760724693536758,0.7417097687721252,0.5339985489845276,-0.0663737803697586,0.7685714960098267,0.6099163293838501,-0.0468734614551067,0.761664092540741,0.6358913779258728,-0.0736521631479263,0.7655765414237976,0.5899075269699097,-0.0701204538345336,0.7660642862319946,0.5557283759117126,-0.0615978948771953,Pointing_Right
508991772433854_.pic_thumb.jpg,0.6611769199371338,0.4370733499526977,-4.961072477271955e-07,0.7713751792907715,0.4152610898017883,-0.0040631829760968,0.8501726388931274,0.3711220026016235,-0.0159128196537494,0.908775269985199,0.3359727263450622,-0.029916051775217,0.9681203365325928,0.3249149322509765,-0.0442673452198505,0.7859656810760498,0.2434210777282714,-0.0212289132177829,0.7858892679214478,0.2654398679733276,-0.0327969975769519,0.7807633280754089,0.3075279593467712,-0.0507403016090393,0.7730876803398132,0.333985686302185,-0.065538503229618,0.7053171396255493,0.2384999245405197,-0.0317173674702644,0.711068868637085,0.2679357528686523,-0.0277559496462345,0.7133650779724121,0.3035446107387543,-0.0376354344189167,0.710441529750824,0.3267979621887207,-0.0545056760311126,0.6332114338874817,0.2542746365070343,-0.0396161489188671,0.6447435617446899,0.2797162234783172,-0.0422468371689319,0.6536908745765686,0.3085214793682098,-0.0453715734183788,0.6535778045654297,0.3286487460136413,-0.0545458123087883,0.5724969506263733,0.2748334109783172,-0.0476543456315994,0.5860879421234131,0.3011844158172607,-0.0498567819595336,0.5970931649208069,0.3293243944644928,-0.0410019420087337,0.5991324782371521,0.3470080494880676,-0.0362075418233871,Pointing_Right
508401772433795_.pic_thumb.jpg,0.9465081691741944,0.7962510585784912,-7.647284405720711e-07,0.8336836099624634,0.677707850933075,0.0165704376995563,0.6699301600456238,0.6201918125152588,-0.0019427090883255,0.5188682079315186,0.6347501277923584,-0.0309007614850997,0.4192498326301574,0.6773642301559448,-0.0671134293079376,0.5869594812393188,0.5241448879241943,-0.0217710882425308,0.3622206449508667,0.5537462830543518,-0.0481022894382476,0.2298966348171234,0.5709339380264282,-0.0792919769883155,0.1325011253356933,0.5708733201026917,-0.1100566312670707,0.5657577514648438,0.5657410621643066,-0.0562320388853549,0.4023263454437256,0.6880372166633606,-0.0666543468832969,0.4831973314285278,0.7303868532180786,-0.0759816244244575,0.561244785785675,0.7222598195075989,-0.0943632274866104,0.564315140247345,0.6374244689941406,-0.086361676454544,0.4392009079456329,0.7672456502914429,-0.0850255861878395,0.5217972993850708,0.7924119234085083,-0.0754999071359634,0.5875104665756226,0.770890474319458,-0.0847267508506774,0.5645498633384705,0.7203146815299988,-0.1193727105855941,0.4768239855766296,0.8168100118637085,-0.1332520395517349,0.5418710708618164,0.8388622999191284,-0.1233011186122894,0.598657488822937,0.8252356052398682,-0.1181218177080154,Pointing_Left
IMG_9635.JPG,0.8314406275749207,0.7571815252304077,-1.7063901225355949e-07,0.7577463388442993,0.7382032871246338,-0.0102267283946275,0.7063626050949097,0.6816622614860535,-0.0194302760064601,0.6656908392906189,0.6312255859375,-0.0226935148239135,0.6468342542648315,0.5835955739021301,-0.0272591710090637,0.7389932870864868,0.5881065726280212,-0.0405268184840679,0.730159342288971,0.4875777959823608,-0.0441275984048843,0.7249219417572021,0.4334368407726288,-0.0466990768909454,0.7227800488471985,0.3891720771789551,-0.0486022233963012,0.7814330458641052,0.5661059617996216,-0.0235457569360733,0.7503359913825989,0.5396930575370789,-0.0063445391133427,0.7430103421211243,0.5773005485534668,0.01219336502254,0.7464674711227417,0.6079574227333069,0.0195349790155887,0.8159841299057007,0.5674634575843811,-0.004712326452136,0.7793900966644287,0.5511930584907532,0.0132243707776069,0.7770646810531616,0.5856311917304993,0.0232495702803134,0.783170223236084,0.6143572926521301,0.0234226901084184,0.8424578905105591,0.570990800857544,0.0147088663652539,0.8105455636978149,0.5594520568847656,0.0312548652291297,0.8042301535606384,0.5895306468009949,0.040152546018362,0.8078044056892395,0.6159485578536987,0.0433021336793899,Pointing_Left
507911772433746_.pic_thumb.jpg,0.8996474146842957,0.750282883644104,-4.95565927849384e-07,0.800407886505127,0.6666032671928406,0.0127335917204618,0.6774572730064392,0.6328901052474976,-0.0024871560744941,0.5750471949577332,0.6570010781288147,-0.0272257085889577,0.5098950862884521,0.7024866938591003,-0.0564281642436981,0.5809077620506287,0.5688886642456055,-0.0085578626021742,0.4167157709598541,0.5802803635597229,-0.030771056190133,0.3164669871330261,0.5890877842903137,-0.0560836233198642,0.2384677529335022,0.5884502530097961,-0.0814922153949737,0.569129467010498,0.598446249961853,-0.0388027653098106,0.4528537392616272,0.7050358653068542,-0.0549616105854511,0.5150827765464783,0.733785092830658,-0.0652528032660484,0.5661696195602417,0.7166457176208496,-0.0798030421137809,0.5781497359275818,0.6516605019569397,-0.0670027136802673,0.491836816072464,0.7601462602615356,-0.0737117901444435,0.5566964745521545,0.7728554010391235,-0.0664355754852294,0.5995529890060425,0.7450411319732666,-0.0725068971514701,0.5947065353393555,0.7133522033691406,-0.0973929986357688,0.540908694267273,0.7958129644393921,-0.1142753362655639,0.5988156199455261,0.8041588068008423,-0.1071402952075004,0.6426820158958435,0.7812219858169556,-0.102473109960556,Pointing_Left
IMG_9648.JPG,0.6985774040222168,0.741561770439148,2.4652889507592594e-08,0.6876686811447144,0.6702980399131775,0.047124046832323,0.6903124451637268,0.6048615574836731,0.0570281632244586,0.7061424851417542,0.5600683689117432,0.0564203336834907,0.7296314835548401,0.5294215679168701,0.0524299331009388,0.6481372714042664,0.5751372575759888,0.0052656126208603,0.6689804792404175,0.4940226972103119,-0.0071567818522453,0.6890622973442078,0.4550135731697082,-0.0100121209397912,0.7084254622459412,0.4320641160011291,-0.0127487750723958,0.6620273590087891,0.5819902420043945,-0.0319822095334529,0.6683975458145142,0.4758974313735962,-0.0561546683311462,0.6788008809089661,0.4074490666389465,-0.0689664557576179,0.6882173418998718,0.3548735380172729,-0.077411875128746,0.6880273222923279,0.5955234169960022,-0.0644632801413536,0.6900963187217712,0.4959254264831543,-0.0872418954968452,0.7000713348388672,0.4328206181526184,-0.0989522784948349,0.7095776200294495,0.3813154101371765,-0.106795534491539,0.7226526141166687,0.6133869886398315,-0.0916302800178527,0.7215919494628906,0.5387747287750244,-0.114609494805336,0.7254629135131836,0.4879791140556335,-0.1274563670158386,0.7325529456138611,0.4444925785064697,-0.1368452161550521,Pointing_Left
IMG_9735.JPG,0.6208252310752869,0.806022584438324,-2.841350408289145e-07,0.5955797433853149,0.7243351340293884,0.0279901884496212,0.6001707911491394,0.6435341238975525,0.0294546652585268,0.6276873350143433,0.5919532775878906,0.0271992720663547,0.6579910516738892,0.5663320422172546,0.0239580739289522,0.5935816764831543,0.5899651646614075,-0.0197445470839738,0.6062353253364563,0.4921022057533264,-0.0345597937703132,0.6139655113220215,0.4340502619743347,-0.0451703257858753,0.6177731156349182,0.3867640495300293,-0.0526830479502677,0.6218241453170776,0.6044474244117737,-0.0361601933836936,0.6891293525695801,0.5488731861114502,-0.0363920666277408,0.690780520439148,0.5890018343925476,-0.0262787118554115,0.6741976141929626,0.6140589714050293,-0.0223946496844291,0.6532136797904968,0.6321529746055603,-0.0481314994394779,0.715663492679596,0.5835689902305603,-0.0430024974048137,0.7080404758453369,0.6192513704299927,-0.0246106777340173,0.6903942823410034,0.642373263835907,-0.0171105563640594,0.6844326853752136,0.6626555919647217,-0.0574576780200004,0.7268362045288086,0.6286174058914185,-0.0476898103952407,0.7151527404785156,0.6605009436607361,-0.0282510444521904,0.698665201663971,0.6811276078224182,-0.0174016971141099,Pointing_Left
IMG_9583.JPG,0.9115449786186218,0.8342070579528809,-4.664165373924334e-07,0.8330151438713074,0.8041784763336182,0.0206321272999048,0.784816563129425,0.7331045269966125,0.037622395902872,0.772383987903595,0.669222891330719,0.0598767586052417,0.7932699918746948,0.6343634724617004,0.0816263407468795,0.8064918518066406,0.6465033888816833,-0.0068294024094939,0.7993289232254028,0.5469391942024231,0.0070394873619079,0.7931908369064331,0.4967193007469177,0.0102358916774392,0.789834201335907,0.4528812170028686,0.0104722520336508,0.8504894971847534,0.6327247619628906,0.0050780558958649,0.8264097571372986,0.6020711064338684,0.0520542785525321,0.8214166164398193,0.6430072784423828,0.0794275477528572,0.8248611688613892,0.6752783060073853,0.0866920799016952,0.8873469829559326,0.6363838911056519,0.021114595234394,0.8544468879699707,0.6204186081886292,0.0662007108330726,0.8527243137359619,0.6587071418762207,0.0754255056381225,0.8599984645843506,0.6860241889953613,0.0677884891629219,0.9167512059211732,0.6387737393379211,0.040171805769205,0.8890630602836609,0.6281172037124634,0.0767321437597274,0.8836973309516907,0.6567814350128174,0.0867644846439361,0.887049674987793,0.6825514435768127,0.0854544416069984,Pointing_Left
IMG_9828.JPG,0.8164048790931702,0.6566570401191711,8.261430650691183e-08,0.7748647332191467,0.6673653721809387,-0.0196888893842697,0.7474497556686401,0.7140207886695862,-0.030511787161231,0.7528406977653503,0.7616487145423889,-0.0410730503499507,0.775347113609314,0.7945911288261414,-0.0515674129128456,0.7483201026916504,0.814453125,-0.0144480764865875,0.7469480037689209,0.887337327003479,-0.0340410955250263,0.7503198385238647,0.934351086616516,-0.0482461899518966,0.7551261186599731,0.9727931022644044,-0.0585475116968154,0.7826424837112427,0.8178139925003052,-0.0180234741419553,0.7851102948188782,0.8755041360855103,-0.0480208173394203,0.7892980575561523,0.8230217695236206,-0.0608991160988807,0.7887023091316223,0.7821093797683716,-0.06284199655056,0.8146974444389343,0.8072841763496399,-0.0240293312817811,0.8221659660339355,0.8518555760383606,-0.0558806732296943,0.818844199180603,0.7942182421684265,-0.057723831385374,0.8112818002700806,0.7547352313995361,-0.0504117012023925,0.8444198966026306,0.7868349552154541,-0.031334064900875,0.8497932553291321,0.8244274258613586,-0.0539202317595481,0.8426058292388916,0.7853937149047852,-0.0528469607234001,0.8320179581642151,0.7548571228981018,-0.046754527837038,Pointing_Right
509241772433885_.pic.jpg,0.1622114926576614,0.7816877365112305,1.0731353228266018e-07,0.319331407546997,0.7051783800125122,-0.0451237931847572,0.4080304503440857,0.608741283416748,-0.066954880952835,0.4877631962299347,0.5387645363807678,-0.0803614631295204,0.576870322227478,0.5118803977966309,-0.0888530313968658,0.192411869764328,0.5179063081741333,-0.0496692545711994,0.3174026012420654,0.5286755561828613,-0.064560443162918,0.3686957955360412,0.5762848854064941,-0.0833938792347908,0.3754730522632599,0.6080970764160156,-0.0985095873475074,0.1043043881654739,0.5393363833427429,-0.0343247391283512,0.242424339056015,0.5653063654899597,-0.0331422463059425,0.292901873588562,0.6052510738372803,-0.046532042324543,0.2919538915157318,0.6309672594070435,-0.0686779767274856,0.0517768263816833,0.5819675922393799,-0.0202039498835802,0.1652961522340774,0.5973621010780334,-0.0251730326563119,0.2115356922149658,0.6276602745056152,-0.0343008935451507,0.2116551101207733,0.6523215174674988,-0.0486071892082691,0.0174448192119598,0.6249387860298157,-0.0087830722332,0.104169100522995,0.6327893733978271,-0.0136085804551839,0.1457218825817108,0.6561640501022339,-0.0119180642068386,0.1524079591035843,0.6802875399589539,-0.0136266825720667,Pointing_Right
IMG_9767.JPG,0.7738072872161865,0.3959158658981323,1.109879264049596e-07,0.7253034114837646,0.3789331316947937,-0.025089917704463,0.6744418144226074,0.395022451877594,-0.0467794835567474,0.6503617167472839,0.4159384071826935,-0.0686732903122901,0.6768432259559631,0.4360126852989197,-0.0904161632061004,0.6629273295402527,0.5328500270843506,-0.0450658313930034,0.6483926773071289,0.6123790740966797,-0.0782224386930465,0.6364716291427612,0.6673129796981812,-0.1018221676349639,0.6306483745574951,0.7139657139778137,-0.1187626346945762,0.7036696672439575,0.5574398636817932,-0.0522846430540084,0.6911188364028931,0.5378231406211853,-0.0995895415544509,0.7013829350471497,0.4594760239124298,-0.112355500459671,0.7131547927856445,0.411493182182312,-0.1122778207063674,0.7452735900878906,0.5557411909103394,-0.0614405646920204,0.7339072823524475,0.522280216217041,-0.103469580411911,0.7338486313819885,0.4486334919929504,-0.0999412909150123,0.7372519969940186,0.4040107131004333,-0.0882177352905273,0.7838472723960876,0.5403580069541931,-0.0733618587255477,0.7695552110671997,0.51093989610672,-0.1016948595643043,0.7657734751701355,0.4570783376693725,-0.0985446497797966,0.7637590169906616,0.4234512746334076,-0.0899029970169067,Pointing_Right
509321772433895_.pic_thumb.jpg,0.4371300935745239,0.8028265833854675,-4.701140596807818e-07,0.6180692911148071,0.7480100989341736,-0.0054509071633219,0.7240121960639954,0.6636512279510498,-0.0151452580466866,0.7963314652442932,0.59026038646698,-0.0243729799985885,0.8743858933448792,0.5677682161331177,-0.0317388363182544,0.5777799487113953,0.5236620306968689,-0.0296931155025959,0.6461482048034668,0.5348178744316101,-0.0373358242213726,0.6528615355491638,0.5939793586730957,-0.0528014749288558,0.6282066106796265,0.6317552328109741,-0.0666920468211174,0.4666125774383545,0.5262309908866882,-0.0354168489575386,0.5437819957733154,0.5454897880554199,-0.0227800644934177,0.5531444549560547,0.5918266773223877,-0.0274021308869123,0.5247859954833984,0.6211028099060059,-0.0450527966022491,0.3799742758274078,0.5557897686958313,-0.0374921523034572,0.4459859132766723,0.5627018809318542,-0.0280751325190067,0.4606837332248688,0.5998203754425049,-0.0207766033709049,0.4413812160491943,0.6276478171348572,-0.0282345376908779,0.3147886991500854,0.5912874937057495,-0.0395229011774063,0.3679987490177154,0.5924456715583801,-0.0328098200261592,0.3862587809562683,0.6246153116226196,-0.014114873483777,0.3774561285972595,0.6510225534439087,-0.004470266867429,Pointing_Right
IMG_9784.JPG,0.8683249950408936,0.6254344582557678,-5.651315859722672e-07,0.7889151573181152,0.68703293800354,-0.0020588689949363,0.7165616750717163,0.726952075958252,-0.0162682272493839,0.6606369614601135,0.7676001787185669,-0.0309431906789541,0.6301252841949463,0.8219414949417114,-0.0448922738432884,0.6929994225502014,0.6028956770896912,-0.0279863942414522,0.646309494972229,0.5931051969528198,-0.0268371123820543,0.6723251938819885,0.6151817440986633,-0.0207859482616186,0.6993116736412048,0.6308894157409668,-0.0177150592207908,0.7102155089378357,0.541111409664154,-0.0306746698915958,0.6566793322563171,0.5413179397583008,-0.0239789579063653,0.6766137480735779,0.5674434304237366,-0.0168263409286737,0.7031088471412659,0.5792060494422913,-0.017836220562458,0.7322742938995361,0.4954146146774292,-0.0300704687833786,0.6737903356552124,0.4969906508922577,-0.0188144221901893,0.6910552382469177,0.5230041742324829,-0.0082456301897764,0.7159743905067444,0.538427472114563,-0.0083910906687378,0.7541522979736328,0.4623204171657562,-0.029588796198368,0.7032204866409302,0.4694536626338959,-0.0172500666230916,0.7124583125114441,0.4968527555465698,-0.00336205214262,0.7301501631736755,0.5110650062561035,0.0029584262520074,Pointing_Right
507921772433749_.pic_thumb.jpg,0.9470539093017578,0.7117304801940918,-6.012452899994969e-07,0.8456307649612427,0.6391273736953735,0.0102389883249998,0.7193813323974609,0.6056237816810608,-0.0018946097698062,0.6084721088409424,0.6206982731819153,-0.0226314682513475,0.5366979241371155,0.6546109914779663,-0.047322604805231,0.6295439004898071,0.524372398853302,-0.0042996602132916,0.4628216028213501,0.5393599271774292,-0.0261342637240886,0.3619857132434845,0.5458000898361206,-0.051993828266859,0.2869845628738403,0.5427835583686829,-0.0779249221086502,0.6197962760925293,0.5481145977973938,-0.0307511426508426,0.4997653067111969,0.6554871797561646,-0.0480982437729835,0.5661575198173523,0.6853814721107483,-0.0604256279766559,0.6230342388153076,0.6699475646018982,-0.0757222771644592,0.6285269260406494,0.595062792301178,-0.0556727647781372,0.5356671810150146,0.7059632539749146,-0.06361585855484,0.6043644547462463,0.7230997681617737,-0.0574848353862762,0.6517550349235535,0.6992883086204529,-0.0634852945804596,0.6430456042289734,0.6530805230140686,-0.0832901075482368,0.5792637467384338,0.7381153702735901,-0.102668859064579,0.638533890247345,0.7511755228042603,-0.0988027155399322,0.6851837635040283,0.7313770055770874,-0.0958325192332267,Pointing_Left
IMG_9733.JPG,0.6504260301589966,0.7671728134155273,1.9092361469574826e-07,0.6932415962219238,0.7072153091430664,-0.0088475914672017,0.7063997387886047,0.6483378410339355,-0.0266912970691919,0.7204086780548096,0.604699432849884,-0.0478545352816581,0.7198891639709473,0.5665190815925598,-0.0679697543382644,0.6268832683563232,0.5621045231819153,-0.0305862464010715,0.6368884444236755,0.487648606300354,-0.0657951682806015,0.6444175243377686,0.4284155964851379,-0.0885473787784576,0.6469212174415588,0.3821467161178589,-0.1027725934982299,0.6029247045516968,0.5820394158363342,-0.0448883548378944,0.6867297887802124,0.5469709634780884,-0.0878643542528152,0.7116122245788574,0.6097489595413208,-0.0937686190009117,0.7053463459014893,0.6456524133682251,-0.0889147073030471,0.5958439707756042,0.6168680787086487,-0.0609381422400474,0.6807936429977417,0.5887015461921692,-0.1019966006278991,0.7005910873413086,0.6443889141082764,-0.090727724134922,0.6885803937911987,0.6722334027290344,-0.0735940709710121,0.59886634349823,0.6576346755027771,-0.078106440603733,0.6638365983963013,0.6419289708137512,-0.1032923534512519,0.6817620992660522,0.6751397848129272,-0.092130959033966,0.6738687753677368,0.6969962120056152,-0.077932596206665,Pointing_Left
508811772433836_.pic_thumb.jpg,0.5254290699958801,0.8976655006408691,-6.824341767242004e-07,0.7353708744049072,0.7885715961456299,0.017238799482584,0.8411619663238525,0.6652697324752808,0.0167291592806577,0.9144362211227416,0.5658587217330933,0.0137002225965261,1.0027267932891846,0.5247414708137512,0.0115463426336646,0.6407219171524048,0.5151129961013794,-0.0283678900450468,0.6868264675140381,0.5117594003677368,-0.0342749394476413,0.6889529228210449,0.5790731906890869,-0.0486201234161853,0.6666783690452576,0.6250832080841064,-0.0609031654894351,0.4909512400627136,0.5294945240020752,-0.0416603051126003,0.5636124610900879,0.5333429574966431,-0.0201829876750707,0.579682469367981,0.588174045085907,-0.0170527659356594,0.5604477524757385,0.6325383186340332,-0.033320989459753,0.3777951300144195,0.572091817855835,-0.0479018948972225,0.4492265582084656,0.5761019587516785,-0.0272947065532207,0.4712557196617126,0.6215435862541199,-0.0132839605212211,0.4577065110206604,0.664675772190094,-0.0210201945155859,0.2894925773143768,0.619424045085907,-0.0527879707515239,0.3523529171943664,0.6237768530845642,-0.0359505042433738,0.38310506939888,0.6650675535202026,-0.0116025991737842,0.3847403526306152,0.7010279297828674,0.0001681832509348,Pointing_Right
IMG_9871.JPG,0.8290575742721558,0.5525681972503662,1.3031967682763934e-07,0.7869216203689575,0.5285359621047974,-0.0475172884762287,0.7462781667709351,0.5177304148674011,-0.0847258195281028,0.7488754987716675,0.5322365760803223,-0.1169114857912063,0.7730746269226074,0.5601441860198975,-0.1479644328355789,0.7104014754295349,0.6547642350196838,-0.0813214033842086,0.7032432556152344,0.7438161969184875,-0.1322265565395355,0.7023354172706604,0.806641161441803,-0.1657965034246444,0.7056209444999695,0.8613033294677734,-0.1871273070573806,0.7477205991744995,0.7014252543449402,-0.0793173685669899,0.7695911526679993,0.6768023371696472,-0.132394403219223,0.7913114428520203,0.6018241047859192,-0.14305280148983,0.7987396121025085,0.5588494539260864,-0.1425340324640274,0.7906519770622253,0.7187784314155579,-0.081756480038166,0.8195550441741943,0.6721614003181458,-0.1264771372079849,0.8293266296386719,0.6040546894073486,-0.1169017404317855,0.8258035182952881,0.5689604878425598,-0.1024944856762886,0.8310503959655762,0.7206018567085266,-0.089549072086811,0.8532465696334839,0.682780921459198,-0.120228424668312,0.8577378392219543,0.6243115663528442,-0.1140243709087371,0.8504217863082886,0.5940527319908142,-0.1030212715268135,Pointing_Right
508611772433816_.pic.jpg,0.3582325577735901,0.8406267762184143,-2.6805798825080274e-07,0.5255733132362366,0.7451510429382324,-0.00412981165573,0.6130774021148682,0.6471410989761353,-0.0118355164304375,0.6773948073387146,0.5770653486251831,-0.0187941268086433,0.7549336552619934,0.5545538663864136,-0.0233977511525154,0.4155385792255401,0.5307679176330566,-0.0352317504584789,0.5203678607940674,0.5245730876922607,-0.0434285663068294,0.5490156412124634,0.575359046459198,-0.0529189072549343,0.5333923101425171,0.6146506667137146,-0.0595951080322265,0.3037111759185791,0.547808051109314,-0.0390803590416908,0.4155890345573425,0.5412911772727966,-0.0223646834492683,0.443997174501419,0.5823514461517334,-0.0165760871022939,0.4299187958240509,0.617980420589447,-0.0268668383359909,0.2221062779426574,0.5861508250236511,-0.0398803278803825,0.3145759105682373,0.573591947555542,-0.0250523071736097,0.3425454497337341,0.6096357107162476,-0.0126769226044416,0.3324185609817505,0.6457022428512573,-0.0174830313771963,0.1600637733936309,0.6291124820709229,-0.0409593172371387,0.2309737354516983,0.6188065409660339,-0.0282437838613986,0.261549562215805,0.6487705707550049,-0.0080508356913924,0.2609178125858307,0.6779348850250244,0.0015820953994989,Pointing_Right
IMG_9645.JPG,0.7191627025604248,0.774725079536438,-3.3003038879542146e-07,0.6567666530609131,0.7380380630493164,0.0179796293377876,0.6221463680267334,0.6678670644760132,0.0250030755996704,0.6198657751083374,0.5952938795089722,0.0326916836202144,0.6425819993019104,0.5646064281463623,0.0398406870663166,0.6456708908081055,0.6004845499992371,-0.0130137084051966,0.6516655683517456,0.4947337508201599,-0.0198402777314186,0.6583577394485474,0.4382763206958771,-0.0244381371885538,0.6649305820465088,0.3952895402908325,-0.0275390334427356,0.689969539642334,0.5919807553291321,-0.0139480745419859,0.6898303627967834,0.5131579637527466,-0.0026075092609971,0.6830186247825623,0.5431488752365112,0.0172086115926504,0.6776957511901855,0.5783402323722839,0.0286396536976099,0.7301507592201233,0.6008594036102295,-0.0121865589171648,0.7214969396591187,0.53617262840271,0.0011532607022672,0.7153262495994568,0.5595449209213257,0.0194933041930198,0.7133132815361023,0.594974160194397,0.0285021476447582,0.7616844773292542,0.6156370639801025,-0.0085288900882005,0.7495898008346558,0.570644199848175,0.0024543553590774,0.7406119704246521,0.5895888209342957,0.0143684009090065,0.7389116883277893,0.6185927391052246,0.021786717697978,Pointing_Left
IMG_9550.JPG,0.7289271950721741,0.900438666343689,-3.471787408670935e-07,0.6541127562522888,0.8674507141113281,0.029141642153263,0.6143472790718079,0.7916049957275391,0.0443045124411582,0.6131024956703186,0.7245368361473083,0.0582028999924659,0.6421869397163391,0.6923826336860657,0.0699674785137176,0.6206154823303223,0.7129521369934082,0.0085987187922,0.6199630498886108,0.6040158867835999,0.0221305098384618,0.6203246116638184,0.5477761030197144,0.0297844875603914,0.6213957667350769,0.5028343796730042,0.0334786809980869,0.6665982007980347,0.6929652094841003,0.0083065535873174,0.6544885635375977,0.6544965505599976,0.0439900271594524,0.649158239364624,0.6899722218513489,0.0675188079476356,0.6499252915382385,0.7245538234710693,0.0763687342405319,0.7096333503723145,0.6975407004356384,0.0120321922004222,0.6879627704620361,0.6811954975128174,0.0449317172169685,0.6864603161811829,0.714442253112793,0.0541570223867893,0.6908158659934998,0.7461063265800476,0.0509844049811363,0.7455748319625854,0.7060399055480957,0.0191786047071218,0.7241889238357544,0.6980128884315491,0.0479894503951072,0.7225345373153687,0.7272615432739258,0.0591970607638359,0.7271667122840881,0.7565867900848389,0.0617987997829914,Pointing_Left
IMG_9549.JPG,0.7429112792015076,0.9183361530303956,-3.466929854312184e-07,0.6663671731948853,0.8869218826293945,0.0233163796365261,0.6260091066360474,0.8095889091491699,0.0359526611864566,0.6251407265663147,0.7400499582290649,0.0470161773264408,0.6549688577651978,0.7079624533653259,0.0561865232884883,0.6314358711242676,0.7279770970344543,0.0048360894434154,0.6280995011329651,0.617132842540741,0.0138226738199591,0.6287606954574585,0.55894535779953,0.0194205697625875,0.6302157640457153,0.5131930112838745,0.0217807348817586,0.678773045539856,0.7067896127700806,0.0034433847758919,0.6667951345443726,0.6699269413948059,0.0300233568996191,0.6626713871955872,0.7057677507400513,0.049592800438404,0.6636976599693298,0.7391543388366699,0.0575103349983692,0.7230916619300842,0.7108781337738037,0.0053975745104253,0.7014387249946594,0.6973003149032593,0.0301191341131925,0.7003276944160461,0.729322612285614,0.0408938117325305,0.7043375968933105,0.7609195709228516,0.0411435328423976,0.7590550184249878,0.7211079001426697,0.0097622871398925,0.7373769879341125,0.7140052914619446,0.0322375744581222,0.7359778881072998,0.7424574494361877,0.0441066175699234,0.7404300570487976,0.7708860039710999,0.0490731932222843,Pointing_Left
IMG_9701.JPG,0.7042789459228516,0.7734540700912476,-2.924022055594833e-07,0.6444095373153687,0.7157775163650513,0.0131213888525962,0.6226783394813538,0.6376524567604065,0.0163206905126571,0.6393128633499146,0.5717958807945251,0.0182159356772899,0.6691160202026367,0.550696849822998,0.0190260354429483,0.649467408657074,0.5635026097297668,-0.009086082689464,0.6650466322898865,0.4608405232429504,-0.0073070228099823,0.676426351070404,0.4062712788581848,-0.0032838522456586,0.6875031590461731,0.3657694458961487,-0.0018690163269639,0.6952338814735413,0.5645366311073303,-0.0119053209200501,0.7080522775650024,0.5113219618797302,-0.0002756045141723,0.7022206783294678,0.5387818813323975,0.013871724717319,0.6948673129081726,0.5700382590293884,0.0206700395792722,0.7350220084190369,0.5856357216835022,-0.011919324286282,0.7357162237167358,0.5516238212585449,0.001392847392708,0.7309675216674805,0.5754076242446899,0.0132473558187484,0.7257087230682373,0.6046494245529175,0.0163942836225032,0.7677558660507202,0.6098096966743469,-0.0107673732563853,0.7637962698936462,0.5856782793998718,0.0013172206236049,0.7572962045669556,0.608852744102478,0.0108122173696756,0.7533909678459167,0.6356260180473328,0.0158194955438375,Pointing_Left
IMG_9819.JPG,0.7461331486701965,0.5647504925727844,8.651743854670714e-08,0.7055913805961609,0.5712721943855286,-0.0093137994408607,0.6784114241600037,0.6118687987327576,-0.0140906171873211,0.6776936650276184,0.653008222579956,-0.0199419651180505,0.6991121768951416,0.6782346963882446,-0.0267908573150634,0.6831713914871216,0.6884979605674744,-0.0064687188714742,0.6776559352874756,0.7516600489616394,-0.0219345036894083,0.6788504123687744,0.7948626279830933,-0.0338630639016628,0.6803707480430603,0.8298903703689575,-0.0429209619760513,0.7095744013786316,0.6925410628318787,-0.0124760065227746,0.7063547372817993,0.7467172145843506,-0.0342986099421978,0.7136609554290771,0.7071492075920105,-0.0439623445272445,0.715076744556427,0.6734156608581543,-0.0457871109247207,0.7364457249641418,0.6856851577758789,-0.0200558453798294,0.7371053695678711,0.7268933057785034,-0.0447285212576389,0.7374701499938965,0.6810065507888794,-0.0464186482131481,0.7322179675102234,0.6472708582878113,-0.0410417690873146,0.7631703615188599,0.6694313287734985,-0.028065875172615,0.7621538639068604,0.7036451101303101,-0.0468863695859909,0.7583023309707642,0.6699874401092529,-0.0457170270383358,0.7517535090446472,0.6413064002990723,-0.0406594574451446,Pointing_Right
IMG_9723.JPG,0.6345309019088745,0.839824914932251,-1.5527179186847206e-07,0.62458735704422,0.7576377391815186,-0.0225238408893346,0.6288184523582458,0.6497752070426941,-0.0451547615230083,0.6242108941078186,0.576510488986969,-0.0626933500170707,0.6021764278411865,0.5165855288505554,-0.0762412101030349,0.6071546077728271,0.6809231638908386,-0.0865741744637489,0.6958215832710266,0.6327303647994995,-0.1209588274359703,0.6880447864532471,0.6577016711235046,-0.1290739625692367,0.6592284440994263,0.6762914657592773,-0.1309492141008377,0.6251004934310913,0.742830216884613,-0.0905905738472938,0.7232639193534851,0.6720653772354126,-0.1231507658958435,0.7070810794830322,0.6954991221427917,-0.1179043427109718,0.6750172972679138,0.7192543148994446,-0.1138523668050766,0.6517912149429321,0.798204243183136,-0.0935639068484306,0.7388949990272522,0.7263951897621155,-0.1154823675751686,0.7193135023117065,0.7465762495994568,-0.0960318222641944,0.6891918778419495,0.7671391367912292,-0.0831942930817604,0.6784675717353821,0.8454240560531616,-0.097827672958374,0.742709219455719,0.7822352647781372,-0.1076435148715972,0.726203978061676,0.7924357056617737,-0.0939337015151977,0.6991449594497681,0.8126353025436401,-0.0856000185012817,Pointing_Left
IMG_9857.JPG,0.8472695350646973,0.5551808476448059,-4.391287120597554e-07,0.7917153239250183,0.6253480911254883,-0.0044595841318368,0.7370210289955139,0.6764165163040161,-0.0174766238778829,0.696790337562561,0.7297303080558777,-0.0306158643215894,0.6853173971176147,0.7876251935958862,-0.0426626168191432,0.6981906890869141,0.5969379544258118,-0.0296482183039188,0.6444812417030334,0.5981324911117554,-0.0307441744953393,0.6693910956382751,0.6048686504364014,-0.0241479817777872,0.6959962844848633,0.6092215180397034,-0.0197989903390407,0.7001994848251343,0.5365406274795532,-0.0316708423197269,0.6501248478889465,0.5493855476379395,-0.027248041704297,0.6725320219993591,0.5601054430007935,-0.0187973901629447,0.6965346932411194,0.560102105140686,-0.0175044853240251,0.7096224427223206,0.4867641925811767,-0.031250387430191,0.6579569578170776,0.5056579113006592,-0.0231566522270441,0.6787099242210388,0.5169017314910889,-0.0119205247610807,0.7028462886810303,0.519331157207489,-0.0099516520276665,0.7225127220153809,0.448588490486145,-0.0313509032130241,0.6777071356773376,0.4661495089530945,-0.0219566226005554,0.6932900547981262,0.4809315502643585,-0.0090053929015994,0.7140611410140991,0.4857049584388733,-0.0024950306396931,Pointing_Right
509071772433863_.pic.jpg,0.138614222407341,0.8061054944992065,9.551816759767463e-08,0.2903984785079956,0.7323480844497681,-0.0602359659969806,0.3752372860908508,0.6383777856826782,-0.0771077275276184,0.4478214085102081,0.566204309463501,-0.0797903016209602,0.5189768075942993,0.5298716425895691,-0.0741226449608802,0.1614770591259002,0.5566809177398682,-0.0369611270725727,0.3080745637416839,0.5668779611587524,-0.0443093664944171,0.351581335067749,0.6180263757705688,-0.0566586256027221,0.3468576967716217,0.6481868028640747,-0.0650810822844505,0.0943622291088104,0.5679978728294373,-0.0047618928365409,0.2577854692935943,0.5891496539115906,-0.0063636852428317,0.3000269532203674,0.6355484127998352,-0.0228296630084514,0.2914987802505493,0.6675466895103455,-0.0405690483748912,0.0618638396263122,0.5970088839530945,0.0243473500013351,0.2014651596546173,0.6103870272636414,0.0204207431524992,0.2469192147254943,0.6478347778320312,0.0084194922819733,0.2448375821113586,0.6800535321235657,-0.0029072177130728,0.0422276407480239,0.6248517036437988,0.0496851205825805,0.1452309191226959,0.6218973398208618,0.04317532107234,0.1836310625076294,0.6456015706062317,0.0392871908843517,0.1879689395427703,0.6705590486526489,0.0374065525829792,Pointing_Right
508061772433763_.pic_thumb.jpg,0.7937440872192383,0.7395370006561279,-4.31483954344003e-07,0.7094408273696899,0.6468228697776794,0.0204718876630067,0.6024977564811707,0.609407365322113,0.005469724535942,0.5129165053367615,0.6253307461738586,-0.0207522958517074,0.4509586691856384,0.6639619469642639,-0.0532411448657512,0.5248124003410339,0.5544654130935669,-0.0076710153371095,0.3568856120109558,0.5656643509864807,-0.0288884174078702,0.2570074200630188,0.5779295563697815,-0.0525315403938293,0.1821337044239044,0.5796381235122681,-0.0759513974189758,0.5024242997169495,0.5833128690719604,-0.0393082238733768,0.3907807469367981,0.670072078704834,-0.0578510463237762,0.4546028971672058,0.7049870491027832,-0.0680169314146041,0.5119024515151978,0.6974294781684875,-0.0796770900487899,0.49453005194664,0.635522723197937,-0.0674260556697845,0.4099882841110229,0.7250229120254517,-0.0770508497953414,0.4764204621315002,0.7473973035812378,-0.0705834999680519,0.5268957614898682,0.7300434708595276,-0.0743026062846183,0.4921119809150696,0.6949350833892822,-0.0964987874031066,0.4492529332637787,0.769605278968811,-0.1154242828488349,0.506536066532135,0.7871636152267456,-0.1099600940942764,0.5506542325019836,0.7734619379043579,-0.1048283502459526,Pointing_Left
IMG_9812.JPG,0.7378716468811035,0.7117849588394165,8.498542314328007e-08,0.6972241401672363,0.7293325662612915,-0.010790972970426,0.6733104586601257,0.770771324634552,-0.0115825068205595,0.6702908873558044,0.8162753582000732,-0.0129165295511484,0.687222421169281,0.8409572243690491,-0.0138247534632682,0.6700986623764038,0.8045284748077393,0.0112442588433623,0.6556347608566284,0.8431914448738098,0.0064988345839083,0.652938961982727,0.8717760443687439,0.0005320818745531,0.6510086059570312,0.8955436944961548,-0.0044194171205163,0.6898242831230164,0.8168805241584778,0.010098485276103,0.6802351474761963,0.8609564304351807,-0.0012241438962519,0.6880874037742615,0.8418161869049072,-0.0088191395625472,0.6941400170326233,0.8209035992622375,-0.0098560210317373,0.7119058966636658,0.8196333646774292,0.0065895779989659,0.7105416059494019,0.8555325269699097,-0.0082313539460301,0.7136252522468567,0.8238705396652222,-0.0128449527546763,0.7161547541618347,0.7978962659835815,-0.010469676926732,0.7359655499458313,0.8144696354866028,0.0020937595982104,0.7316128611564636,0.8434818387031555,-0.0085292467847466,0.7317221164703369,0.8219678997993469,-0.0091216340661048,0.7320778369903564,0.7987303137779236,-0.0065478780306875,Pointing_Right
508101772433766_.pic.jpg,0.8719706535339355,0.7685071229934692,-7.19637853308086e-07,0.7867971062660217,0.6641278862953186,0.0325901061296463,0.6692185997962952,0.6147406101226807,0.0233596265316009,0.5658884644508362,0.6112750172615051,0.0017190832877531,0.4912634491920471,0.6337120532989502,-0.0263170171529054,0.5647541284561157,0.5494104623794556,-0.0001868566905613,0.3774163126945495,0.571417510509491,-0.0144623657688498,0.2676534950733185,0.5853540301322937,-0.0350762046873569,0.185854822397232,0.5843611359596252,-0.058418370783329,0.5499148964881897,0.5777849555015564,-0.0383131429553031,0.4156480431556701,0.6869573593139648,-0.0435972101986408,0.4834043979644775,0.7233206033706665,-0.0495784915983676,0.5476886034011841,0.7128431797027588,-0.0639298185706138,0.5509275197982788,0.6340807676315308,-0.0714669898152351,0.4551398754119873,0.751058042049408,-0.0638269335031509,0.5269874334335327,0.7708383798599243,-0.0549685768783092,0.5822709798812866,0.7440653443336487,-0.065188392996788,0.5546653866767883,0.6984847784042358,-0.1056626960635185,0.493788331747055,0.7903836965560913,-0.115168310701847,0.5536403656005859,0.8076839447021484,-0.1085412800312042,0.5994115471839905,0.7874346375465393,-0.1066057533025741,Pointing_Left
508841772433839_.pic_thumb.jpg,0.3880817890167236,0.7927929759025574,-3.83631459044409e-07,0.5266517400741577,0.7222102284431458,-0.0063822474330663,0.6073775887489319,0.6361986994743347,-0.0176363345235586,0.6604240536689758,0.5684842467308044,-0.0294586960226297,0.724113404750824,0.5429779291152954,-0.0401792600750923,0.462495893239975,0.5269739031791687,-0.0322978533804416,0.5240991711616516,0.5315729975700378,-0.051860436797142,0.5398975610733032,0.5843297243118286,-0.0736206322908401,0.523171067237854,0.6205909848213196,-0.0894897431135177,0.3698666095733642,0.5420800447463989,-0.041229210793972,0.437736451625824,0.5511264204978943,-0.0438272207975387,0.4560474753379822,0.5907169580459595,-0.0531488880515098,0.4428439140319824,0.6183082461357117,-0.0704680159687995,0.2991188168525696,0.5773057341575623,-0.0481468960642814,0.3586097955703735,0.5808468461036682,-0.0551453679800033,0.3752329051494598,0.6124469637870789,-0.0518291443586349,0.3628930151462555,0.635795533657074,-0.0576622858643531,0.2446130514144897,0.6156572699546814,-0.0551013685762882,0.2956845164299011,0.6116868257522583,-0.0610763691365718,0.3157441020011902,0.6403859257698059,-0.0474388189613819,0.3124712705612182,0.6631977558135986,-0.0393483713269233,Pointing_Right
508631772433818_.pic.jpg,0.5250006914138794,0.8810255527496338,-8.648289622215088e-07,0.6757023930549622,0.7904106378555298,0.0317278727889061,0.754450261592865,0.6934226155281067,0.0398425236344337,0.8160760998725891,0.6198864579200745,0.040699079632759,0.8934666514396667,0.5955640077590942,0.0397503301501274,0.6130632162094116,0.5341758728027344,0.0027372438926249,0.6217048764228821,0.5588414669036865,0.0105778025463223,0.6265226006507874,0.6191444396972656,0.0042593660764396,0.6224715113639832,0.6618152856826782,-0.0034766735043376,0.4859107732772827,0.5427036285400391,-0.0176068637520074,0.4995632171630859,0.577144205570221,0.0174510553479194,0.5081456899642944,0.6258904337882996,0.0228285249322652,0.5071185231208801,0.6621575951576233,0.0092193046584725,0.3821632862091064,0.5813201069831848,-0.0307458061724901,0.3949806094169616,0.6102294921875,-0.0058621005155146,0.4188401699066162,0.6494536995887756,-0.002384825143963,0.4280928373336792,0.6832648515701294,-0.0149857625365257,0.2963863313198089,0.6282134652137756,-0.0410861298441886,0.3183838129043579,0.6538780927658081,-0.0260950624942779,0.3494004905223846,0.6918368935585022,-0.0090460805222392,0.3653455972671509,0.7218799591064453,-0.0004938257625326,Pointing_Right
508241772433780_.pic.jpg,0.6802366971969604,0.7894189357757568,-5.358554062695475e-07,0.6084570288658142,0.6937400698661804,0.0328535251319408,0.4942779242992401,0.6542021632194519,0.0272419527173042,0.3919129967689514,0.6619426012039185,0.0111245419830083,0.3227149844169616,0.6982436776161194,-0.0132711892947554,0.4017157554626465,0.6058416366577148,-0.011484402231872,0.2080969214439392,0.6357222199440002,-0.0302054155617952,0.0828762948513031,0.657281756401062,-0.0466160699725151,-0.0063803195953369,0.6636099815368652,-0.0647128000855445,0.3787785470485687,0.6377076506614685,-0.0429381094872951,0.2561329901218414,0.7406973838806152,-0.0519086085259914,0.3249931633472442,0.7750077247619629,-0.0460008531808853,0.390651673078537,0.7669588923454285,-0.0470913015305995,0.3749999403953552,0.6961964964866638,-0.0696444660425186,0.2912253439426422,0.8050637245178223,-0.0712306797504425,0.3622506856918335,0.8262173533439636,-0.0597152896225452,0.4181417524814605,0.8048014640808105,-0.0623620636761188,0.3744369447231293,0.7623646259307861,-0.095446340739727,0.3290441632270813,0.8511264324188232,-0.116776593029499,0.3945348858833313,0.867480993270874,-0.1153065711259841,0.4458823800086975,0.8481924533843994,-0.1128094568848609,Pointing_Left
IMG_9660.JPG,0.7470410466194153,0.7489006519317627,-1.9374060400423335e-07,0.682843804359436,0.7327407002449036,-0.0239757280796766,0.6391685605049133,0.6852189898490906,-0.036581065505743,0.6027843952178955,0.637096643447876,-0.0420668609440326,0.570846676826477,0.610521674156189,-0.048307504504919,0.6665735244750977,0.5729036331176758,-0.0504255257546901,0.6535850763320923,0.4713439345359802,-0.0620367005467414,0.6491439342498779,0.4151656627655029,-0.0677546337246894,0.6480412483215332,0.3676988780498504,-0.0711522251367569,0.7064493298530579,0.5531664490699768,-0.0311472732573747,0.6569427847862244,0.5002747178077698,-0.0292057618498802,0.6356438398361206,0.5382779836654663,-0.0150009775534272,0.6346811652183533,0.5715328454971313,-0.0065210117027163,0.7342780232429504,0.5521743297576904,-0.0116788214072585,0.6798585653305054,0.5156422257423401,-0.0086891194805502,0.6619982123374939,0.5518855452537537,0.0025436030700802,0.6606637239456177,0.584698498249054,0.0088958833366632,0.7523439526557922,0.5566476583480835,0.0065916832536458,0.7082639336585999,0.5301902890205383,0.0111129777505993,0.6902025938034058,0.5538225769996643,0.0181025024503469,0.6866266131401062,0.5780164003372192,0.0231802333146333,Pointing_Left
509141772433872_.pic.jpg,0.3765298426151275,0.7113182544708252,-5.5108156260530456e-08,0.5210103392601013,0.6783047914505005,-0.0362868532538414,0.6074329614639282,0.6221977472305298,-0.0643039718270301,0.6738165616989136,0.5769416093826294,-0.0862310826778411,0.7429434061050415,0.55141282081604,-0.1058067977428436,0.4785559773445129,0.5080546736717224,-0.0741420686244964,0.5489078760147095,0.5342397689819336,-0.1003892943263053,0.564039945602417,0.5788907408714294,-0.1222028061747551,0.5505592823028564,0.6011460423469543,-0.1384691894054412,0.3929667472839355,0.5161678791046143,-0.0697940215468406,0.4692968130111694,0.5431713461875916,-0.0806238949298858,0.4855479896068573,0.5773797631263733,-0.0889383256435394,0.4678386449813843,0.5958913564682007,-0.1060366183519363,0.3271286189556122,0.5438567399978638,-0.0651364475488662,0.3905264437198639,0.5580766797065735,-0.0806642025709152,0.4073662161827087,0.586327850818634,-0.0784438997507095,0.3945061564445495,0.6047161817550659,-0.0841942206025123,0.2783515751361847,0.5742911100387573,-0.0624518766999244,0.3290999829769134,0.587352991104126,-0.0742259249091148,0.348631203174591,0.6111903786659241,-0.0661571770906448,0.3434889912605285,0.6285643577575684,-0.0631544664502143,Pointing_Right
IMG_9697.JPG,0.6604040265083313,0.7861350178718567,1.732447856284125e-07,0.7147877812385559,0.6808938980102539,0.057862564921379,0.7210836410522461,0.6108084321022034,0.0739141479134559,0.7319679260253906,0.5668107867240906,0.0725771486759185,0.7435466051101685,0.5265141129493713,0.0691322237253189,0.6524684429168701,0.5692510008811951,0.0497844405472278,0.6594923138618469,0.4740851819515228,0.0385412573814392,0.6811875700950623,0.4227137267589569,0.0300211198627948,0.7004808187484741,0.3853142857551574,0.0230201054364442,0.646186351776123,0.5825796723365784,0.0033908470068126,0.6629791855812073,0.4709310829639435,-0.0222607906907796,0.7088883519172668,0.437583327293396,-0.0360538996756076,0.7463255524635315,0.4292318224906921,-0.0420910529792308,0.6510778069496155,0.6037425398826599,-0.0416102111339569,0.669536828994751,0.4977735877037048,-0.0663833394646644,0.7191337943077087,0.4777430891990661,-0.0747945830225944,0.7577394843101501,0.4782578349113464,-0.0763536915183067,0.668164849281311,0.627983033657074,-0.0822593942284584,0.6906560063362122,0.5459455251693726,-0.0990644171833992,0.7266547679901123,0.5268155932426453,-0.102943018078804,0.7586367130279541,0.5270349979400635,-0.1042831316590309,Pointing_Left
IMG_9547.JPG,0.7575563788414001,0.9414145946502686,-3.2884037182157044e-07,0.6799761652946472,0.9090717434883118,0.0213473327457904,0.6381824016571045,0.8303341269493103,0.0326084122061729,0.6378483772277832,0.7589914798736572,0.0422692522406578,0.6673777103424072,0.7258447408676147,0.0504226349294185,0.6434253454208374,0.7475564479827881,0.0044797454029321,0.6386153697967529,0.6352419853210449,0.015111937187612,0.6389597654342651,0.5776157379150391,0.023327512666583,0.6401667594909668,0.5324851274490356,0.0273732393980026,0.6906999945640564,0.7264569401741028,0.0026511719916015,0.6798262000083923,0.6858434677124023,0.0270674750208854,0.6768591403961182,0.7209860682487488,0.0455197654664516,0.6787574291229248,0.7544393539428711,0.0534178055822849,0.7356717586517334,0.72996985912323,0.0041902037337422,0.7148203253746033,0.714331328868866,0.0270198564976453,0.7138711214065552,0.7461874485015869,0.0370037443935871,0.7176787853240967,0.7772367596626282,0.0372295752167701,0.7730358839035034,0.739533543586731,0.0079643428325653,0.7512597441673279,0.7319396138191223,0.0296088196337223,0.7501744031906128,0.7600030899047852,0.0410048551857471,0.7543478608131409,0.7876001000404358,0.045881699770689,Pointing_Left
509031772433858_.pic_thumb.jpg,0.553436279296875,0.8525221347808838,-5.977396426715131e-07,0.7077488303184509,0.7813813090324402,-0.0123486425727605,0.7873157262802124,0.6901479959487915,-0.0202736184000968,0.8305671215057373,0.6180265545845032,-0.0239911098033189,0.8852488994598389,0.5876330137252808,-0.0248592030256986,0.6211919784545898,0.5848730206489563,-0.0459978394210338,0.6891663670539856,0.5927896499633789,-0.0599726438522338,0.7018689513206482,0.6471037864685059,-0.0767600089311599,0.6840710043907166,0.6820732355117798,-0.0895612984895706,0.5241142511367798,0.593342661857605,-0.0442478507757186,0.6099320650100708,0.6082233786582947,-0.0393016040325164,0.6263933777809143,0.6550447940826416,-0.0421454049646854,0.6085745096206665,0.6870868802070618,-0.0552958436310291,0.455068975687027,0.6193937063217163,-0.0394504517316818,0.5341522097587585,0.6278775930404663,-0.0366137102246284,0.5509792566299438,0.6650245189666748,-0.031069928780198,0.5354284048080444,0.6948202252388,-0.036272294819355,0.4026102721691131,0.6475507020950317,-0.0352164432406425,0.4691642522811889,0.6442298293113708,-0.0353233702480793,0.4912017583847046,0.675635039806366,-0.0236173532903194,0.4864455461502075,0.7030702233314514,-0.0168369188904762,Pointing_Right
IMG_9664.JPG,0.8634771108627319,0.8919721841812134,3.644770742994297e-07,0.8274956941604614,0.7877144813537598,0.026432491838932,0.8264824748039246,0.6809675693511963,0.0200604330748319,0.8499930500984192,0.6029717922210693,0.0057412777096033,0.8877377510070801,0.5590686202049255,-0.0092879254370927,0.78815758228302,0.6301959753036499,-0.0182639919221401,0.8156425356864929,0.5119783878326416,-0.0407603830099105,0.8432903289794922,0.4473286271095276,-0.0521047040820121,0.8622124195098877,0.3975191712379455,-0.0593101717531681,0.804286777973175,0.6403084397315979,-0.0461505725979805,0.8767436742782593,0.5138661861419678,-0.0644582733511924,0.9329971075057985,0.5442931056022644,-0.0610662959516048,0.9533689618110656,0.588857889175415,-0.0553807616233825,0.8391518592834473,0.6710832715034485,-0.070356398820877,0.9258635640144348,0.5668524503707886,-0.0818025320768356,0.965254843235016,0.6141130924224854,-0.0619091689586639,0.9639922976493835,0.6587687134742737,-0.0465896688401699,0.8802769184112549,0.710301399230957,-0.0931590795516967,0.9586555361747742,0.6472787857055664,-0.0976964831352233,0.9810208678245544,0.68217533826828,-0.0801574662327766,0.971697211265564,0.7184545397758484,-0.065553106367588,Pointing_Left
509401772433906_.pic_thumb.jpg,1.040603756904602,0.87109375,-8.292958000311046e-07,0.9051533937454224,0.7627072334289551,0.0154784545302391,0.7318710088729858,0.7119934558868408,-0.0112214069813489,0.5606994032859802,0.7319561243057251,-0.050513781607151,0.4420407712459564,0.7697778940200806,-0.0958824083209037,0.6882860660552979,0.5657966136932373,-0.0172137208282947,0.4428104758262634,0.5902330279350281,-0.0476679988205432,0.3156403005123138,0.5988571643829346,-0.0803403109312057,0.2259959578514099,0.5854095816612244,-0.1112664639949798,0.6898690462112427,0.5980716347694397,-0.0574207454919815,0.4842454791069031,0.725910484790802,-0.0708760768175125,0.5617340207099915,0.7720810770988464,-0.0768923088908195,0.6405064463615417,0.7594546675682068,-0.0932466685771942,0.6960352659225464,0.6667953729629517,-0.0965160727500915,0.5210781097412109,0.8018894195556641,-0.1014279425144195,0.6065874099731445,0.8319148421287537,-0.0897298976778984,0.6754757165908813,0.8028756976127625,-0.0962960794568061,0.6985040903091431,0.7466735243797302,-0.1383685171604156,0.5593079328536987,0.8418484330177307,-0.1495265364646911,0.6258373856544495,0.8657978773117065,-0.1350382566452026,0.6899008750915527,0.8503572344779968,-0.1269986182451248,Pointing_Left
IMG_9668.JPG,0.7452174425125122,0.8815953135490417,-3.259781635733816e-07,0.6847608089447021,0.7981398105621338,0.0238286796957254,0.6744669675827026,0.7063239216804504,0.0288915503770113,0.6952573657035828,0.6340655088424683,0.0317563153803348,0.7258695960044861,0.6033589243888855,0.032610960304737,0.669253408908844,0.6545997262001038,-0.0158276855945587,0.6871267557144165,0.5313379168510437,-0.0171544067561626,0.7022601962089539,0.4667708873748779,-0.0145325884222984,0.7153124213218689,0.4157366752624511,-0.0140161626040935,0.7172567248344421,0.6503575444221497,-0.0238078515976667,0.7432810068130493,0.5747517347335815,-0.010813046246767,0.7430817484855652,0.6102210283279419,0.0070679117925465,0.7341511249542236,0.6439434289932251,0.0145036000758409,0.7666385173797607,0.6663991808891296,-0.0271411463618278,0.7804062962532043,0.6058719158172607,-0.0088335396721959,0.7792555689811707,0.6395217180252075,0.0104891108348965,0.7725318074226379,0.6746594309806824,0.0161572862416505,0.8080035448074341,0.6882078051567078,-0.0285032037645578,0.8124369978904724,0.6413714289665222,-0.0106979142874479,0.8084791898727417,0.6705832481384277,0.0054928669705986,0.8031166791915894,0.7022623419761658,0.0133918412029743,Pointing_Left
508871772433842_.pic.jpg,0.4635576605796814,0.7709171175956726,-3.7471181713044643e-07,0.5778008103370667,0.7062746286392212,-0.0061583677306771,0.6365495324134827,0.635985255241394,-0.0152057847008109,0.6782652139663696,0.5772653818130493,-0.0226904544979333,0.7327444553375244,0.553406298160553,-0.0282787457108497,0.502916693687439,0.5445524454116821,-0.0366631112992763,0.5464511513710022,0.5498874187469482,-0.0388881675899028,0.5638742446899414,0.5937219858169556,-0.0432184934616088,0.5579069256782532,0.6239275336265564,-0.0479769669473171,0.4229846894741058,0.5579591393470764,-0.0381099320948123,0.4799558818340301,0.5691916346549988,-0.0243482198566198,0.5007466673851013,0.6020826697349548,-0.021611014381051,0.4948472082614898,0.6267834305763245,-0.031839158385992,0.3658207058906555,0.588647723197937,-0.0355031266808509,0.4156783819198608,0.600457489490509,-0.0243199653923511,0.4374288320541382,0.6267775893211365,-0.0174735132604837,0.4331227838993072,0.6504833698272705,-0.0234146080911159,0.3234689831733703,0.6202651262283325,-0.0333515852689743,0.365757405757904,0.6276915669441223,-0.0247080735862255,0.3886748552322387,0.6492351293563843,-0.0107750995084643,0.3919209241867065,0.6697796583175659,-0.0044782566837966,Pointing_Right
IMG_9820.JPG,0.7331279516220093,0.5378156900405884,1.072493631681937e-07,0.6959559321403503,0.5428474545478821,-0.0104356324300169,0.6694415211677551,0.5846733450889587,-0.0151094738394021,0.6667491793632507,0.626253604888916,-0.0205059219151735,0.6888539791107178,0.6470728516578674,-0.0266221854835748,0.6732935905456543,0.6592968106269836,-0.0063662948086857,0.6676966547966003,0.7191987633705139,-0.0196255594491958,0.6677877902984619,0.7581305503845215,-0.0296967606991529,0.6683905124664307,0.7906667590141296,-0.0377401113510131,0.6988996863365173,0.6639471054077148,-0.0114097949117422,0.6935785412788391,0.7148971557617188,-0.0316438674926757,0.6990838050842285,0.6747418642044067,-0.040194246917963,0.6997655630111694,0.6427609324455261,-0.0413240417838096,0.7249576449394226,0.6573755741119385,-0.0179308056831359,0.7249647378921509,0.6954635977745056,-0.0413641966879367,0.7245149612426758,0.6492975950241089,-0.0426423996686935,0.7200097441673279,0.6171301007270813,-0.0370943881571292,0.7510765194892883,0.6411857008934021,-0.0250164438039064,0.7493743300437927,0.6725651621818542,-0.042510375380516,0.7445958256721497,0.6385892033576965,-0.0412497892975807,0.7386607527732849,0.6111204624176025,-0.0364214554429054,Pointing_Right
509201772433879_.pic_thumb.jpg,0.129989743232727,0.3515993952751159,-3.573971980586066e-07,0.2857761681079864,0.32806396484375,-0.0234957132488489,0.3904860019683838,0.2759019136428833,-0.0385219901800155,0.4554582834243774,0.241963192820549,-0.0516274906694889,0.5219125747680664,0.2326347529888153,-0.0636148303747177,0.2562831044197082,0.1290701627731323,-0.0389203540980815,0.3031377792358398,0.167767196893692,-0.0586892589926719,0.3071611523628235,0.2164174020290374,-0.0857136324048042,0.2878698706626892,0.2416309118270874,-0.1080119684338569,0.1513162404298782,0.1347457319498062,-0.0416423827409744,0.208084374666214,0.1695190072059631,-0.0451949760317802,0.2168062031269073,0.2092615365982055,-0.0587668120861053,0.1968037784099578,0.2297792732715606,-0.0801606401801109,0.0724128931760788,0.1650289893150329,-0.044194433838129,0.1255355775356292,0.1882354915142059,-0.0554221346974372,0.1381424963474273,0.2208462804555893,-0.0581030845642089,0.1246538162231445,0.2386583983898162,-0.0676456838846206,0.0145564377307891,0.2000148147344589,-0.0483815297484397,0.0612175166606903,0.2201994657516479,-0.0590220652520656,0.0772124230861663,0.2502511739730835,-0.051575668156147,0.0727541595697403,0.2674774527549743,-0.0488977171480655,Pointing_Right
IMG_9689.JPG,0.7050751447677612,0.7584213018417358,-1.036928054531927e-07,0.7404453754425049,0.7013034820556641,0.0280968341976404,0.7519481182098389,0.6419815421104431,0.0414630100131034,0.7613544464111328,0.6001937985420227,0.0467281639575958,0.7679771184921265,0.5693932175636292,0.0511793345212936,0.6841709613800049,0.5732822418212891,0.0287215504795312,0.6864703297615051,0.4782240986824035,0.022484803572297,0.6901323199272156,0.4144818782806396,0.0174931902438402,0.6911912560462952,0.363006055355072,0.0128461243584752,0.6862714886665344,0.5728840827941895,0.0068438621237874,0.6887423992156982,0.463369607925415,-0.00641471426934,0.6931003928184509,0.3937894403934479,-0.0163748934864997,0.6937602162361145,0.3363901972770691,-0.0220462772995233,0.6994982957839966,0.5825858116149902,-0.0140614248812198,0.700842559337616,0.4723252058029175,-0.0278981830924749,0.7026676535606384,0.411306619644165,-0.0360849648714065,0.7016229629516602,0.3602354526519775,-0.0400519967079162,0.7255889177322388,0.5966160893440247,-0.0328746624290943,0.7249450087547302,0.5178452134132385,-0.0480505749583244,0.7221973538398743,0.4647122919559479,-0.0561980009078979,0.7180207371711731,0.4176315367221832,-0.0606179013848304,Pointing_Left
IMG_9692.JPG,0.7082409858703613,0.7325482964515686,2.01483931761004e-08,0.6505529880523682,0.6827822923660278,0.0156694427132606,0.6288695931434631,0.6120986938476562,0.0203869044780731,0.6349529027938843,0.5482802987098694,0.024008335545659,0.6486542820930481,0.5074015855789185,0.0262111108750104,0.6307411193847656,0.5786150693893433,-0.0165422614663839,0.6274716854095459,0.4746743440628052,-0.0269889291375875,0.6274658441543579,0.4148183763027191,-0.0259184762835502,0.6293704509735107,0.3718363344669342,-0.0224716197699308,0.670854389667511,0.5710753798484802,-0.0267362892627716,0.6617265343666077,0.4549257159233093,-0.0411966107785701,0.65733802318573,0.3871365785598755,-0.0415915586054325,0.6560400128364563,0.3388871848583221,-0.038386795669794,0.7088057994842529,0.5722100734710693,-0.0339835435152053,0.7001586556434631,0.4637274146080017,-0.0474814251065254,0.695294201374054,0.4018594026565552,-0.0499565154314041,0.6902219653129578,0.3572697043418884,-0.0475551262497901,0.7425522208213806,0.5822632908821106,-0.0380746349692344,0.7349546551704407,0.4965104460716247,-0.0437207259237766,0.728260338306427,0.4501733481884002,-0.0412515439093112,0.720130443572998,0.4142509698867798,-0.0368392579257488,Pointing_Left
508121772433768_.pic_thumb.jpg,0.9644640684127808,0.739970326423645,-6.681432296318235e-07,0.8661599159240723,0.6482692956924438,0.0222871247678995,0.7424180507659912,0.6036303639411926,0.0111452853307127,0.6326890587806702,0.6057565808296204,-0.0113468626514077,0.5563629269599915,0.6298889517784119,-0.0392047129571437,0.6556849479675293,0.5378005504608154,-0.0052785486914217,0.4761315584182739,0.5499125719070435,-0.0291784349828958,0.3706360459327698,0.5586456060409546,-0.0547008402645587,0.2934101223945617,0.5586766004562378,-0.0788608193397522,0.6432309746742249,0.5682201981544495,-0.0387681573629379,0.5099354982376099,0.667577862739563,-0.0554567836225032,0.5717918276786804,0.7005852460861206,-0.063817910850048,0.6281660795211792,0.6885887980461121,-0.0768558755517005,0.6468144655227661,0.6218577027320862,-0.0692138895392417,0.5461336970329285,0.7263219356536865,-0.075386993587017,0.6135433912277222,0.7442097663879395,-0.0654542073607444,0.6641796231269836,0.7203590869903564,-0.0699254795908927,0.6560384035110474,0.6840210556983948,-0.1010865196585655,0.5899015665054321,0.7618284225463867,-0.1171617358922958,0.6479973196983337,0.7762039303779602,-0.1084687784314155,0.6954831480979919,0.7578780055046082,-0.1026591584086418,Pointing_Left
508391772433794_.pic.jpg,0.9565154314041138,0.787776529788971,-9.220318020197736e-07,0.8488301634788513,0.6684253215789795,0.0446687191724777,0.6964786648750305,0.6078614592552185,0.037603560835123,0.5495693683624268,0.6181576251983643,0.0140843642875552,0.4461166560649872,0.6574070453643799,-0.0179461650550365,0.5950290560722351,0.51866614818573,0.0034287085290998,0.3749246299266815,0.5376900434494019,-0.0131952818483114,0.2470040619373321,0.556898295879364,-0.0355030968785285,0.1528735756874084,0.5612298250198364,-0.0597641468048095,0.5723968148231506,0.5584193468093872,-0.0432576425373554,0.4018935859203338,0.6758908629417419,-0.048433568328619,0.4801693260669708,0.7174396514892578,-0.0523227117955684,0.5539193153381348,0.7078001499176025,-0.0669585540890693,0.5694240927696228,0.6293326616287231,-0.0833172872662544,0.4385451674461365,0.7555922269821167,-0.0792893022298812,0.5226274132728577,0.781613826751709,-0.0662488415837287,0.5873197317123413,0.7595858573913574,-0.0733878761529922,0.5717265605926514,0.7092952132225037,-0.1230965554714202,0.4817268252372741,0.7982282638549805,-0.1340795308351516,0.5513820648193359,0.8211106061935425,-0.1207732483744621,0.6090409755706787,0.8072242736816406,-0.1135282889008522,Pointing_Left
IMG_9633.JPG,0.8401699662208557,0.7648783922195435,-1.4844296458704778e-07,0.7666617631912231,0.7401968240737915,-0.0086040021851658,0.7156770825386047,0.6805762052536011,-0.0167014636099338,0.6742040514945984,0.629356861114502,-0.0203986205160617,0.6465208530426025,0.5889905691146851,-0.025508563965559,0.7520571351051331,0.5872910022735596,-0.0297579057514667,0.7450066208839417,0.4908643960952759,-0.028339372947812,0.7418701648712158,0.4387447237968445,-0.0275382306426763,0.7416025400161743,0.3958601951599121,-0.0276291966438293,0.7931654453277588,0.5674468874931335,-0.0153075670823454,0.7642072439193726,0.5480494499206543,0.0015172216808423,0.755709171295166,0.5843063592910767,0.0168176740407943,0.7587599754333496,0.6144974827766418,0.0227888096123933,0.8261383175849915,0.5718694925308228,0.001053875661455,0.7919681072235107,0.5618998408317566,0.0182871669530868,0.7884270548820496,0.5953304171562195,0.0247832220047712,0.7934492230415344,0.6236687898635864,0.0232723653316497,0.8522434234619141,0.5772171020507812,0.0179808232933282,0.822083055973053,0.5684928894042969,0.0346998013556003,0.8141582608222961,0.597865104675293,0.0425239913165569,0.8164817690849304,0.6245270371437073,0.0451982580125331,Pointing_Left
IMG_9714.JPG,0.6585302948951721,0.6989367008209229,-2.657609456946375e-07,0.6839073896408081,0.6300010085105896,-0.0387907288968563,0.688933253288269,0.5529934167861938,-0.0622232109308242,0.6855856776237488,0.4895293414592743,-0.0788814350962638,0.6773681640625,0.4235542118549347,-0.0940656512975692,0.6279876232147217,0.5820066332817078,-0.0848058089613914,0.714249312877655,0.6144567131996155,-0.1165568530559539,0.708145260810852,0.6215075254440308,-0.1333903521299362,0.6809688210487366,0.6186689734458923,-0.1472770869731903,0.6079030632972717,0.6498196125030518,-0.0812138170003891,0.7172908782958984,0.674796462059021,-0.1043108329176902,0.7053516507148743,0.6738148927688599,-0.1070628836750984,0.6733207702636719,0.6707924604415894,-0.1171363815665245,0.6055378913879395,0.7113433480262756,-0.0785680040717125,0.7056955099105835,0.7287136912345886,-0.0988874286413192,0.6959677934646606,0.7257733345031738,-0.0892965123057365,0.6666110754013062,0.720005452632904,-0.0881511196494102,0.6090310215950012,0.7672693133354187,-0.0807190164923667,0.6861584782600403,0.7719073295593262,-0.102152794599533,0.6823015213012695,0.7645953297615051,-0.102947860956192,0.6596716046333313,0.7645689845085144,-0.1050097048282623,Pointing_Left
IMG_9559.JPG,0.7151699662208557,0.8630748987197876,-3.617874426709023e-07,0.6412412524223328,0.829444408416748,0.0259144641458988,0.6014907956123352,0.7552981376647949,0.0402752235531806,0.5994001030921936,0.6903627514839172,0.0542527250945568,0.6269209980964661,0.6572005152702332,0.0662451982498169,0.6063253879547119,0.6783834099769592,0.0042799031361937,0.6050083637237549,0.5714431405067444,0.0163498148322105,0.6049370765686035,0.5161709785461426,0.0225063897669315,0.605529248714447,0.470773845911026,0.0248455964028835,0.6516864895820618,0.659135103225708,0.0052678030915558,0.6382462382316589,0.6196741461753845,0.0397960916161537,0.6336036324501038,0.6555340886116028,0.0624254271388053,0.634392261505127,0.6892664432525635,0.0702404826879501,0.6939083933830261,0.6631031632423401,0.0100966533645987,0.6713186502456665,0.6447231769561768,0.0425442680716514,0.6701946258544922,0.6778191328048706,0.0525214411318302,0.6743518710136414,0.7089657783508301,0.0495260544121265,0.7286302447319031,0.670478105545044,0.0179021414369344,0.7063317894935608,0.6608679294586182,0.0452710762619972,0.7046723365783691,0.6901745796203613,0.0561487153172493,0.7087990045547485,0.7190817594528198,0.0584877282381057,Pointing_Left
509001772433855_.pic_thumb.jpg,0.6683778762817383,0.5234651565551758,-6.018482849867723e-07,0.7718691825866699,0.4841492176055908,0.0046026245690882,0.8442529439926147,0.4333666563034057,-0.0020812905859202,0.9002260565757751,0.3945807814598083,-0.0123782726004719,0.956357717514038,0.382043182849884,-0.0238467920571565,0.7611553072929382,0.3075555562973022,-0.0108234249055385,0.7502343654632568,0.3277486562728882,-0.0166915860027074,0.7452720403671265,0.368479311466217,-0.0331163890659809,0.7412468791007996,0.3944153189659118,-0.0474829189479351,0.6780703663825989,0.3067975640296936,-0.0239958465099334,0.6759265065193176,0.3355345726013183,-0.0141902649775147,0.6782609820365906,0.3693413138389587,-0.0217317566275596,0.6798226833343506,0.3937631547451019,-0.0379299074411392,0.6045454740524292,0.3245449662208557,-0.0337028056383132,0.6090098023414612,0.3489357233047485,-0.0320009253919124,0.618746280670166,0.3784059882164001,-0.0326259285211563,0.6213216185569763,0.4024569988250732,-0.040666215121746,0.5398271083831787,0.3465940654277801,-0.0431625805795192,0.5480155348777771,0.361966073513031,-0.0437718145549297,0.5605319142341614,0.3890700936317444,-0.0319327935576438,0.5650935769081116,0.4094413518905639,-0.0245767123997211,Pointing_Right
508971772433852_.pic_thumb.jpg,0.6270918846130371,0.3979198932647705,-5.611457822851662e-07,0.7383178472518921,0.3753626346588135,0.0011687884107232,0.8194000720977783,0.3312069177627563,-0.0070781409740448,0.8805078864097595,0.3003323078155517,-0.0190467033535242,0.9372393488883972,0.2909215092658996,-0.0326637029647827,0.7527457475662231,0.210970401763916,-0.0142854563891887,0.7374750375747681,0.2303408831357956,-0.0270911119878292,0.7333229780197144,0.26642906665802,-0.0472734272480011,0.7296013236045837,0.2904707491397857,-0.0636426880955696,0.6754137873649597,0.2106969207525253,-0.0282380748540163,0.6722022891044617,0.2384119182825088,-0.0268934704363346,0.6753188371658325,0.2706450521945953,-0.039026279002428,0.6751067638397217,0.2929417490959167,-0.0565723106265068,0.6063274145126343,0.2297145426273346,-0.0396957993507385,0.6097214221954346,0.2548085749149322,-0.0444201603531837,0.6196041703224182,0.2811023294925689,-0.0490257255733013,0.6222398281097412,0.2992802262306213,-0.0585251599550247,0.5480267405509949,0.2536599338054657,-0.0512151233851909,0.5560604929924011,0.2801283001899719,-0.0551562532782554,0.5671048164367676,0.3055479824542999,-0.0479664951562881,0.5708823204040527,0.3207276463508606,-0.0442559234797954,Pointing_Right
IMG_9551.JPG,0.727150559425354,0.8963297605514526,-3.5091227346129017e-07,0.653806746006012,0.863654375076294,0.0230947043746709,0.6129280924797058,0.7874274849891663,0.0362738966941833,0.6112017631530762,0.7203159332275391,0.0490319468080997,0.6417673826217651,0.6911939382553101,0.0600279048085212,0.6207315325737,0.7082658410072327,0.0023557196836918,0.6176406145095825,0.6000375747680664,0.0139195062220096,0.6168116331100464,0.5437173247337341,0.0214072819799184,0.6173385977745056,0.499140977859497,0.0250365026295185,0.666665256023407,0.6883421540260315,0.0027424599975347,0.6525805592536926,0.6511708498001099,0.0336402058601379,0.6476539969444275,0.6865758895874023,0.0555504895746707,0.6502435803413391,0.7199537754058838,0.0642039105296135,0.7087006568908691,0.6920920014381409,0.0066604535095393,0.6862891316413879,0.6769604086875916,0.0345812179148197,0.6843327283859253,0.7092878818511963,0.0438226386904716,0.688789427280426,0.740161120891571,0.0419202409684658,0.7434444427490234,0.700692892074585,0.0132627906277775,0.7217450141906738,0.6920555830001831,0.0376290380954742,0.7202871441841125,0.719906747341156,0.0479570925235748,0.7245403528213501,0.7488201856613159,0.0508559718728065,Pointing_Left
IMG_9759.JPG,0.9475566148757936,0.5557931065559387,-5.449179525385262e-07,0.8743958473205566,0.6503044366836548,-0.0221906267106533,0.8048025369644165,0.7208765745162964,-0.0539575107395648,0.7541239261627197,0.791986882686615,-0.0806188136339187,0.7415652275085449,0.8725488185882568,-0.1041077077388763,0.7745668292045593,0.5623005032539368,-0.0760791003704071,0.667465329170227,0.6244832873344421,-0.0832796096801757,0.703011691570282,0.6470224261283875,-0.0751661583781242,0.7408663034439087,0.6412354707717896,-0.0698407515883445,0.7719442248344421,0.4803252816200256,-0.0700965598225593,0.665417492389679,0.5626475214958191,-0.0723543465137481,0.6940228343009949,0.5902069807052612,-0.0608358792960643,0.7252509593963623,0.5815168023109436,-0.0589955933392047,0.7713314294815063,0.4227943420410156,-0.0597140192985534,0.6714373230934143,0.5062757730484009,-0.053596131503582,0.6980348825454712,0.5318357944488525,-0.0381184518337249,0.729459285736084,0.5240355134010315,-0.0362043641507625,0.771380603313446,0.3877458274364471,-0.0508717224001884,0.6966041326522827,0.4553430676460266,-0.0466099604964256,0.7163684368133545,0.4830173552036285,-0.0343759097158908,0.7425013780593872,0.4789780974388122,-0.0287156980484724,Pointing_Right
508731772433828_.pic_thumb.jpg,0.3709561228752136,0.8669809103012085,-5.817536816721258e-07,0.5750987529754639,0.7692437767982483,0.0090136472135782,0.688205361366272,0.6598713397979736,0.0079974848777055,0.7657812833786011,0.5772789716720581,0.0064426460303366,0.8333321809768677,0.5329329967498779,0.006118781864643,0.4966931045055389,0.4950716197490692,-0.0230426024645566,0.5511732697486877,0.5116090178489685,-0.0277805421501398,0.5680951476097107,0.5755715370178223,-0.0481399893760681,0.5545220375061035,0.6150678396224976,-0.0655880644917488,0.3517813086509704,0.512410581111908,-0.0352621413767337,0.4279638528823852,0.5288183689117432,-0.0083555867895483,0.4449316263198852,0.5798097252845764,-0.0099080624058842,0.4222714900970459,0.6145972609519958,-0.0314441286027431,0.2372063994407653,0.5584691762924194,-0.0418767742812633,0.3068680763244629,0.562411367893219,-0.0210548751056194,0.3297909796237945,0.6056553721427917,-0.0097925188019871,0.3178656697273254,0.6418328285217285,-0.019744312390685,0.1462270617485046,0.6102536916732788,-0.0476514808833599,0.2035597860813141,0.6097993850708008,-0.0318967029452323,0.2366158664226532,0.6474682688713074,-0.0058938604779541,0.2365733981132507,0.6812260746955872,0.0063939853571355,Pointing_Right
507991772433756_.pic.jpg,0.8684651851654053,0.640912652015686,-6.35446781416249e-07,0.778934895992279,0.5550948977470398,0.0264475662261247,0.6637073755264282,0.5227634906768799,0.0160341337323188,0.5611593127250671,0.5348454117774963,-0.006937684956938,0.4882504045963287,0.5665190815925598,-0.0361048318445682,0.5779187679290771,0.4532294869422912,0.0085743926465511,0.4046194851398468,0.4828762412071228,-0.0072912331670522,0.3039089143276214,0.4945456981658935,-0.0275864601135253,0.2288876175880432,0.4893028736114502,-0.0497580170631408,0.5677956342697144,0.4713244438171386,-0.026567144319415,0.4446618556976318,0.5804716348648071,-0.0326446592807769,0.5103579759597778,0.6144680976867676,-0.0369361229240894,0.569490909576416,0.604377269744873,-0.0476335808634758,0.5702794790267944,0.5173476934432983,-0.0594214908778667,0.4806973934173584,0.6343294978141785,-0.0566037595272064,0.5533401370048523,0.6540564894676208,-0.0500074252486228,0.6061262488365173,0.6305668950080872,-0.0579720921814441,0.5733311772346497,0.573672890663147,-0.0938564240932464,0.512577474117279,0.6632529497146606,-0.1049960851669311,0.5716603994369507,0.6802226901054382,-0.1007448360323906,0.6166732311248779,0.663008451461792,-0.0990146845579147,Pointing_Left
IMG_9570.JPG,0.8130819201469421,0.9203906655311584,-2.0982129456115217e-07,0.7537707090377808,0.8499834537506104,0.0112324086949229,0.7398676872253418,0.7646795511245728,0.0108740031719207,0.7592431902885437,0.6989583969116211,0.0093836653977632,0.7876644134521484,0.6706591844558716,0.0068805897608399,0.7364910244941711,0.7122567892074585,-0.0191178582608699,0.7466042637825012,0.5998320579528809,-0.0244762431830167,0.7577130198478699,0.5363109707832336,-0.0234082415699958,0.7676146030426025,0.4873721599578857,-0.0233052726835012,0.7835366725921631,0.709898054599762,-0.0255582500249147,0.8039402961730957,0.638208270072937,-0.0251076687127351,0.8024196028709412,0.672071635723114,-0.012791552580893,0.794836163520813,0.7104341983795166,-0.0048525910824537,0.8304927945137024,0.7245094776153564,-0.029120123013854,0.837722897529602,0.6701362133026123,-0.0246708616614341,0.8370886445045471,0.6979238986968994,-0.0098339337855577,0.832485556602478,0.7316303253173828,-0.0020371640566736,0.8704550862312317,0.7436827421188354,-0.0316016934812068,0.8666942119598389,0.6985298991203308,-0.0230154749006032,0.8643504977226257,0.7242844104766846,-0.0088991988450288,0.8624329566955566,0.7541568279266357,0.0003449620562605,Pointing_Left
IMG_9604.JPG,0.8958680629730225,0.8132017254829407,-3.267516319738206e-07,0.8051362633705139,0.769361138343811,0.0104455910623073,0.7542155385017395,0.6690848469734192,0.0187491457909345,0.7555928230285645,0.5812937021255493,0.0284582674503326,0.7938219904899597,0.5465580224990845,0.0373824536800384,0.7848780751228333,0.5850224494934082,-0.0087667806074023,0.7888355255126953,0.4569554924964905,-0.0002170563384424,0.7946940660476685,0.3928081393241882,0.0075532780028879,0.8013788461685181,0.34067502617836,0.0107397977262735,0.8415611386299133,0.5663894414901733,-0.0045022801496088,0.8190094232559204,0.5147091150283813,0.017051488161087,0.8086554408073425,0.5530310273170471,0.0366510227322578,0.8090335130691528,0.590652346611023,0.0454684533178806,0.8877242803573608,0.5709496140480042,0.0025264371652156,0.8520782589912415,0.5450208783149719,0.022635243833065,0.8475823998451233,0.5792279243469238,0.033071082085371,0.8513608574867249,0.6159562468528748,0.0338719636201858,0.9229971766471864,0.5812453031539917,0.0109070856124162,0.8886914253234863,0.5623902082443237,0.0291171465069055,0.8853697776794434,0.5911012291908264,0.0384969897568225,0.8890956044197083,0.6245211362838745,0.042258683592081,Pointing_Left
IMG_9568.JPG,0.7659204602241516,0.8607749938964844,-2.786679544897197e-07,0.7233179211616516,0.7699825167655945,0.0169943273067474,0.7246823310852051,0.6836081147193909,0.0186273325234651,0.7523537874221802,0.625146746635437,0.0184908919036388,0.7826061248779297,0.6036557555198669,0.016984362155199,0.7268999218940735,0.631194531917572,-0.0196327343583107,0.7577938437461853,0.5266994833946228,-0.0250613763928413,0.7789981961250305,0.4680747985839844,-0.0245424658060073,0.7956792712211609,0.4224618673324585,-0.0250119250267744,0.7721641063690186,0.6437061429023743,-0.0281535442918539,0.8084923028945923,0.583829402923584,-0.0233457628637552,0.8045039772987366,0.6169698238372803,-0.0096134329214692,0.7938065528869629,0.6469638347625732,-0.0031104842200875,0.8151054978370667,0.6719555258750916,-0.0329645350575447,0.8392170071601868,0.6232362985610962,-0.0245907232165336,0.8335510492324829,0.6503711342811584,-0.0072844787500798,0.822731614112854,0.6783698201179504,-4.260457353666425e-05,0.849969744682312,0.7018010020256042,-0.0362598188221454,0.8639158606529236,0.6551439166069031,-0.0240136310458183,0.8557685017585754,0.6799445152282715,-0.0067793200723826,0.8459670543670654,0.7071413397789001,0.0032444335520267,Pointing_Left
IMG_9872.JPG,0.8502911925315857,0.5697633624076843,1.383538830168618e-07,0.7971342206001282,0.534970223903656,-0.0443066917359828,0.7484171390533447,0.5182942152023315,-0.0791538059711456,0.7547856569290161,0.5382766127586365,-0.1099487841129303,0.7881004214286804,0.5715136528015137,-0.1374670416116714,0.7094395756721497,0.654823362827301,-0.0778929591178894,0.7046298384666443,0.7478691935539246,-0.1359821259975433,0.7112258672714233,0.8161210417747498,-0.1732402443885803,0.7151729464530945,0.8803848028182983,-0.1953003108501434,0.7523120641708374,0.7025614976882935,-0.0785204544663429,0.7775089144706726,0.6879879832267761,-0.1319586336612701,0.8013185858726501,0.6074621677398682,-0.1422013342380523,0.8087610006332397,0.5613840222358704,-0.1425360292196273,0.7980175614356995,0.7199809551239014,-0.0841692835092544,0.8297094106674194,0.6804456114768982,-0.1264478117227554,0.8388778567314148,0.6052465438842773,-0.1112138628959655,0.8333780765533447,0.5671703219413757,-0.093830719590187,0.8394774794578552,0.7200642824172974,-0.0957613214850425,0.864109992980957,0.6841379404067993,-0.1224545538425445,0.8681550621986389,0.6270381212234497,-0.1118938103318214,0.8594722151756287,0.5965912938117981,-0.0984172746539115,Pointing_Right
509101772433866_.pic.jpg,0.1896964013576507,0.7070447206497192,6.79487470733875e-08,0.3405871391296386,0.6479570269584656,-0.0519877783954143,0.4226510226726532,0.5712491869926453,-0.0678650215268135,0.4913143217563629,0.510643482208252,-0.0739778652787208,0.557466447353363,0.4764536023139953,-0.0736875161528587,0.229880154132843,0.4795096218585968,-0.0285853687673807,0.3485128283500671,0.4832562208175659,-0.0380600802600383,0.3921405375003814,0.5251326560974121,-0.0559771247208118,0.3947392404079437,0.5526397824287415,-0.0684008598327636,0.1580752581357956,0.4932675659656524,-0.005042330827564,0.2850044071674347,0.5058692097663879,-0.0032101441174745,0.3287598192691803,0.5389593839645386,-0.0200150776654481,0.3299689590930938,0.5653117895126343,-0.0408074110746383,0.1183801442384719,0.5233628153800964,0.0151163060218095,0.2239327728748321,0.5254783034324646,0.0125601915642619,0.2674210965633392,0.5508360862731934,0.0005676979781128,0.2729781568050384,0.578666090965271,-0.0126330647617578,0.0958092212677002,0.5512232184410095,0.0313786007463932,0.1680799126625061,0.5418478846549988,0.028742779046297,0.2029104828834533,0.5563285946846008,0.0285495854914188,0.2121316045522689,0.5786300897598267,0.0271712467074394,Pointing_Right
508921772433847_.pic_thumb.jpg,0.4922483563423157,0.7096198201179504,-5.37790526777826e-07,0.5962823033332825,0.6589356660842896,-0.0020198775455355,0.6595451831817627,0.5944852232933044,-0.0076950564980506,0.697281002998352,0.546704113483429,-0.014481590129435,0.7432030439376831,0.5280867218971252,-0.0222241673618555,0.5354231595993042,0.5096728205680847,-0.0270333364605903,0.5618703365325928,0.5346145033836365,-0.0447666011750698,0.5755884647369385,0.5726166367530823,-0.0673290863633155,0.572129487991333,0.5973378419876099,-0.0841206386685371,0.4579777717590332,0.5234873294830322,-0.0357579477131366,0.4930687546730041,0.5524876713752747,-0.038586638867855,0.5068053007125854,0.5851684212684631,-0.0481954701244831,0.5018008947372437,0.6068852543830872,-0.0635918378829956,0.3999672532081604,0.5515637397766113,-0.042006779462099,0.431204229593277,0.5734052658081055,-0.0477907434105873,0.4486989974975586,0.5995044112205505,-0.0476533807814121,0.4476355910301208,0.6194140911102295,-0.0536878891289234,0.3533331751823425,0.5809239745140076,-0.0484135970473289,0.3795621395111084,0.5942230224609375,-0.0555843636393547,0.3983439207077026,0.6175699234008789,-0.0480665192008018,0.4022170305252075,0.6355017423629761,-0.0434108562767505,Pointing_Right
508961772433851_.pic.jpg,0.6548337936401367,0.4379454255104065,-4.454309703305626e-07,0.765072762966156,0.4130327105522156,0.0107847861945629,0.8365424871444702,0.3737046718597412,0.0145505014806985,0.8933801054954529,0.3429822623729706,0.0164603944867849,0.946485161781311,0.3386824429035187,0.0171887949109077,0.7595363259315491,0.2594852447509765,0.0018351377220824,0.7637120485305786,0.2887220084667206,0.0166725758463144,0.7618534564971924,0.3242499828338623,0.0175564847886562,0.7531214356422424,0.3438563644886017,0.0142281958833336,0.679283082485199,0.2589508891105652,-0.0054206419736146,0.6960409879684448,0.2912699282169342,0.0258974973112344,0.697693407535553,0.3195329904556274,0.0260729417204856,0.6891028881072998,0.3375807404518127,0.0119094215333461,0.6135508418083191,0.2781714498996734,-0.0079433256760239,0.6309752464294434,0.3025133311748504,0.0137387346476316,0.6410506367683411,0.3263051807880401,0.0103850420564413,0.6382375955581665,0.3439135551452636,-0.0041279322467744,0.560420036315918,0.3002273440361023,-0.0091024199500679,0.57738196849823,0.3219596147537231,0.0049868393689394,0.5913822650909424,0.3447573781013489,0.0130358133465051,0.5948742032051086,0.3607889711856842,0.0134821003302931,Pointing_Right
IMG_9566.JPG,0.7971649765968323,0.85615074634552,-3.603470304369694e-07,0.7402535080909729,0.7774752378463745,0.0220450293272733,0.7302237749099731,0.6889695525169373,0.027695819735527,0.7479425072669983,0.6232707500457764,0.0309624001383781,0.7731607556343079,0.5954476594924927,0.0320536494255065,0.7353981137275696,0.6317358016967773,-0.0120260389521718,0.7483426332473755,0.5222555994987488,-0.0116678131744265,0.7607406973838806,0.461513340473175,-0.0070745931006968,0.7715262174606323,0.4149165749549866,-0.0048722457140684,0.7821986079216003,0.6319617033004761,-0.0196534674614667,0.7985829710960388,0.5673526525497437,-0.0084193497896194,0.794732928276062,0.5992191433906555,0.0079214666038751,0.7871950268745422,0.6322130560874939,0.015583798289299,0.8270533084869385,0.6523124575614929,-0.0229744426906108,0.8322976231575012,0.6025128960609436,-0.0082385744899511,0.8295073509216309,0.6306687593460083,0.0080216191709041,0.8241444826126099,0.6624987721443176,0.0132289947941899,0.8634403347969055,0.6773090958595276,-0.0242523867636919,0.8617078065872192,0.6348944306373596,-0.0080403573811054,0.8563613295555115,0.6603761315345764,0.0073079364374279,0.851835310459137,0.6893693208694458,0.0153117720037698,Pointing_Left
509401772433906_.pic.jpg,1.0526208877563477,0.876740574836731,-8.762258403294254e-07,0.9181117415428162,0.7708079218864441,0.0323636494576931,0.744987428188324,0.7216826677322388,0.011901925317943,0.5693948268890381,0.7384666204452515,-0.0248257666826248,0.4485151767730713,0.7722818851470947,-0.0678235292434692,0.6948040723800659,0.5705921649932861,-0.0048222923651337,0.4434475004673004,0.5930160880088806,-0.0302871782332658,0.3137106895446777,0.5998430252075195,-0.0556434541940689,0.2243616580963134,0.5826821327209473,-0.0809060409665107,0.6938095688819885,0.6027365326881409,-0.0524934977293014,0.4872640967369079,0.7288535237312317,-0.0554538816213607,0.5657958388328552,0.7745571136474609,-0.0503307208418846,0.64686518907547,0.7645313739776611,-0.0591285303235054,0.699970006942749,0.6710900068283081,-0.0984261110424995,0.5264930129051208,0.8058888912200928,-0.091189406812191,0.611186683177948,0.8358099460601807,-0.0697477310895919,0.6787111163139343,0.8063615560531616,-0.0718028768897056,0.6993697881698608,0.7501952052116394,-0.1467568725347519,0.5651691555976868,0.8460023403167725,-0.1505015641450882,0.630793571472168,0.8702142834663391,-0.1328207999467849,0.6937359571456909,0.8527907729148865,-0.122898057103157,Pointing_Left
IMG_9761.JPG,0.8617432713508606,0.5684106349945068,-4.78408594517532e-07,0.7888715267181396,0.6498905420303345,-0.0193048492074012,0.710263192653656,0.7070873975753784,-0.0467167235910892,0.6450728178024292,0.762996256351471,-0.0694963857531547,0.614889919757843,0.8318891525268555,-0.0893519967794418,0.7044539451599121,0.6077026724815369,-0.0749658867716789,0.595831036567688,0.5996484160423279,-0.0902447327971458,0.6261941194534302,0.6162717938423157,-0.0846407413482666,0.6663501858711243,0.6225306391716003,-0.0779966339468956,0.7144971489906311,0.5229238867759705,-0.0711938515305519,0.6013591289520264,0.5342366695404053,-0.0780770480632782,0.6244032382965088,0.5577843189239502,-0.0664576143026351,0.6563658118247986,0.5612595677375793,-0.0626114010810852,0.7216529846191406,0.4523075222969055,-0.0644100233912468,0.6116887927055359,0.4779633581638336,-0.0653052628040313,0.6376405954360962,0.5007073283195496,-0.0512552633881568,0.6714702248573303,0.5026557445526123,-0.0477388948202133,0.7255987524986267,0.3986284732818603,-0.0583525858819484,0.6398564577102661,0.4300634860992431,-0.0602590963244438,0.6617721915245056,0.4521539509296417,-0.0502703562378883,0.691838264465332,0.4530099332332611,-0.0451263152062892,Pointing_Right
508621772433817_.pic_thumb.jpg,0.4824612438678741,0.8191820383071899,-7.378763484666706e-07,0.6334940195083618,0.7384004592895508,0.0184683166444301,0.7165677547454834,0.6494503021240234,0.020702900364995,0.7779271006584167,0.5861316323280334,0.0163829382508993,0.8519320487976074,0.5646093487739563,0.0097926007583737,0.5630327463150024,0.5069491267204285,-0.0067746620625257,0.5988913178443909,0.5314435362815857,-0.0126152150332927,0.6079908609390259,0.5837505459785461,-0.0311666447669267,0.6006961464881897,0.6203211545944214,-0.0471133030951023,0.4439785480499267,0.5178123116493225,-0.0247098170220851,0.484057605266571,0.5525121092796326,-0.0069530154578387,0.4983053505420685,0.596971869468689,-0.0104835582897067,0.4937772154808044,0.6301392912864685,-0.0271152090281248,0.3490999341011047,0.555220365524292,-0.0379052385687828,0.381399929523468,0.5856998562812805,-0.0276444181799888,0.4047836065292358,0.6216906905174255,-0.0281935855746269,0.4073714017868042,0.6518598198890686,-0.0401140339672565,0.2703854441642761,0.599647581577301,-0.0497214682400226,0.3046486377716064,0.623775064945221,-0.04632169008255,0.3345107138156891,0.6583727598190308,-0.034960925579071,0.3457905054092407,0.6856610178947449,-0.0291796252131462,Pointing_Right
IMG_9629.JPG,0.6692940592765808,0.8074179887771606,2.758831953997287e-07,0.7074757218360901,0.7520852088928223,-0.0184377841651439,0.7231060266494751,0.6878178715705872,-0.0456371419131755,0.728610098361969,0.6333586573600769,-0.0755129233002662,0.7045542597770691,0.625458836555481,-0.1051914691925048,0.6524863243103027,0.6093453168869019,-0.0420085527002811,0.6581751108169556,0.5368909239768982,-0.0800911337137222,0.6629393696784973,0.481844961643219,-0.1023563668131828,0.6619889736175537,0.4398037195205688,-0.1169867068529129,0.6193705797195435,0.6311538815498352,-0.0547348149120807,0.6727141737937927,0.605549156665802,-0.100102923810482,0.6920031309127808,0.6698647141456604,-0.10294209420681,0.6820232272148132,0.6919389963150024,-0.0970929041504859,0.5999787449836731,0.6656925678253174,-0.0701799839735031,0.6582359075546265,0.6500084400177002,-0.114006832242012,0.6760666370391846,0.704511821269989,-0.1011176481842994,0.6618273854255676,0.7210417985916138,-0.0847245156764984,0.5881221890449524,0.7045585513114929,-0.0876748338341713,0.642026424407959,0.7009044885635376,-0.1165874153375625,0.6589690446853638,0.7338044047355652,-0.1076440662145614,0.6463844776153564,0.7466262578964233,-0.0962579771876335,Pointing_Left
IMG_9792.JPG,0.8227589130401611,0.5299170613288879,-6.298864718701225e-07,0.8182530403137207,0.609653890132904,-0.0268619693815708,0.8009849786758423,0.683694064617157,-0.0650204345583915,0.782562255859375,0.7549607157707214,-0.0964740887284278,0.7755523920059204,0.8313036561012268,-0.1248753443360328,0.8675105571746826,0.6036686897277832,-0.1388396173715591,0.7451725602149963,0.6124316453933716,-0.1792579293251037,0.7672839164733887,0.6188733577728271,-0.1788133382797241,0.8026911020278931,0.608073353767395,-0.1708287298679351,0.8724386692047119,0.5148228406906128,-0.1392525434494018,0.7275188565254211,0.5494536757469177,-0.1780389845371246,0.7558772563934326,0.5658945441246033,-0.1575843244791031,0.7947906255722046,0.553733766078949,-0.1412134319543838,0.8552301526069641,0.4436428546905517,-0.1354588717222213,0.7227396965026855,0.4855467677116394,-0.1620426625013351,0.7547625303268433,0.5036071538925171,-0.1240094676613807,0.7916611433029175,0.4920641779899597,-0.0970473140478134,0.8291433453559875,0.3901113271713257,-0.132547527551651,0.7369796633720398,0.4310915768146515,-0.1396265178918838,0.7575703859329224,0.4459804892539978,-0.1110559180378913,0.788185715675354,0.4358180463314056,-0.0933567956089973,Pointing_Right
508821772433837_.pic_thumb.jpg,0.3678228259086609,0.8874249458312988,-5.215501914790366e-07,0.5449036955833435,0.7896735668182373,0.0034037188161164,0.6414496302604675,0.6765744686126709,-0.0016334315296262,0.7030810713768005,0.5833449959754944,-0.0095301466062664,0.7806550860404968,0.5452899932861328,-0.016368331387639,0.4740564227104187,0.5351028442382812,-0.014888072386384,0.5383816957473755,0.5408647656440735,-0.0188113320618867,0.5451237559318542,0.6064832210540771,-0.0331156849861145,0.5238305330276489,0.6468086242675781,-0.0470487773418426,0.3460230827331543,0.5523440837860107,-0.0274545680731534,0.423072338104248,0.56699538230896,-0.0082825440913438,0.4402869343757629,0.6189659237861633,-0.012202525511384,0.4190237522125244,0.6517763733863831,-0.0323798097670078,0.2465150952339172,0.598625123500824,-0.0362680479884147,0.3152689933776855,0.6096441149711609,-0.0278621893376112,0.3361726701259613,0.6520847082138062,-0.0235115699470043,0.3170418739318847,0.6837305426597595,-0.0343712754547596,0.1679513156414032,0.6483224630355835,-0.0443191677331924,0.2284147441387176,0.6519285440444946,-0.0405218601226806,0.2557534873485565,0.689446747303009,-0.0232930891215801,0.2514896988868713,0.718242883682251,-0.0151764983311295,Pointing_Right
508811772433836_.pic.jpg,0.5208705067634583,0.9160327911376952,-6.531632266160159e-07,0.7223508358001709,0.8049105405807495,0.0211182218044996,0.8294264078140259,0.6765106916427612,0.0213652718812227,0.9219175577163696,0.568213939666748,0.0194274298846721,1.018038272857666,0.5306607484817505,0.0187630951404571,0.6474597454071045,0.5290382504463196,-0.0254102181643247,0.6957048773765564,0.4971767961978912,-0.0161064080893993,0.7015216946601868,0.5640963912010193,-0.0135447168722748,0.6824607849121094,0.614008367061615,-0.0145036047324538,0.5020461082458496,0.5392307043075562,-0.0365110002458095,0.5759937763214111,0.5232018232345581,0.0011611026711761,0.59434974193573,0.5786846280097961,0.0154201332479715,0.5788754820823669,0.6247577667236328,0.0052241943776607,0.3889213502407074,0.579417884349823,-0.0390861667692661,0.4553624391555786,0.5708080530166626,-0.0027316287159919,0.4826880693435669,0.6161644458770752,0.0159618984907865,0.4712957739830017,0.662320613861084,0.0080055743455886,0.3014801740646362,0.6261423230171204,-0.0397895500063896,0.357569009065628,0.623094379901886,-0.0092629184946417,0.3908126950263977,0.6618117690086365,0.0189444962888956,0.3937570452690124,0.6997812986373901,0.0309754032641649,Pointing_Right
508131772433769_.pic_thumb.jpg,0.9546601176261902,0.7159408330917358,-2.9518827204810805e-07,0.8590890169143677,0.6414793729782104,0.0222562085837125,0.7416757941246033,0.6145511269569397,0.0071243704296648,0.638759970664978,0.6370256543159485,-0.0209142658859491,0.5687479972839355,0.6758119463920593,-0.0570089630782604,0.6626890301704407,0.5414567589759827,0.004244309850037,0.4985631108283996,0.5687786340713501,-0.0158221218734979,0.397145539522171,0.5775802135467529,-0.0386614166200161,0.3258090913295746,0.5717324614524841,-0.0613388642668724,0.6555337905883789,0.5630128383636475,-0.0289295185357332,0.531710147857666,0.6693031191825867,-0.0408894307911396,0.5943535566329956,0.7013536095619202,-0.0462102852761745,0.6512198448181152,0.6943557858467102,-0.0545848198235034,0.66498863697052,0.6121348142623901,-0.0602353326976299,0.5778578519821167,0.726080596446991,-0.0654325112700462,0.6468426585197449,0.7459758520126343,-0.0605753473937511,0.6977599263191223,0.7275355458259583,-0.0650813803076744,0.6772504448890686,0.6714959740638733,-0.0924574807286262,0.6226310729980469,0.7552084922790527,-0.1066847518086433,0.6775891184806824,0.769711971282959,-0.1021521836519241,0.72482830286026,0.7566733360290527,-0.0979898497462272,Pointing_Left
IMG_9595.JPG,0.7453614473342896,1.052926540374756,-6.368717322402517e-07,0.6368834376335144,0.967945635318756,0.0693376213312149,0.5979008674621582,0.8576260209083557,0.0977004766464233,0.5957014560699463,0.7583560943603516,0.1187888458371162,0.627454936504364,0.7047946453094482,0.1366149485111236,0.5946215987205505,0.7603676319122314,0.0218431781977415,0.6058404445648193,0.5745656490325928,0.0321439877152442,0.6158918142318726,0.4780711531639099,0.038200307637453,0.6246541142463684,0.4016389846801758,0.0429469905793666,0.665566623210907,0.7445957064628601,0.0097980136051774,0.6636050343513489,0.640021562576294,0.0571909137070179,0.6604191660881042,0.6921842098236084,0.098361387848854,0.6560320258140564,0.7469767332077026,0.1182968989014625,0.7380098104476929,0.7570264339447021,0.006443150807172,0.7124637365341187,0.68186354637146,0.0618098601698875,0.7102869153022766,0.7301244735717773,0.098224401473999,0.7145944237709045,0.7825374603271484,0.1094603911042213,0.7991533279418945,0.7774588465690613,0.0094227474182844,0.7655718326568604,0.7258738279342651,0.0661013573408126,0.7565721273422241,0.7618634104728699,0.1041601374745369,0.7607452869415283,0.804443895816803,0.1239715442061424,Pointing_Left
508471772433802_.pic_thumb.jpg,1.03207266330719,0.8854606747627258,-1.067477569449693e-06,0.8923507928848267,0.7782732844352722,-0.0077986866235733,0.6983769536018372,0.7191482186317444,-0.0471413135528564,0.5196835994720459,0.7363084554672241,-0.0923773795366287,0.4024492502212524,0.7764197587966919,-0.1426293700933456,0.6079291105270386,0.5615699887275696,-0.0751471742987632,0.3388985097408294,0.5717955827713013,-0.1251589804887771,0.1813864111900329,0.5910298228263855,-0.1700641065835952,0.0587642192840576,0.587990403175354,-0.2100646495819091,0.6196496486663818,0.5972968935966492,-0.1089705303311348,0.3977729678153991,0.7567621469497681,-0.1283849328756332,0.4954688549041748,0.816691517829895,-0.1332086026668548,0.5876010656356812,0.8013372421264648,-0.1531417965888977,0.6385930180549622,0.6823260188102722,-0.1415298730134964,0.4562764763832092,0.8567830324172974,-0.1499398499727249,0.5602664947509766,0.8937674760818481,-0.1340244561433792,0.6391763687133789,0.8596183061599731,-0.1425588577985763,0.6506402492523193,0.7840726375579834,-0.1789499074220657,0.5110672116279602,0.9132789373397828,-0.2005303502082824,0.5854485034942627,0.9404475092887878,-0.1860845685005188,0.6514062881469727,0.9230630397796632,-0.1787569969892501,Pointing_Left
508511772433806_.pic.jpg,0.8411940336227417,0.8052780628204346,-7.429101742673083e-07,0.7116421461105347,0.666191816329956,0.0381830483675003,0.5442259311676025,0.6117312908172607,0.020174941048026,0.3978844881057739,0.6404803991317749,-0.0135841323062777,0.2953868508338928,0.7003451585769653,-0.0571523904800415,0.4322319328784942,0.5301234126091003,-0.011588342487812,0.1736164093017578,0.574625551700592,-0.0423137210309505,0.0197377800941467,0.6051611304283142,-0.0778292417526245,-0.091755211353302,0.6120084524154663,-0.1116664931178093,0.4098127484321594,0.5762755274772644,-0.0621163770556449,0.2312178015708923,0.7188680768013,-0.0691919326782226,0.3205599188804626,0.7620863318443298,-0.0772457346320152,0.4040037393569946,0.7439658641815186,-0.0968353077769279,0.4114847779273987,0.655616044998169,-0.1073410212993621,0.2788312435150146,0.8041293621063232,-0.1003373488783836,0.3780185282230377,0.8258563280105591,-0.0905400738120079,0.4501069188117981,0.7885587215423584,-0.1038206666707992,0.4184331595897674,0.7461006045341492,-0.1540348082780838,0.3327137231826782,0.8607523441314697,-0.1654042303562164,0.4141988158226013,0.8782861232757568,-0.1532563418149948,0.4768190085887909,0.8515094518661499,-0.1481255292892456,Pointing_Left
508911772433846_.pic_thumb.jpg,0.602170467376709,0.6471514701843262,-5.495533628163685e-07,0.6943802237510681,0.6040480136871338,0.0005803070380352,0.7524998784065247,0.5493780970573425,-0.0060637518763542,0.7880056500434875,0.5059237480163574,-0.0148640619590878,0.8294172883033752,0.4880160689353943,-0.0252432245761156,0.6511901617050171,0.4678702652454376,-0.0244570821523666,0.6591079235076904,0.4820127785205841,-0.0357625745236873,0.664834201335907,0.5125933289527893,-0.0511702932417392,0.6636506915092468,0.5340631604194641,-0.0631809383630752,0.5803094506263733,0.476655900478363,-0.033894695341587,0.588070809841156,0.4985145628452301,-0.0306406039744615,0.5973340272903442,0.5234435796737671,-0.0344879105687141,0.6001168489456177,0.5436367392539978,-0.045595146715641,0.5231151580810547,0.4986320734024048,-0.0402650013566017,0.5317414999008179,0.5165899395942688,-0.0395139977335929,0.5442489385604858,0.5375081300735474,-0.035920113325119,0.5492621064186096,0.5577070116996765,-0.0400739572942256,0.4747953414916992,0.5228082537651062,-0.0469509065151214,0.4817653298377991,0.5383466482162476,-0.0478723980486393,0.4964017868041992,0.5600059628486633,-0.0374399460852146,0.5040385723114014,0.5780515670776367,-0.0307492278516292,Pointing_Right
508491772433804_.pic_thumb.jpg,1.0406489372253418,0.8410695791244507,-1.490979002483073e-06,0.8684021234512329,0.7497626543045044,0.0252954680472612,0.6830503344535828,0.6862255334854126,0.0087851900607347,0.5035972595214844,0.6792944669723511,-0.0211400669068098,0.370398610830307,0.6979467868804932,-0.0577564649283885,0.6023925542831421,0.5462652444839478,-0.0186751037836074,0.3530301451683044,0.5645242929458618,-0.0552492700517177,0.2083132266998291,0.5826601982116699,-0.0886039137840271,0.1017093062400817,0.5826603174209595,-0.1188632249832153,0.6092439293861389,0.569732129573822,-0.0632943138480186,0.4104189276695251,0.7332059144973755,-0.0918798223137855,0.4897829890251159,0.7985767126083374,-0.1015993505716323,0.5654699206352234,0.7957236766815186,-0.117090418934822,0.6304340958595276,0.6384214162826538,-0.1048571765422821,0.4721860289573669,0.8131759166717529,-0.1240362972021102,0.5641046762466431,0.8584609627723694,-0.1138193532824516,0.6350594758987427,0.8345296382904053,-0.1194517686963081,0.6488618850708008,0.7258497476577759,-0.1477185189723968,0.523740291595459,0.8577959537506104,-0.1742673814296722,0.5883387327194214,0.8939717411994934,-0.1663145422935485,0.649524450302124,0.8808159828186035,-0.1609558165073394,Pointing_Left
508531772433808_.pic.jpg,0.8771626353263855,0.9366914629936218,-9.156477176475164e-07,0.78121018409729,0.8047815561294556,0.0317761190235614,0.6303210854530334,0.7304718494415283,0.0176885388791561,0.4842537641525268,0.7176133394241333,-0.009936680085957,0.3775571584701538,0.7371876239776611,-0.043797705322504,0.5354957580566406,0.6478437781333923,-0.0094513585790991,0.3257471024990082,0.6598610877990723,-0.0335159003734588,0.1964087784290313,0.67299884557724,-0.0614467598497867,0.0999092459678649,0.6697396039962769,-0.0917562097311019,0.5147590637207031,0.6804265975952148,-0.0558953210711479,0.3362163007259369,0.8076351881027222,-0.0663679838180542,0.411888837814331,0.8564518094062805,-0.0734506472945213,0.4883840084075928,0.8491389751434326,-0.0921714603900909,0.5113398432731628,0.7510039806365967,-0.0982264727354049,0.3738364577293396,0.8883416056632996,-0.098839446902275,0.4582783281803131,0.9199278354644777,-0.0862900465726852,0.5253855586051941,0.8940200805664062,-0.0964586958289146,0.5136014819145203,0.8343775868415833,-0.1421091258525848,0.418290913105011,0.9419324398040771,-0.1625199317932129,0.4832049310207367,0.9680384993553162,-0.1558604091405868,0.5365147590637207,0.9507346153259276,-0.1541696935892105,Pointing_Left
509301772433892_.pic_thumb.jpg,0.351780891418457,0.9006049633026123,-3.1011828127702756e-07,0.5268263220787048,0.8188698291778564,-0.0130202937871217,0.627600908279419,0.7221553325653076,-0.0260509625077247,0.6900358200073242,0.6445746421813965,-0.0374775305390358,0.7620910406112671,0.6143807172775269,-0.0459515005350112,0.4622355699539184,0.5981066823005676,-0.0281085539609193,0.5417100191116333,0.6105470657348633,-0.0450910218060016,0.5447335839271545,0.6708481907844543,-0.0685417652130127,0.5141204595565796,0.706047534942627,-0.0870445221662521,0.3473783731460571,0.6081006526947021,-0.0326505526900291,0.4386545419692993,0.6185432076454163,-0.0330392345786094,0.4491448700428009,0.6670132279396057,-0.0448655672371387,0.4167612493038177,0.6971063613891602,-0.0644117593765258,0.2609753608703613,0.6424655914306641,-0.0355964861810207,0.3378297388553619,0.6425966620445251,-0.0375503562390804,0.3533968031406402,0.6821666359901428,-0.0332413353025913,0.3296920657157898,0.7119985818862915,-0.0391306765377521,0.1941329538822174,0.6812913417816162,-0.0393276810646057,0.2583904564380646,0.6761086583137512,-0.0419652685523033,0.2784175872802734,0.7111763954162598,-0.0272763054817914,0.2671191096305847,0.7383065223693848,-0.0181371457874774,Pointing_Right
IMG_9619.JPG,0.921576201915741,0.8275550603866577,-5.394596769292548e-07,0.8451095819473267,0.768359363079071,0.0174694452434778,0.8082823157310486,0.6748818159103394,0.0282125789672136,0.8084015250205994,0.5988000631332397,0.0406229384243488,0.8405933380126953,0.5770755410194397,0.0520054213702678,0.8488333821296692,0.5989904403686523,-0.0133307110518217,0.8460079431533813,0.4792206287384033,-0.0103554353117942,0.8444367051124573,0.418517529964447,-0.0078841177746653,0.8457878232002258,0.3697428405284881,-0.0076335989870131,0.9025357365608216,0.591468095779419,-0.0097323348745703,0.8810139894485474,0.5257834792137146,0.0145232304930686,0.8685847520828247,0.5618963837623596,0.0384280644357204,0.8653668761253357,0.5987560153007507,0.0488980785012245,0.94754558801651,0.6066796779632568,-0.0026458650827407,0.9158229231834412,0.556456983089447,0.0212184153497219,0.907239317893982,0.5868268013000488,0.037276417016983,0.9074745774269104,0.6232780814170837,0.0408265702426433,0.9802111387252808,0.6277920007705688,0.0064526405185461,0.9541852474212646,0.5893766283988953,0.0256821122020483,0.9432804584503174,0.613308846950531,0.0375105924904346,0.9409191012382508,0.6479047536849976,0.0424572005867958,Pointing_Left
508481772433803_.pic_thumb.jpg,0.9042752385139464,0.8984774351119995,-1.0553181937211775e-06,0.7982800006866455,0.7829764485359192,0.0092645781114697,0.6339885592460632,0.7120303511619568,-0.0066473144106566,0.4726819396018982,0.6958723664283752,-0.0299389213323593,0.3634348511695862,0.7080530524253845,-0.0574482381343841,0.5443618297576904,0.6057381629943848,-0.0250013843178749,0.3269079923629761,0.6173220872879028,-0.0534436553716659,0.2023647427558899,0.6256211996078491,-0.0814775750041008,0.1104100346565246,0.6198933720588684,-0.1093107908964157,0.5427048802375793,0.6382327079772949,-0.0555837079882621,0.3423607647418976,0.7661842107772827,-0.0695297122001648,0.4121771454811096,0.8130933046340942,-0.0735535323619842,0.4838921427726745,0.8009781837463379,-0.0887432098388671,0.5518210530281067,0.7046293020248413,-0.084293819963932,0.3852784335613251,0.8382871747016907,-0.0904825404286384,0.4662905931472778,0.8675472736358643,-0.078107476234436,0.5315997004508972,0.8419171571731567,-0.085364893078804,0.5610789060592651,0.785009503364563,-0.1160282269120216,0.4385088682174682,0.8838673830032349,-0.1383716166019439,0.5000107288360596,0.9077054262161256,-0.1321680545806884,0.555464506149292,0.8918060064315796,-0.1290699243545532,Pointing_Left
507931772433750_.pic.jpg,0.9741382002830504,0.6865487694740295,-6.715131348755676e-07,0.8725488185882568,0.6036535501480103,0.0209481213241815,0.7422798275947571,0.5704374313354492,0.0083947330713272,0.6213327050209045,0.579563558101654,-0.015373233705759,0.5412998199462891,0.6021445393562317,-0.0432703383266925,0.6508491635322571,0.4833015203475952,0.0019522868096828,0.4720009565353393,0.5073574185371399,-0.0115125561133027,0.3766409456729889,0.5146414637565613,-0.0293899234384298,0.3076068460941314,0.5037595629692078,-0.0503285676240921,0.6516667604446411,0.5046581029891968,-0.0304694771766662,0.5252173542976379,0.6176697015762329,-0.0330579914152622,0.5940995216369629,0.6474743485450745,-0.0345160253345966,0.6516542434692383,0.6299605369567871,-0.0461039394140243,0.6644347906112671,0.5527719259262085,-0.0611226335167884,0.5657519102096558,0.6723573803901672,-0.0558890104293823,0.6400586366653442,0.6885193586349487,-0.0466470010578632,0.6914729475975037,0.6604359745979309,-0.0552989691495895,0.677554190158844,0.6096404194831848,-0.0938839167356491,0.6060428619384766,0.6987512111663818,-0.1021367609500885,0.6686549782752991,0.7104073166847229,-0.0963946506381034,0.718579888343811,0.690374493598938,-0.095228411257267,Pointing_Left
508371772433792_.pic.jpg,1.0171083211898804,0.8337709903717041,-1.1244294455536874e-06,0.9016643166542052,0.6993848085403442,0.0407243929803371,0.7298895716667175,0.6351640820503235,0.0274897292256355,0.5675530433654785,0.6427141427993774,-0.0009270804584957,0.4546234011650085,0.6838001012802124,-0.0377332232892513,0.6403754949569702,0.5369247198104858,-0.0252300892025232,0.3859021663665771,0.5549344420433044,-0.0490014366805553,0.2444250583648681,0.5772573351860046,-0.0728570073843002,0.1370382308959961,0.5783705711364746,-0.0980624556541442,0.6258308291435242,0.5857107639312744,-0.0736244916915893,0.4417887032032013,0.715442419052124,-0.0815935134887695,0.525243878364563,0.7624115943908691,-0.0816916823387146,0.6046739816665649,0.7497859001159668,-0.0960770845413208,0.6249310970306396,0.6676058769226074,-0.1147509291768074,0.491135835647583,0.8076658248901367,-0.1098400652408599,0.5818628072738647,0.8326917886734009,-0.0952137485146522,0.6502135396003723,0.7991573214530945,-0.1048145964741706,0.6230149269104004,0.7558605670928955,-0.1561033576726913,0.5381995439529419,0.8636385798454285,-0.1656782627105713,0.6071407198905945,0.8852933645248413,-0.1519279181957245,0.6609346866607666,0.8643693923950195,-0.1464406698942184,Pointing_Left
IMG_9713.JPG,0.6612539887428284,0.7298938632011414,-3.061193751818792e-07,0.6932312846183777,0.651639461517334,-0.0310900043696165,0.6944481730461121,0.5610330104827881,-0.0498490147292614,0.6916802525520325,0.4914156496524811,-0.0636768788099289,0.6945397853851318,0.4267781674861908,-0.0741980224847793,0.5955004096031189,0.5651032328605652,-0.0641105696558952,0.6647164225578308,0.6004101037979126,-0.0955948606133461,0.6905338764190674,0.6321205496788025,-0.1096233651041984,0.6768485903739929,0.6361938118934631,-0.1187197715044021,0.5678308010101318,0.6219573616981506,-0.0639837011694908,0.6575040221214294,0.658293604850769,-0.0916974768042564,0.682434618473053,0.6788455843925476,-0.0972230434417724,0.6677629947662354,0.6753326654434204,-0.1042224615812301,0.5606444478034973,0.6809320449829102,-0.0652669966220855,0.6439228653907776,0.7084299921989441,-0.093454971909523,0.6690850853919983,0.7199940085411072,-0.0885846987366676,0.6568648815155029,0.7118456363677979,-0.0861003473401069,0.5608980655670166,0.7368748188018799,-0.0692681223154068,0.6262263059616089,0.7514990568161011,-0.0908919349312782,0.6537570357322693,0.751325249671936,-0.0893003344535827,0.6522886157035828,0.7439460754394531,-0.0872732996940612,Pointing_Left
508511772433806_.pic_thumb.jpg,0.8398267030715942,0.822344958782196,-7.751496013952419e-07,0.7326573729515076,0.6759766340255737,0.0331009067595005,0.5679638981819153,0.6131342053413391,0.0180087462067604,0.4310449957847595,0.63411545753479,-0.0118328398093581,0.3291144967079162,0.6921645402908325,-0.0500466935336589,0.4338059723377228,0.5347048044204712,-0.0114378696307539,0.1713637411594391,0.568988025188446,-0.0469243302941322,0.0095146894454956,0.5912875533103943,-0.0888441279530525,-0.1080020666122436,0.5915417075157166,-0.1274118274450302,0.4060474336147308,0.5754407048225403,-0.0596954114735126,0.2286533415317535,0.7155392169952393,-0.0679816529154777,0.3134185671806335,0.7588284015655518,-0.079205185174942,0.3993130028247833,0.7405692338943481,-0.1017320081591606,0.4042678773403168,0.6503819823265076,-0.1035017818212509,0.2751431465148926,0.7992233633995056,-0.0964874178171157,0.3725445866584778,0.8211133480072021,-0.0848291665315628,0.4480747580528259,0.7831629514694214,-0.097027987241745,0.4123077094554901,0.735876202583313,-0.150444820523262,0.329896867275238,0.8534418344497681,-0.1633652299642563,0.4097288250923157,0.8721585869789124,-0.1498533487319946,0.4731394946575165,0.8457164764404297,-0.1429190784692764,Pointing_Left
508651772433820_.pic.jpg,0.5305154323577881,0.9210277795791626,-7.680179692215461e-07,0.7054539918899536,0.8347334265708923,0.0886932760477066,0.780890703201294,0.7344868779182434,0.1409756541252136,0.8492819666862488,0.648637056350708,0.1807281374931335,0.9242132902145386,0.6260821223258972,0.2187514752149582,0.6760648488998413,0.5552075505256653,0.1136589422821998,0.6979251503944397,0.5645871758460999,0.1857209354639053,0.6998435854911804,0.6368646025657654,0.2127626687288284,0.6924599409103394,0.6872351169586182,0.2246210873126983,0.5434623956680298,0.5566743612289429,0.0892983749508857,0.5809804201126099,0.5821706652641296,0.193540409207344,0.592299222946167,0.6436751484870911,0.2139603048563003,0.591829776763916,0.6879196763038635,0.2037892192602157,0.4278139770030975,0.5930052995681763,0.0767359882593154,0.4645682275295257,0.6113009452819824,0.1619250625371933,0.489133208990097,0.664015531539917,0.1664609611034393,0.4901089966297149,0.7065098285675049,0.1450729221105575,0.3288433849811554,0.6379907131195068,0.0722516626119613,0.3620354533195495,0.6500518321990967,0.1346163749694824,0.3945619761943817,0.6950311660766602,0.1629875004291534,0.4018267393112182,0.7359352111816406,0.1737368106842041,Pointing_Right
IMG_9578.JPG,0.9267062544822692,0.8239649534225464,-4.650930236493878e-07,0.8493355512619019,0.792277455329895,0.0241571124643087,0.804631769657135,0.7263049483299255,0.0454344488680362,0.7956383228302002,0.6683558225631714,0.0723720341920852,0.8114495277404785,0.6366696953773499,0.0994492620229721,0.831703782081604,0.6318103671073914,0.0065632928162813,0.8186148405075073,0.5432558059692383,0.0270722918212413,0.808796763420105,0.4965586066246032,0.0331688933074474,0.8026887774467468,0.4575947523117065,0.0354521721601486,0.8746676445007324,0.6238967180252075,0.0218992829322814,0.8476018905639648,0.5971687436103821,0.0780266150832176,0.8386311531066895,0.6385995149612427,0.1089221239089965,0.8401985764503479,0.6702694296836853,0.1181526556611061,0.9086197018623352,0.6332851648330688,0.0412572100758552,0.8755202293395996,0.6157421469688416,0.0937428846955299,0.8681621551513672,0.6542879343032837,0.1024454906582832,0.8737913966178894,0.6836121082305908,0.0937691554427146,0.9355714917182922,0.6393430829048157,0.064083345234394,0.908882975578308,0.6278947591781616,0.1048723608255386,0.8973584771156311,0.6556495428085327,0.1138391196727752,0.8973768353462219,0.6811749339103699,0.111351765692234,Pointing_Left
508551772433810_.pic_thumb.jpg,0.9019386768341064,0.7859395146369934,-7.139375952647242e-07,0.773353099822998,0.6569830179214478,0.0239807832986116,0.6012975573539734,0.6088999509811401,0.0053018452599644,0.4549246430397033,0.6397345662117004,-0.0259398464113473,0.3554888367652893,0.7009851932525635,-0.0644726082682609,0.4903554320335388,0.5265373587608337,-0.0130595155060291,0.2484754621982574,0.5689550638198853,-0.0461640805006027,0.10177943110466,0.598318338394165,-0.0824260786175727,-0.0052791833877563,0.6043084859848022,-0.1174130961298942,0.4783510267734527,0.5616398453712463,-0.0583313480019569,0.3008509874343872,0.7061672210693359,-0.0708098262548446,0.3909513652324676,0.7485229969024658,-0.081283263862133,0.4705082774162292,0.7295160889625549,-0.1014781817793846,0.4856327772140503,0.631401538848877,-0.1008641347289085,0.3516615629196167,0.7883240580558777,-0.1027715876698494,0.4545668363571167,0.8099395632743835,-0.0953492447733879,0.5242602825164795,0.7717430591583252,-0.1080494597554206,0.4989022612571716,0.7147840857505798,-0.1462008506059646,0.4061568081378937,0.8359242081642151,-0.1655319184064865,0.487276554107666,0.8533272743225098,-0.1570281088352203,0.5483338832855225,0.8261078596115112,-0.1536410599946975,Pointing_Left
IMG_9676.JPG,0.7382781505584717,0.9172755479812622,3.990027153122355e-07,0.8007333278656006,0.8102411031723022,0.0127474479377269,0.8151178956031799,0.716705858707428,-4.1036048060050234e-05,0.830746591091156,0.6558762192726135,-0.0226615257561206,0.8422985672950745,0.6056220531463623,-0.04380664229393,0.7192341685295105,0.6354003548622131,-0.0054155574180185,0.7284097671508789,0.5408592224121094,-0.0317811705172061,0.7452055215835571,0.4771049618721008,-0.0493010468780994,0.7517383694648743,0.4263991713523865,-0.0619286559522151,0.7072240710258484,0.657562792301178,-0.0329517312347888,0.7812423706054688,0.5609105825424194,-0.0699279904365539,0.831406831741333,0.6065281629562378,-0.0792565122246742,0.8463329672813416,0.6550019383430481,-0.0775935724377632,0.7167503833770752,0.6979357600212097,-0.0603308230638504,0.8050256967544556,0.6209434270858765,-0.089136965572834,0.844018280506134,0.6702128648757935,-0.0784121602773666,0.8421255350112915,0.7140957117080688,-0.0641190707683563,0.7389605045318604,0.7449062466621399,-0.0880113020539283,0.8203074932098389,0.7125418186187744,-0.1003799885511398,0.8492968082427979,0.7400346398353577,-0.089576855301857,0.8473053574562073,0.7665548324584961,-0.0786677449941635,Pointing_Left
508691772433824_.pic.jpg,0.3549982905387878,0.9730271697044371,-5.034253831581736e-07,0.5503051280975342,0.8859551548957825,0.0363324284553527,0.6466278433799744,0.7747748494148254,0.0491577014327049,0.7210015058517456,0.6862930059432983,0.0563164390623569,0.798890233039856,0.6588033437728882,0.0641136839985847,0.5176394581794739,0.6160170435905457,0.0080244475975632,0.5545439124107361,0.5785686373710632,0.0343953967094421,0.5735276937484741,0.6376953125,0.0489649474620819,0.5700890421867371,0.6899887919425964,0.0553745366632938,0.3925736546516418,0.6198606491088867,-0.0081211617216467,0.4430646896362304,0.6052728891372681,0.0412775948643684,0.4660398364067077,0.6559358835220337,0.0589367672801017,0.4604322612285614,0.7015717029571533,0.0520228594541549,0.2853938341140747,0.6553058624267578,-0.015478023327887,0.3383258879184723,0.6435691118240356,0.0253364201635122,0.3663312792778015,0.6873615384101868,0.0415811277925968,0.3617554306983948,0.7315393090248108,0.0334977842867374,0.1985730826854705,0.700707197189331,-0.0191098041832447,0.2437450289726257,0.6847397089004517,0.012131217867136,0.2751593291759491,0.7185625433921814,0.0406511761248111,0.2777111828327179,0.7558177709579468,0.0543052367866039,Pointing_Right
508721772433827_.pic.jpg,0.3253781795501709,0.9467524886131288,-4.478820585518406e-07,0.5600835084915161,0.8450646996498108,0.0156665630638599,0.6789162158966064,0.7240137457847595,0.0239279940724372,0.7589107155799866,0.6279066205024719,0.0337746329605579,0.8306248784065247,0.5957261919975281,0.0464347153902053,0.4946390390396118,0.5630233883857727,-0.0164816603064537,0.5697662234306335,0.5620641112327576,0.0077047939412295,0.5828709602355957,0.626272439956665,0.0173632986843585,0.5658012628555298,0.6678799390792847,0.0184193532913923,0.349459558725357,0.5769966840744019,-0.0223945993930101,0.4431306421756744,0.5862367153167725,0.0297459550201892,0.4632625579833984,0.639670193195343,0.0442745760083198,0.4446714222431183,0.6772828102111816,0.0301207583397626,0.2355309426784515,0.6233251094818115,-0.020080329850316,0.3165618777275085,0.6201432943344116,0.0209307949990034,0.3458832502365112,0.6667541265487671,0.0351963378489017,0.3320022821426391,0.7085684537887573,0.0229845643043518,0.1472136676311493,0.6750404834747314,-0.0151408575475215,0.2096790075302124,0.6604851484298706,0.0156942270696163,0.246418297290802,0.6976903080940247,0.042698998004198,0.2461186051368713,0.7358440160751343,0.0527928508818149,Pointing_Right
IMG_9626.JPG,0.7147709727287292,0.8046255111694336,1.4774037992992817e-07,0.7671247720718384,0.74867844581604,-0.0067691975273191,0.782752275466919,0.686577320098877,-0.024424547329545,0.794248640537262,0.6422339081764221,-0.0449714735150337,0.8044711947441101,0.6168151497840881,-0.0645482316613197,0.7041801810264587,0.5878709554672241,-0.0345964767038822,0.7195612192153931,0.511123776435852,-0.0684045404195785,0.7283163666725159,0.4520775377750397,-0.0896987915039062,0.7323986887931824,0.4040915966033935,-0.1035093739628791,0.6815791130065918,0.608259916305542,-0.0493979454040527,0.777445375919342,0.585425853729248,-0.088483452796936,0.7878539562225342,0.6463634967803955,-0.0911813154816627,0.7706391215324402,0.6731303334236145,-0.085898257791996,0.6784853339195251,0.6456324458122253,-0.0653469488024711,0.7736002802848816,0.6326436400413513,-0.1025470420718193,0.7800355553627014,0.6871717572212219,-0.0889938920736312,0.7596211433410645,0.7066835165023804,-0.0723270624876022,0.6866905689239502,0.6881328225135803,-0.0822440609335899,0.7602190375328064,0.6791163086891174,-0.1018309444189071,0.7683952450752258,0.7163618206977844,-0.0873203203082084,0.7518438100814819,0.7350749969482422,-0.0729949027299881,Pointing_Left
508671772433822_.pic_thumb.jpg,0.4152287244796753,1.004165768623352,-9.110853511629102e-07,0.6197019219398499,0.937309980392456,0.0379996933043003,0.7359614372253418,0.8296535015106201,0.0496712103486061,0.806069552898407,0.7389130592346191,0.0520090349018573,0.8879987001419067,0.7135655283927917,0.0535655058920383,0.6308025121688843,0.6642098426818848,0.0137921804562211,0.6387264132499695,0.6298968195915222,0.0179791562259197,0.6289089918136597,0.6927487850189209,0.0104974936693906,0.6132426261901855,0.7447205781936646,0.0044267526827752,0.4982987642288208,0.6530919671058655,-0.0084469271823763,0.508696973323822,0.6377785205841064,0.0203929934650659,0.5028657913208008,0.6900460720062256,0.0272740740329027,0.487266480922699,0.7360144853591919,0.0192433632910251,0.3792651891708374,0.6725174188613892,-0.0236233863979578,0.3960859179496765,0.6701509952545166,0.0025284108705818,0.404539406299591,0.7175246477127075,0.0156434830278158,0.398192822933197,0.7628008723258972,0.011415540240705,0.278575599193573,0.7036189436912537,-0.0356707200407981,0.298703521490097,0.704890787601471,-0.0124204494059085,0.3134128153324127,0.7470812201499939,0.0148991541936993,0.3135066330432892,0.785871684551239,0.0316682942211627,Pointing_Right
IMG_9653.JPG,0.6854965090751648,0.7386108040809631,1.0389661753151813e-07,0.6412492394447327,0.6773240566253662,0.0121931787580251,0.6260448694229126,0.6025782823562622,0.0112486593425273,0.63652104139328,0.5374826788902283,0.0083030015230178,0.657062828540802,0.4975318312644958,0.0040022959001362,0.6271744966506958,0.5637226104736328,-0.0226312354207038,0.6375343799591064,0.4648740589618683,-0.0386328138411045,0.6477122902870178,0.4062046408653259,-0.042963370680809,0.6569971442222595,0.3621238470077514,-0.0439661256968975,0.6608864068984985,0.565375566482544,-0.0357576869428157,0.6757206320762634,0.455282598733902,-0.0531693696975708,0.6889646649360657,0.3889352083206177,-0.0577902533113956,0.7000648975372314,0.3394812345504761,-0.0589614659547805,0.6983723640441895,0.5775013566017151,-0.0465902462601661,0.7153643369674683,0.4749524295330047,-0.0609819702804088,0.7282090187072754,0.414467841386795,-0.0663242638111114,0.7361796498298645,0.3703598976135254,-0.0676799118518829,0.7350080609321594,0.5978296399116516,-0.0551183819770813,0.7485916614532471,0.5154014825820923,-0.0635761171579361,0.7551036477088928,0.4671118855476379,-0.0647333711385726,0.7581804394721985,0.4277626872062683,-0.0637131929397583,Pointing_Left
508261772433782_.pic_thumb.jpg,0.7100051641464233,0.7905889749526978,-6.043570692781941e-07,0.6097370982170105,0.6958918571472168,0.0408488027751445,0.4875291585922241,0.6545114517211914,0.0397644229233264,0.3919562399387359,0.6668380498886108,0.0242175795137882,0.3230496048927307,0.7035050392150879,0.0010036722524091,0.4058646857738495,0.5949558019638062,0.0232901107519865,0.2354210913181305,0.6145272254943848,0.0124389557167887,0.129078596830368,0.6326478719711304,-0.0060166767798364,0.0512571632862091,0.640785276889801,-0.0256633702665567,0.3738309144973755,0.629038393497467,-0.0144866211339831,0.2594882249832153,0.7154009342193604,-0.016009883955121,0.3150254189968109,0.7542411684989929,-0.0196706056594848,0.3680748343467712,0.7541866302490234,-0.0281893145292997,0.361525297164917,0.6861807703971863,-0.0478022024035453,0.2870658040046692,0.7802391052246094,-0.0440220199525356,0.3564733564853668,0.8037671446800232,-0.0374791771173477,0.4100357294082641,0.7875940799713135,-0.0430123098194599,0.3586584329605102,0.751168966293335,-0.0805532410740852,0.3275448083877563,0.8292538523674011,-0.0907116085290908,0.3888551294803619,0.8496453166007996,-0.0841934829950332,0.4333992898464203,0.8366695642471313,-0.0791313052177429,Pointing_Left
IMG_9548.JPG,0.7438414692878723,0.9244679808616638,-3.59292755547358e-07,0.6676681041717529,0.8881263732910156,0.0242065656930208,0.628655195236206,0.8104847073554993,0.0364453047513961,0.626257598400116,0.7421655654907227,0.046886820346117,0.6534185409545898,0.7105531692504883,0.0555063672363758,0.6315469741821289,0.7329880595207214,0.0035497583448886,0.6288963556289673,0.6224090456962585,0.012449275702238,0.6297010183334351,0.5654523372650146,0.0189926419407129,0.6314489245414734,0.5202838182449341,0.021839590743184,0.677371084690094,0.7134055495262146,0.0009865065803751,0.6693412065505981,0.6737354397773743,0.0260244458913803,0.6664263606071472,0.7091223001480103,0.0446133054792881,0.6671416759490967,0.7409253120422363,0.0515548922121524,0.721563994884491,0.7170110940933228,0.0021215481683611,0.7041951417922974,0.6995334625244141,0.0276391468942165,0.7036731839179993,0.7303653359413147,0.0393502041697502,0.706296443939209,0.7610114812850952,0.0392607934772968,0.7581282258033752,0.7260732054710388,0.005495486781001,0.7399964332580566,0.7173508405685425,0.0284892786294221,0.7391987442970276,0.7456722259521484,0.0404773689806461,0.7420963644981384,0.7740158438682556,0.0451686568558216,Pointing_Left
508711772433826_.pic.jpg,0.2367792874574661,1.0101341009140017,-7.232628718156775e-07,0.4427603185176849,0.8951489925384521,0.0312733091413974,0.5513692498207092,0.765386164188385,0.0489057675004005,0.6319671869277954,0.6677529811859131,0.0623752400279045,0.696856677532196,0.624043345451355,0.0768288299441337,0.3675875663757324,0.6038659811019897,0.0129963057115674,0.4239033162593841,0.6120812892913818,0.0303020011633634,0.4399051368236542,0.6863369345664978,0.0261745266616344,0.4335991442203522,0.7338571548461914,0.0188139919191598,0.2145191133022308,0.6237732768058777,-0.0025269144680351,0.2955976724624634,0.6516444087028503,0.0441854372620582,0.3203122615814209,0.7162204384803772,0.0467418730258941,0.3102177679538727,0.7589526176452637,0.0259653069078922,0.0977159440517425,0.6766859889030457,-0.0101240323856472,0.1702784597873687,0.6933000683784485,0.0252098105847835,0.2006697058677673,0.7474082708358765,0.0326090306043624,0.1934197396039962,0.7905178070068359,0.0179334729909896,0.0097392797470092,0.7340478301048279,-0.0144691783934831,0.0735280811786651,0.7362038493156433,0.0110487574711442,0.1030664443969726,0.7806020975112915,0.0373834073543548,0.104009598493576,0.8184638619422913,0.0495144240558147,Pointing_Right
508411772433796_.pic_thumb.jpg,0.995710551738739,0.7708125710487366,-8.989660500446917e-07,0.876943051815033,0.668723464012146,0.0108150886371731,0.7212559580802917,0.6203340291976929,-0.0141359623521566,0.5746185183525085,0.638306736946106,-0.0493418872356414,0.4721101522445678,0.6836368441581726,-0.091590330004692,0.6155828237533569,0.5038337707519531,-0.0341700986027717,0.3770087659358978,0.5236753225326538,-0.0696613267064094,0.2399045825004577,0.5371690988540649,-0.104620836675167,0.1347293257713318,0.5332709550857544,-0.1373386681079864,0.6051614284515381,0.5370733737945557,-0.0702193826436996,0.4228196740150451,0.6717607975006104,-0.0902327224612236,0.5092463493347168,0.722691535949707,-0.0988532900810241,0.5881876349449158,0.7105315327644348,-0.1155133992433548,0.6096593141555786,0.6045772433280945,-0.1031345576047897,0.4710726737976074,0.7500682473182678,-0.1120059415698051,0.5634313225746155,0.7811644673347473,-0.0988822132349014,0.6308439373970032,0.7547956705093384,-0.1039813533425331,0.6141984462738037,0.6865518093109131,-0.1391684561967849,0.514146625995636,0.7908986806869507,-0.1579702496528625,0.5874385237693787,0.8160014152526855,-0.1431138068437576,0.6485999822616577,0.8002335429191589,-0.1331341117620468,Pointing_Left
IMG_9757.JPG,0.9802234172821044,0.5839425921440125,-5.001974159313249e-07,0.9123208522796632,0.6848530173301697,-0.0333342440426349,0.841692328453064,0.7631648778915405,-0.0623645819723606,0.8018922805786133,0.8411787152290344,-0.0853707119822502,0.8058139681816101,0.9199995398521424,-0.1059032753109932,0.7887630462646484,0.5802122354507446,-0.0659028962254524,0.718674898147583,0.6703340411186218,-0.0648635029792785,0.7555760741233826,0.6921593546867371,-0.0572004355490207,0.7858784794807434,0.6816319227218628,-0.0547393336892128,0.7874297499656677,0.5068326592445374,-0.0525034889578819,0.7191190123558044,0.6136283874511719,-0.0516755655407905,0.7478132843971252,0.6439194083213806,-0.0448482073843479,0.7773137092590332,0.6351837515830994,-0.0460486710071563,0.7963742613792419,0.4637035727500915,-0.035905722528696,0.7289021015167236,0.557284951210022,-0.030879583209753,0.7495958209037781,0.5887158513069153,-0.0235097594559192,0.7786704301834106,0.5890473127365112,-0.0247121471911668,0.807453453540802,0.4422711730003357,-0.022052502259612,0.7559542655944824,0.5002741813659668,-0.0182171203196048,0.7691528797149658,0.5329129695892334,-0.0104365656152367,0.7882948517799377,0.5405082702636719,-0.0066742021590471,Pointing_Right
IMG_9799.JPG,0.8391132950782776,0.4957198798656463,8.250460581393781e-08,0.7899523973464966,0.4751957058906555,-0.0290301442146301,0.742996096611023,0.4821963012218475,-0.0528690628707408,0.7260183095932007,0.50743168592453,-0.0770232453942298,0.7451415657997131,0.541728138923645,-0.1010025218129158,0.7006551027297974,0.6117631196975708,-0.0403217636048793,0.6802273392677307,0.6989834904670715,-0.0774624198675155,0.6698483824729919,0.7589247822761536,-0.1034457832574844,0.6649851202964783,0.811825156211853,-0.1206199824810028,0.7419137358665466,0.64334636926651,-0.0463999100029468,0.7353202700614929,0.6517788767814636,-0.0969862565398216,0.7638496160507202,0.577671229839325,-0.1126888692378997,0.7811853885650635,0.530726432800293,-0.1135142892599105,0.7852640151977539,0.6568706035614014,-0.0557614713907241,0.788240373134613,0.6495522260665894,-0.1023392304778099,0.8060259819030762,0.5726476311683655,-0.0990259125828743,0.8145347833633423,0.5222628712654114,-0.0857029035687446,0.827176034450531,0.6589655876159668,-0.067910611629486,0.827748715877533,0.6579955220222473,-0.0977187678217887,0.8356460928916931,0.6006078124046326,-0.0926113352179527,0.8348566889762878,0.560339093208313,-0.0818808823823928,Pointing_Right
IMG_9821.JPG,0.7323379516601562,0.518282949924469,8.903737835908032e-08,0.6877668499946594,0.5242522358894348,-0.0068437252193689,0.6580666899681091,0.5671002864837646,-0.0088510047644376,0.6568781733512878,0.61419677734375,-0.0118599710986018,0.682416558265686,0.634972095489502,-0.015873173251748,0.6631051898002625,0.6324092745780945,-0.0001271189248654,0.6569567918777466,0.6895123720169067,-0.0097752325236797,0.6566028594970703,0.7288797497749329,-0.0188462454825639,0.6549473404884338,0.7602400183677673,-0.0267571229487657,0.687355101108551,0.6378166675567627,-0.0056277317926287,0.6813400983810425,0.6878971457481384,-0.0217462740838527,0.6881097555160522,0.6541340947151184,-0.0306079089641571,0.6908926963806152,0.6234668493270874,-0.0330521203577518,0.7124961614608765,0.6335692405700684,-0.012216156348586,0.7109420895576477,0.6748605966567993,-0.0314244702458381,0.7122839689254761,0.6328315734863281,-0.0345862098038196,0.7092688679695129,0.5998513102531433,-0.0315151363611221,0.7379330396652222,0.6206263303756714,-0.0190889630466699,0.7353041768074036,0.6545068621635437,-0.0340206399559974,0.733364999294281,0.6238936185836792,-0.0338362343609333,0.7295971512794495,0.5958523750305176,-0.0305423140525817,Pointing_Right
508741772433829_.pic_thumb.jpg,0.3481197357177734,0.7431325912475586,-3.097661078754755e-07,0.5317844152450562,0.6522632837295532,-0.0192846134305,0.6445602178573608,0.5539506673812866,-0.0394540280103683,0.721278190612793,0.4856007397174835,-0.0576396994292736,0.7970296144485474,0.4470068216323852,-0.0736406072974205,0.4507813155651092,0.3899168968200683,-0.0442786030471324,0.5111412405967712,0.4312666654586792,-0.0759119093418121,0.5207327008247375,0.4958176016807556,-0.1191336512565612,0.5011754035949707,0.525593638420105,-0.1526858359575271,0.3189459443092346,0.4113203883171081,-0.0527687780559062,0.3951538205146789,0.4473325312137604,-0.0552017465233802,0.4100788235664367,0.4987102448940277,-0.0739015117287635,0.3897957801818847,0.5228264927864075,-0.103729210793972,0.2140890955924987,0.4575459063053131,-0.06051005423069,0.2905976176261902,0.4781737029552459,-0.0702692493796348,0.3100034296512604,0.5200559496879578,-0.0707613825798034,0.295108288526535,0.5442331433296204,-0.0821383073925972,0.1327823996543884,0.5070760846138,-0.0695344284176826,0.2041883170604705,0.523432731628418,-0.0794756785035133,0.2342967689037323,0.5621547102928162,-0.0652494207024574,0.2316198796033859,0.5852218270301819,-0.0571605637669563,Pointing_Right
509111772433868_.pic.jpg,0.5180473327636719,0.705762505531311,5.453028961710515e-07,0.6548914909362793,0.6588265299797058,-0.0745563805103302,0.7427163124084473,0.5901616811752319,-0.098540686070919,0.8260328769683838,0.530928373336792,-0.106276586651802,0.8990355730056763,0.4904500544071197,-0.1057643517851829,0.5764477849006653,0.4801521599292755,-0.0284761078655719,0.6991813778877258,0.5010314583778381,-0.0340537577867507,0.7454365491867065,0.5527483820915222,-0.048121552914381,0.7547246813774109,0.5851356983184814,-0.0562614127993583,0.5228016376495361,0.4874575436115265,0.0120015107095241,0.6584615707397461,0.524476170539856,0.0126212276518344,0.7072779536247253,0.5739511847496033,-0.0080169588327407,0.7179133892059326,0.6107799410820007,-0.0276711974292993,0.4923447370529175,0.5110746622085571,0.0469620712101459,0.6095190644264221,0.5476842522621155,0.0428602062165737,0.6620204448699951,0.5870917439460754,0.0218905061483383,0.6755288243293762,0.6221383213996887,0.0053482758812606,0.4775546789169311,0.5329073667526245,0.0768868923187255,0.5674077272415161,0.5595888495445251,0.0702568292617797,0.6054093241691589,0.5874841213226318,0.0605701692402362,0.616560697555542,0.6134377717971802,0.0551312193274498,Pointing_Right
508721772433827_.pic_thumb.jpg,0.3518029451370239,0.9540435075759888,-5.758816428169666e-07,0.560320258140564,0.8395790457725525,0.0139699447900056,0.6676150560379028,0.7205994129180908,0.0131509210914373,0.7444844245910645,0.6307779550552368,0.0087340958416461,0.8402180671691895,0.604015588760376,0.0062638097442686,0.4735760390758514,0.5689173936843872,-0.0096153700724244,0.5250155329704285,0.552681565284729,-0.010748878121376,0.54222571849823,0.6189415454864502,-0.0243470203131437,0.5322746634483337,0.6670916080474854,-0.0368580594658851,0.3272653818130493,0.585599958896637,-0.0243337396532297,0.3990613520145416,0.576428234577179,-0.0012154962169006,0.4202930331230163,0.6299684047698975,-0.0004827260272577,0.4041316211223602,0.6739987134933472,-0.0170421488583087,0.2161337733268737,0.6315444707870483,-0.034005619585514,0.2814891934394836,0.6123391389846802,-0.0154292332008481,0.3080208003520965,0.6561693549156189,-0.0031095256563276,0.3007997870445251,0.7009372115135193,-0.009617825038731,0.129838615655899,0.6845322251319885,-0.0422852337360382,0.1827199757099151,0.6582654118537903,-0.0276730041950941,0.216020405292511,0.6956800222396851,-2.281842171214521e-05,0.2197328507900238,0.7357476949691772,0.0158162433654069,Pointing_Right
508291772433785_.pic_thumb.jpg,0.6893591284751892,0.7568795680999756,-4.085902105543937e-07,0.6118410229682922,0.6711046695709229,0.0079037481918931,0.5006019473075867,0.631686270236969,-0.0067958133295178,0.4050012826919555,0.6454969644546509,-0.0281509645283222,0.3445159196853637,0.688704788684845,-0.055134329944849,0.4271693527698517,0.5878190994262695,-0.025856751948595,0.2565994262695312,0.6110100150108337,-0.0508309639990329,0.1503075957298278,0.6262704133987427,-0.0717648193240165,0.0709184110164642,0.6311908960342407,-0.0924569144845008,0.4084241390228271,0.620776891708374,-0.0501997470855712,0.2981148362159729,0.7178988456726074,-0.0752736777067184,0.3616022765636444,0.7478821873664856,-0.0785043239593505,0.4147586524486542,0.7347568869590759,-0.0830905362963676,0.4067156016826629,0.6758748888969421,-0.0723092854022979,0.3253805637359619,0.7754007577896118,-0.0876892954111099,0.3891344964504242,0.7924786806106567,-0.0762264132499694,0.4338352680206299,0.7692642211914062,-0.0749178901314735,0.4121476709842682,0.7383184432983398,-0.0959682390093803,0.3666171729564667,0.817529559135437,-0.1200179904699325,0.4245371222496032,0.8288741111755371,-0.1145279258489608,0.468372642993927,0.807915449142456,-0.1084171086549758,Pointing_Left
509111772433868_.pic_thumb.jpg,0.4973577857017517,0.6932233572006226,3.0295808528535417e-07,0.6452199816703796,0.6513234376907349,-0.0637713968753814,0.7417044639587402,0.5811746716499329,-0.0868617296218872,0.8213632106781006,0.5237798690795898,-0.099277839064598,0.8882167935371399,0.4842000007629394,-0.1050200015306472,0.5846583247184753,0.4807775616645813,-0.0320764929056167,0.6915578246116638,0.5070152282714844,-0.0650689080357551,0.7229796051979065,0.5548866987228394,-0.1000813692808151,0.7232109904289246,0.5810131430625916,-0.1207374632358551,0.5272215604782104,0.4859471917152405,-0.0084986332803964,0.6461454033851624,0.5267280340194702,-0.0366781055927276,0.6764476299285889,0.5738028883934021,-0.0694137886166572,0.668362557888031,0.6028534173965454,-0.0935448259115219,0.4892705082893371,0.5064348578453064,0.0087523320689797,0.5887874364852905,0.5447340607643127,-0.018551779910922,0.6226126551628113,0.5843717455863953,-0.037220649421215,0.6216102242469788,0.6123784780502319,-0.0472560860216617,0.4631422758102417,0.5265796780586243,0.0210753623396158,0.5380330085754395,0.5546891689300537,0.0025415022391825,0.5639165639877319,0.5820724368095398,-0.0034243781119585,0.5647366046905518,0.6042114496231079,-0.0043990272097289,Pointing_Right
IMG_9864.JPG,0.8505024313926697,0.5082325339317322,-3.988951959854603e-07,0.8043683171272278,0.5856835246086121,-0.011376092210412,0.7586016058921814,0.6481155157089233,-0.0313713476061821,0.7265744209289551,0.7107213735580444,-0.0491770915687084,0.721078097820282,0.7732731103897095,-0.0650243833661079,0.7232280969619751,0.5603956580162048,-0.0486422963440418,0.6569473147392273,0.5829442143440247,-0.0553102158010005,0.6859691739082336,0.590242862701416,-0.0496235229074955,0.7167759537696838,0.5895867347717285,-0.0447249747812747,0.7197465300559998,0.4987074136734009,-0.0465336330235004,0.6564399003982544,0.5361012816429138,-0.0483245551586151,0.6800689101219177,0.5484400391578674,-0.0398962013423442,0.7034035921096802,0.5435959100723267,-0.0380059294402599,0.720611572265625,0.4490965902805328,-0.0414748303592205,0.6585143208503723,0.4928447008132934,-0.0394237525761127,0.680749237537384,0.5033936500549316,-0.0281342267990112,0.7054678797721863,0.4990801215171814,-0.0252477675676345,0.7234365940093994,0.4130544364452362,-0.0367670990526676,0.6711214780807495,0.45099538564682,-0.0342144817113876,0.6899895071983337,0.464034229516983,-0.023131251335144,0.712419867515564,0.4608161449432373,-0.0168176684528589,Pointing_Right
IMG_9691.JPG,0.6873769164085388,0.7413122057914734,2.526746634146093e-08,0.6582849025726318,0.6831269264221191,0.0099064335227012,0.6459333300590515,0.6096795201301575,0.0106089245527982,0.6482544541358948,0.5545909404754639,0.0076382551342248,0.6551647186279297,0.5143011212348938,0.0033743078820407,0.637267529964447,0.5766588449478149,-0.0087077859789133,0.6366872191429138,0.4766570031642914,-0.0256687421351671,0.6406727433204651,0.4169943332672119,-0.0337047204375267,0.6436933279037476,0.3711630702018738,-0.0375238582491874,0.6587111949920654,0.577926754951477,-0.0229293517768383,0.6568494439125061,0.4661755263805389,-0.0415585339069366,0.6579980254173279,0.3948338329792022,-0.0515424199402332,0.6565834283828735,0.3384642899036407,-0.0560688525438308,0.6873157024383545,0.5878825783729553,-0.0363792553544044,0.6847192645072937,0.4794007539749145,-0.0535415895283222,0.6842504143714905,0.4139992892742157,-0.0626899525523185,0.6808744668960571,0.3619111180305481,-0.0658438503742218,0.7216400504112244,0.6048226952552795,-0.0483653061091899,0.7213342785835266,0.5197598934173584,-0.0630301982164383,0.717214822769165,0.4679375290870666,-0.0685850530862808,0.7107139229774475,0.4228286743164062,-0.0699158385396003,Pointing_Left
IMG_9622.JPG,0.835435152053833,0.7973202466964722,-3.130901404801989e-07,0.7629178762435913,0.749843180179596,0.0152159044519066,0.7298572659492493,0.6621283292770386,0.0226699989289045,0.7348178625106812,0.5848997235298157,0.0321732573211193,0.7677671313285828,0.5559337735176086,0.0404640659689903,0.7616387009620667,0.5990731120109558,-0.0187274813652038,0.7763625383377075,0.4839441776275635,-0.0191207621246576,0.7864381670951843,0.42347252368927,-0.0189939048141241,0.795880138874054,0.3750284612178802,-0.0198823641985654,0.8118867874145508,0.5916575789451599,-0.0155986137688159,0.8007552623748779,0.5259588360786438,0.0065800254233181,0.7885530591011047,0.554256796836853,0.0307292863726615,0.7838255167007446,0.588101863861084,0.0416661612689495,0.8531533479690552,0.6025359630584717,-0.0093145770952105,0.8295381665229797,0.5538359880447388,0.013470321893692,0.8213711380958557,0.5778508186340332,0.0313960909843444,0.8198884725570679,0.6124927401542664,0.0364606119692325,0.8844943046569824,0.6184694170951843,-0.0014197513228282,0.861197829246521,0.5845072269439697,0.0171124171465635,0.8523260951042175,0.6052523851394653,0.0297065414488315,0.850493311882019,0.6361060738563538,0.0354136601090431,Pointing_Left
509281772433890_.pic_thumb.jpg,0.2735433578491211,0.9161704778671264,3.196836928509583e-08,0.4452753663063049,0.846893846988678,-0.0349930487573146,0.5542508363723755,0.744918167591095,-0.0531295053660869,0.6261831521987915,0.6707425117492676,-0.0656966269016265,0.7006177306175232,0.6307687759399414,-0.0734997540712356,0.3751821517944336,0.6289013624191284,-0.0384225472807884,0.4664076864719391,0.6479114294052124,-0.0650874003767967,0.4747331440448761,0.6944959163665771,-0.0961895436048507,0.4461185336112976,0.7162801027297974,-0.1195726245641708,0.2677677571773529,0.6426931023597717,-0.0346595458686351,0.3689201176166534,0.6646623611450195,-0.0419880524277687,0.3862501382827759,0.7028805017471313,-0.0586546137928962,0.3561705946922302,0.7232406735420227,-0.0817718580365181,0.1873766481876373,0.6833083033561707,-0.0329308658838272,0.2800665497779846,0.6941735744476318,-0.0438680462539196,0.2996329665184021,0.726752519607544,-0.0446926392614841,0.2763979136943817,0.7468782663345337,-0.0528100654482841,0.1317489743232727,0.7292563319206238,-0.0339271835982799,0.2127230167388916,0.7385122776031494,-0.0433993302285671,0.2320313900709152,0.7657831907272339,-0.0350165069103241,0.2149131596088409,0.7835677266120911,-0.0307536106556653,Pointing_Right
IMG_9763.JPG,0.834472119808197,0.8266010880470276,-1.9910639537101818e-07,0.7674131393432617,0.7892497181892395,-0.0044017941690981,0.7041035890579224,0.694279670715332,-0.0203520562499761,0.6643396615982056,0.6104817390441895,-0.0349357165396213,0.6227700710296631,0.5606441497802734,-0.043727234005928,0.6746060252189636,0.7063845992088318,-0.0690051391720771,0.683093786239624,0.5505210757255554,-0.0992624908685684,0.7149619460105896,0.5714672803878784,-0.0982592403888702,0.7202271223068237,0.6203978061676025,-0.0900290161371231,0.7206524014472961,0.7110232710838318,-0.0803996473550796,0.7313799262046814,0.5375938415527344,-0.1089188903570175,0.7608916759490967,0.5751688480377197,-0.0965199843049049,0.7633956074714661,0.6311375498771667,-0.0832851231098175,0.7768977880477905,0.709473192691803,-0.0899204462766647,0.7868805527687073,0.5434788465499878,-0.1096156686544418,0.8051681518554688,0.5843296051025391,-0.0823115855455398,0.8053764700889587,0.6383789777755737,-0.060544766485691,0.8344589471817017,0.7056659460067749,-0.0991777181625366,0.8391762971878052,0.5763062238693237,-0.1078240796923637,0.8435667157173157,0.602685272693634,-0.0886944085359573,0.8383285999298096,0.6478550434112549,-0.0737350210547447,Pointing_Right
IMG_9661.JPG,0.7373151779174805,0.7608714699745178,-2.2926148801616367e-07,0.6690150499343872,0.7252548336982727,-0.0053942250087857,0.6274417042732239,0.667876124382019,-0.0155494734644889,0.5906187891960144,0.6140096187591553,-0.0234108567237854,0.5578181743621826,0.5846188068389893,-0.0330066829919815,0.6604201793670654,0.5684574246406555,-0.0363594889640808,0.6587830185890198,0.4649783670902252,-0.0460911244153976,0.6580653786659241,0.4077250361442566,-0.0501732677221298,0.6594436764717102,0.3618588745594024,-0.0529436916112899,0.7073912024497986,0.5543967485427856,-0.0283662341535091,0.6798694729804993,0.4952112436294555,-0.0209686923772096,0.6654759645462036,0.5236361622810364,-0.0053117298521101,0.6636308431625366,0.5530532002449036,0.0016526475083082,0.7463782429695129,0.5612003803253174,-0.0187106132507324,0.7107028365135193,0.5153470635414124,-0.0100798932835459,0.6998013854026794,0.5444928407669067,0.0034258256200701,0.6983827352523804,0.5761392116546631,0.0084673650562763,0.7765347957611084,0.5724602341651917,-0.0088698761537671,0.7442427277565002,0.5376566052436829,0.0007368074147962,0.7314873933792114,0.5627605319023132,0.011668405495584,0.7293265461921692,0.5899147391319275,0.0179673228412866,Pointing_Left
IMG_9737.JPG,0.6431899666786194,0.8149639964103699,-3.299657294064673e-07,0.5805256962776184,0.7610487937927246,0.0224502719938755,0.5600634217262268,0.689266562461853,0.0301270969212055,0.5687700510025024,0.6261193752288818,0.0354776047170162,0.586930513381958,0.5931415557861328,0.0394448041915893,0.5540821552276611,0.6280602216720581,-0.000697216426488,0.542962372303009,0.5256271362304688,0.0002925791486632,0.5388391613960266,0.4683574438095093,0.0012708661379292,0.5374513864517212,0.4252482652664184,0.0009370867628604,0.5949093103408813,0.6132704019546509,-0.0061576287262141,0.6023873090744019,0.5570125579833984,0.0089715961366891,0.6054463386535645,0.5862429141998291,0.0220696311444044,0.605647087097168,0.6131067872047424,0.0263306368142366,0.6367202401161194,0.6168980002403259,-0.0080924369394779,0.6375067830085754,0.5721537470817566,0.0108006708323955,0.6374607086181641,0.5967183113098145,0.0243793819099664,0.6370813846588135,0.6241536736488342,0.0264169666916131,0.6723209619522095,0.6255334615707397,-0.008258786983788,0.6674267053604126,0.597173810005188,0.0088560190051794,0.6660489439964294,0.62144535779953,0.0212510526180267,0.6665735244750977,0.6461047530174255,0.0269681718200445,Pointing_Left
509011772433856_.pic_thumb.jpg,0.6378778219223022,0.6186102032661438,-7.023002694950264e-07,0.7496396899223328,0.5855592489242554,-0.0080584958195686,0.8336317539215088,0.5297229290008545,-0.0191631577908992,0.8912042379379272,0.4818751215934753,-0.0306615009903907,0.946163296699524,0.461654394865036,-0.0438297241926193,0.7385181188583374,0.4065902233123779,-0.0363288298249244,0.7326912879943848,0.4315976202487945,-0.0484272949397563,0.7292295098304749,0.4701764583587646,-0.0657301321625709,0.7228499054908752,0.4937764406204223,-0.0804566368460655,0.6527813673019409,0.4048913717269897,-0.044779747724533,0.6541998386383057,0.439630389213562,-0.0420991852879524,0.6572434306144714,0.4732694029808044,-0.0491212084889411,0.6567143797874451,0.4962244629859924,-0.064752347767353,0.578649640083313,0.4230651259422302,-0.0499528273940086,0.5851605534553528,0.4502239227294922,-0.0535135380923748,0.5928752422332764,0.4795133471488952,-0.0544003769755363,0.5939339399337769,0.5032459497451782,-0.0628125071525573,0.5147048234939575,0.4455758929252624,-0.0558938197791576,0.5203002691268921,0.4696452021598816,-0.0624523013830184,0.5291610360145569,0.4997754096984863,-0.0547653287649154,0.532001256942749,0.5220234394073486,-0.0501213520765304,Pointing_Right
IMG_9567.JPG,0.797008752822876,0.8507729172706604,-2.925575870449393e-07,0.7431955337524414,0.7661803960800171,0.017987735569477,0.7383239269256592,0.6811187863349915,0.0207039210945367,0.7627677321434021,0.6208319067955017,0.0212748851627111,0.7913128733634949,0.5972670912742615,0.0202135350555181,0.7428708076477051,0.6217784285545349,-0.0152611006051301,0.7670499682426453,0.5131946802139282,-0.0159883275628089,0.7838765382766724,0.4538586735725403,-0.0122316861525177,0.7978518605232239,0.4082318544387817,-0.0108544761314988,0.7905277013778687,0.6265856623649597,-0.02231165766716,0.8142362833023071,0.5691443085670471,-0.0129290595650672,0.8099387288093567,0.6011107563972473,0.0014676026767119,0.8024248480796814,0.6325206756591797,0.007510439492762,0.8352447152137756,0.6493899822235107,-0.0253543760627508,0.8461280465126038,0.6086456775665283,-0.0115618826821446,0.8414456844329834,0.6359036564826965,0.0044118445366621,0.834752082824707,0.6660820245742798,0.0091838594526052,0.870847761631012,0.6743810176849365,-0.027055773884058,0.8726714253425598,0.6407811641693115,-0.0106677860021591,0.8658483624458313,0.6669406890869141,0.0049861343577504,0.8599228262901306,0.6952705979347229,0.0131412930786609,Pointing_Left
IMG_9809.JPG,0.7624350190162659,0.5997450351715088,2.194393857735122e-07,0.7236016392707825,0.5830845832824707,-0.029579434543848,0.6831058859825134,0.6049380898475647,-0.0490018278360366,0.6641756892204285,0.641145646572113,-0.0673738345503807,0.6785749197006226,0.6872579455375671,-0.0860140472650528,0.6570771932601929,0.7083657383918762,-0.0320025756955146,0.638035774230957,0.7846856713294983,-0.064139612019062,0.6267356872558594,0.8394958972930908,-0.0870865955948829,0.6192947626113892,0.884765625,-0.1026010438799858,0.6898424029350281,0.7261254191398621,-0.0352200008928775,0.6741505861282349,0.7654337286949158,-0.0813228413462638,0.6954307556152344,0.7116093039512634,-0.0985033139586448,0.7086132764816284,0.6703004240989685,-0.1004806235432624,0.7251432538032532,0.7332075238227844,-0.0418652705848217,0.7202428579330444,0.7607961893081665,-0.0863673314452171,0.7325992584228516,0.699411153793335,-0.0876421928405761,0.7382029294967651,0.6553810834884644,-0.077559694647789,0.7609004378318787,0.7340677380561829,-0.0507510043680667,0.7550746202468872,0.7568169832229614,-0.08195311576128,0.7604920268058777,0.7122527956962585,-0.0802721604704856,0.761235773563385,0.6775891184806824,-0.0720305740833282,Pointing_Right
509221772433882_.pic_thumb.jpg,0.1107325404882431,0.5047379732131958,-2.526543028125161e-07,0.2709282040596008,0.4549630582332611,-0.0384045168757438,0.3681844770908355,0.3802709281444549,-0.0600445196032524,0.43829545378685,0.3187667429447174,-0.0770041272044181,0.5087558031082153,0.280749648809433,-0.0904009267687797,0.1900703608989715,0.2590517997741699,-0.0407981164753437,0.2908498048782348,0.2822891473770141,-0.0657855197787284,0.3096495270729065,0.3275401890277862,-0.0960082337260246,0.2906689643859863,0.3533613979816437,-0.11858731508255,0.0905565470457077,0.270612508058548,-0.0342116057872772,0.2021338492631912,0.2887013554573059,-0.0421045385301113,0.2184443324804306,0.3262273669242859,-0.0579860135912895,0.192496120929718,0.3502215147018432,-0.0795681327581405,0.0229778885841369,0.3044800162315368,-0.0295485500246286,0.1139711588621139,0.3093273341655731,-0.0395326986908912,0.1325439512729644,0.3396710455417633,-0.0394307374954223,0.1133596450090408,0.361916571855545,-0.046459998935461,-0.0232281982898712,0.3403241634368896,-0.0280109047889709,0.0472432225942611,0.3437156677246094,-0.0330120474100112,0.0650809407234191,0.369083434343338,-0.0218628793954849,0.0518275052309036,0.388358473777771,-0.0164161808788776,Pointing_Right
508361772433792_.pic.jpg,0.906452775001526,0.8373709917068481,-8.746503112888604e-07,0.8089116811752319,0.6896513104438782,0.0261534713208675,0.6381306648254395,0.6222972869873047,-0.000707475352101,0.4746036529541015,0.6319910287857056,-0.0393252819776535,0.3644477427005768,0.6714790463447571,-0.0878519937396049,0.5479943752288818,0.5454176068305969,-0.0528042465448379,0.2860624194145202,0.5819435715675354,-0.0788424983620643,0.1357762515544891,0.6084858179092407,-0.1035645902156829,0.0315712094306945,0.6067323088645935,-0.1312617063522339,0.5319068431854248,0.5954623818397522,-0.0961092859506607,0.3485603630542755,0.7316886186599731,-0.101044163107872,0.426578164100647,0.7852981090545654,-0.098450981080532,0.5012081861495972,0.7807636260986328,-0.1125534251332283,0.5327005386352539,0.6778827905654907,-0.1321845948696136,0.4012961089611053,0.8209903240203857,-0.1257581859827041,0.4935349225997925,0.8497916460037231,-0.1115112528204917,0.5658344626426697,0.8231074213981628,-0.1228903979063034,0.5323755145072937,0.7664949893951416,-0.1692491322755813,0.4346523880958557,0.8772270083427429,-0.1851609349250793,0.5034313797950745,0.8980385065078735,-0.1753114610910415,0.5668556094169617,0.877543568611145,-0.1719987690448761,Pointing_Left
IMG_9877.JPG,0.8107843995094299,0.5263625383377075,1.2109593683362618e-07,0.7670463919639587,0.4971267580986023,-0.0313211344182491,0.7253485321998596,0.5008851289749146,-0.0551300160586833,0.7170540690422058,0.5277590751647949,-0.0771281421184539,0.7359471917152405,0.5627968311309814,-0.0977529361844062,0.6852961182594299,0.6049375534057617,-0.0488340519368648,0.6736399531364441,0.6792144775390625,-0.085688941180706,0.6682254672050476,0.7333185076713562,-0.1111214682459831,0.6646618247032166,0.7812539339065552,-0.1280740946531295,0.7213548421859741,0.6385000348091125,-0.0504103377461433,0.7294975519180298,0.6435794234275818,-0.0911916270852088,0.7528694868087769,0.587226927280426,-0.1028443425893783,0.7632704973220825,0.5531123876571655,-0.1056527644395828,0.7578831315040588,0.6520783305168152,-0.0554035305976867,0.7751213312149048,0.63947594165802,-0.0894329398870468,0.7853307127952576,0.58439701795578,-0.0847186893224716,0.7852972745895386,0.5554407835006714,-0.0761366412043571,0.7907890677452087,0.6545276641845703,-0.0640910789370536,0.8038941025733948,0.6392189860343933,-0.086025170981884,0.8090424537658691,0.596030592918396,-0.0827461779117584,0.8036063313484192,0.5708456635475159,-0.0766852423548698,Pointing_Right
IMG_9700.JPG,0.6457310318946838,0.7844069600105286,-5.0707136267647e-08,0.680704653263092,0.7047140598297119,0.0576930232346057,0.6955358982086182,0.6394762396812439,0.0586794801056385,0.7131340503692627,0.5947814583778381,0.0462222956120967,0.7189475297927856,0.5625692009925842,0.0309612583369016,0.6411288976669312,0.5661578178405762,0.0054489495232701,0.6598538756370544,0.4820056557655334,-0.0124079119414091,0.6741963028907776,0.4251965582370758,-0.0240367408841848,0.6848587989807129,0.3809856176376343,-0.0317617282271385,0.6400647163391113,0.5858845710754395,-0.0351391099393367,0.7231934070587158,0.5340349078178406,-0.0405472666025161,0.731918215751648,0.5894916653633118,-0.0244270041584968,0.7183496952056885,0.6172215342521667,-0.0134325018152594,0.6495707631111145,0.6168502569198608,-0.0713999196887016,0.7334131598472595,0.5824538469314575,-0.0692403092980384,0.7343180179595947,0.6346145868301392,-0.0433346517384052,0.7148913145065308,0.6566018462181091,-0.0296418815851211,0.6678850054740906,0.6486156582832336,-0.1035148501396179,0.7318822145462036,0.6296577453613281,-0.0896271914243698,0.7311189770698547,0.6671199202537537,-0.0629138723015785,0.7121053338050842,0.6869726181030273,-0.0481881722807884,Pointing_Left
IMG_9724.JPG,0.7641816139221191,0.8252565264701843,-7.672948072467989e-07,0.7265758514404297,0.7053359746932983,0.0109024234116077,0.7282887101173401,0.5973711013793945,0.0069751911796629,0.7368376851081848,0.5079987049102783,0.0028627596329897,0.7192226648330688,0.4448963403701782,-0.0014052615733817,0.8246986865997314,0.5745623707771301,-0.0206908211112022,0.8372114300727844,0.5478679537773132,-0.0021823435090482,0.8138760924339294,0.5840787887573242,0.0157618559896945,0.7966324090957642,0.6143964529037476,0.0247013103216886,0.8703873157501221,0.6240659356117249,-0.0232500731945037,0.8735390305519104,0.5912376642227173,0.0047142165713012,0.8477447628974915,0.6163182854652405,0.0201513599604368,0.8323747515678406,0.6459842920303345,0.0198414605110883,0.8981780409812927,0.6813188195228577,-0.0194587130099535,0.8958208560943604,0.6423799991607666,0.0076452842913568,0.8748202323913574,0.6653667092323303,0.0195688493549823,0.8557871580123901,0.6948857307434082,0.0152101125568151,0.9158338308334352,0.7309249639511108,-0.0141100669279694,0.9137831330299376,0.6970641016960144,0.0091572245582938,0.8917400240898132,0.7140498757362366,0.0243084169924259,0.873980700969696,0.7368754744529724,0.0285213608294725,Pointing_Left
508611772433816_.pic_thumb.jpg,0.3579491078853607,0.8254241943359375,-4.042846910579101e-07,0.517555296421051,0.737314760684967,-0.0183187425136566,0.6116008758544922,0.641754150390625,-0.0362675487995147,0.6768612265586853,0.5784857869148254,-0.0551822334527969,0.7533162832260132,0.5528364181518555,-0.0742849707603454,0.4098004996776581,0.5230860710144043,-0.0389283448457717,0.5003722310066223,0.5418103337287903,-0.0689861103892326,0.5334410667419434,0.5961117148399353,-0.1049952134490013,0.5276144742965698,0.6359066963195801,-0.1307472884654998,0.2945303320884704,0.5415178537368774,-0.0467871353030204,0.3873269557952881,0.5584793090820312,-0.0577781088650226,0.4132879376411438,0.6037679314613342,-0.0756988152861595,0.3981842696666717,0.6395108699798584,-0.0981195420026779,0.2120510637760162,0.5822409987449646,-0.0540969297289848,0.2890789806842804,0.5889396667480469,-0.0653126388788223,0.3131193518638611,0.6262733936309814,-0.0656865015625953,0.3039700984954834,0.6582614779472351,-0.0727355182170867,0.1482065916061401,0.6284404993057251,-0.0630052387714386,0.2081236690282821,0.6292402744293213,-0.069135196506977,0.2356789410114288,0.6610226035118103,-0.0548417270183563,0.2360091805458068,0.6875234842300415,-0.0455194413661956,Pointing_Right
509391772433904_.pic.jpg,1.06419575214386,0.8278403878211975,-8.656330692247138e-07,0.9229837656021118,0.7401161789894104,0.0139758288860321,0.7479068040847778,0.7046949863433838,-0.0126575548201799,0.5798712968826294,0.7368426322937012,-0.0509365759789943,0.4697571694850921,0.7811536192893982,-0.0939735174179077,0.6905626058578491,0.5648716688156128,-0.0252566505223512,0.4576589465141296,0.6004816293716431,-0.0588076189160347,0.3287776112556457,0.6164984703063965,-0.0896146893501281,0.2333559989929199,0.6058076620101929,-0.1189039722084999,0.6940992474555969,0.5913737416267395,-0.0647298768162727,0.5152419805526733,0.730925977230072,-0.0761377960443496,0.5957528948783875,0.7736254930496216,-0.0759046599268913,0.6666150689125061,0.7597455382347107,-0.0876234471797943,0.7087746262550354,0.6524916887283325,-0.1035349816083908,0.5620442032814026,0.8028311729431152,-0.1030076220631599,0.6521086692810059,0.8274954557418823,-0.0827373936772346,0.7135495543479919,0.7951956987380981,-0.0851169154047966,0.7196798920631409,0.72685307264328,-0.1463726907968521,0.6048564314842224,0.8380640149116516,-0.1574391424655914,0.6714767813682556,0.8590046167373657,-0.1428191512823104,0.7312204837799072,0.8384850025177002,-0.1345503479242324,Pointing_Left
IMG_9627.JPG,0.7035677433013916,0.7877493500709534,9.012774171424098e-08,0.7565314173698425,0.7329323291778564,-0.0010663497960194,0.7715284824371338,0.673861026763916,-0.0191876888275146,0.7852970361709595,0.6304348111152649,-0.0425816103816032,0.7899293899536133,0.6069439053535461,-0.0657041668891906,0.6991015672683716,0.5809683799743652,-0.030245317146182,0.7141895294189453,0.5045391321182251,-0.0671999230980873,0.7249680757522583,0.4469252228736877,-0.090226873755455,0.7305850982666016,0.4004417657852173,-0.1048004254698753,0.6738072037696838,0.6017154455184937,-0.0497885793447494,0.7597586512565613,0.5808709859848022,-0.090629942715168,0.7723329067230225,0.6464398503303528,-0.0920845493674278,0.7572270035743713,0.673640251159668,-0.0860416144132614,0.6658768653869629,0.6368870735168457,-0.0708657950162887,0.7511783838272095,0.6210289001464844,-0.1101494133472442,0.7607969641685486,0.6772499084472656,-0.0957349464297294,0.740936279296875,0.6961366534233093,-0.0789220482110977,0.6687538623809814,0.6750519275665283,-0.0924402400851249,0.736940860748291,0.6682124733924866,-0.1130172237753868,0.7452689409255981,0.7048259973526001,-0.0978368297219276,0.727250874042511,0.7219272255897522,-0.0835936814546585,Pointing_Left
508191772433775_.pic.jpg,0.787582278251648,0.6917636394500732,-6.795146418880904e-07,0.7124400734901428,0.6019654870033264,0.0418201424181461,0.618864893913269,0.5685665011405945,0.0363020822405815,0.5318407416343689,0.5807429552078247,0.0151907550171017,0.4705284237861633,0.6154653429985046,-0.0140729881823062,0.5350911617279053,0.5188320279121399,0.0095812818035483,0.3711687326431274,0.5384195446968079,-0.0057315952144563,0.2741871178150177,0.5565178394317627,-0.0225469544529914,0.1999827027320861,0.5617635250091553,-0.0411744676530361,0.5148072242736816,0.5453283786773682,-0.0320026017725467,0.411154568195343,0.6399961709976196,-0.0443494468927383,0.4733406901359558,0.6771040558815002,-0.0486619286239147,0.5302737951278687,0.672217607498169,-0.0570446960628032,0.5098920464515686,0.5976884365081787,-0.0689797103404998,0.4366597831249237,0.6964901685714722,-0.0737362429499626,0.5048291683197021,0.7207418084144592,-0.0658891722559928,0.5571170449256897,0.7024120688438416,-0.0700435116887092,0.5070164799690247,0.657130777835846,-0.105273924767971,0.4726907610893249,0.7398217916488647,-0.1234044954180717,0.5319625735282898,0.7569368481636047,-0.1214823722839355,0.5757054090499878,0.7397433519363403,-0.1198456883430481,Pointing_Left
IMG_9598.JPG,0.5943169593811035,0.7229076027870178,-1.4361627620473882e-07,0.5397804379463196,0.686629056930542,0.0048492178320884,0.519903302192688,0.6230047941207886,0.0024492889642715,0.5249220728874207,0.5663508176803589,-0.0019455266883596,0.5408734679222107,0.539781391620636,-0.006179011426866,0.5058099031448364,0.5574766397476196,-0.0132817467674613,0.5020697116851807,0.464779794216156,-0.0199708677828311,0.5057592391967773,0.4102264940738678,-0.0221754685044288,0.5099269151687622,0.3711282610893249,-0.0240522511303424,0.5349580645561218,0.5380407571792603,-0.0186635442078113,0.5581945776939392,0.5143969655036926,-0.022983182221651,0.564950168132782,0.5409128069877625,-0.0193570684641599,0.5628295540809631,0.5651605725288391,-0.0167770311236381,0.5694985389709473,0.5372586846351624,-0.0222528856247663,0.5825240612030029,0.5324833393096924,-0.0220782309770584,0.5860310792922974,0.5551263093948364,-0.0141855431720614,0.5842827558517456,0.5767745971679688,-0.0101370345801115,0.600555419921875,0.5414944291114807,-0.0261068809777498,0.6064931750297546,0.5455033183097839,-0.0205814242362976,0.6085715293884277,0.5668972134590149,-0.0117379780858755,0.6067529916763306,0.5867591500282288,-0.0049805175513029,Pointing_Left
IMG_9586.JPG,0.9028125405311584,0.8221095204353333,-4.075582751283946e-07,0.8237479329109192,0.7973001599311829,0.0110592376440763,0.7757660746574402,0.722618818283081,0.0256899092346429,0.7683271169662476,0.6580500602722168,0.0473110750317573,0.7927725911140442,0.6227626204490662,0.0686492547392845,0.8007972836494446,0.637060284614563,-0.0139897838234901,0.7966439127922058,0.5382778644561768,-0.0047189160250127,0.7923606038093567,0.4854550957679748,-0.0049064513295888,0.7921464443206787,0.439922571182251,-0.0067744525149464,0.8479539752006531,0.6234377026557922,-0.0007637867820449,0.8209883570671082,0.5995808243751526,0.0407196506857872,0.8138271570205688,0.6422783732414246,0.066239058971405,0.8195664882659912,0.6737819910049438,0.0734330490231514,0.8846232295036316,0.6288756728172302,0.0149619774892926,0.850321888923645,0.61383455991745,0.0531788244843483,0.8460004925727844,0.6555664539337158,0.0606313459575176,0.8541576862335205,0.6828722953796387,0.0535815916955471,0.9132323861122132,0.6357839107513428,0.0327306687831878,0.88396155834198,0.6269856095314026,0.062883660197258,0.877701461315155,0.657576322555542,0.0704436227679252,0.8822612166404724,0.6851288080215454,0.0686111822724342,Pointing_Left
508091772433765_.pic.jpg,0.9310012459754944,0.7700153589248657,-8.000325806278852e-07,0.8481615781784058,0.6663767099380493,0.0292987469583749,0.7427520155906677,0.6035599708557129,0.0204972177743911,0.6743316650390625,0.5639579892158508,8.595774852437899e-05,0.6394392251968384,0.5379393696784973,-0.0262353364378213,0.6197386384010315,0.5471670031547546,-0.0056083328090608,0.4298816323280334,0.5674877166748047,-0.0196109730750322,0.3240157663822174,0.5767831802368164,-0.0385991148650646,0.2457629144191742,0.5705578923225403,-0.0609283968806266,0.6063408851623535,0.5746598839759827,-0.0402094610035419,0.4679191708564758,0.6868254542350769,-0.0484322048723697,0.5344132781028748,0.7208195924758911,-0.0536754094064235,0.5950446724891663,0.7093530893325806,-0.0676092579960823,0.6071965098381042,0.6289195418357849,-0.0699232965707779,0.507008969783783,0.7467803359031677,-0.0657290741801261,0.5791527032852173,0.7657952308654785,-0.0552841648459434,0.6340343952178955,0.7400726079940796,-0.0640962123870849,0.61126708984375,0.6917965412139893,-0.1007194444537162,0.5467782020568848,0.7826696634292603,-0.1138951927423477,0.608592689037323,0.7987218499183655,-0.1084119975566864,0.6557067036628723,0.780127763748169,-0.1062641143798828,Pointing_Left
508581772433813_.pic.jpg,0.9209950566291808,0.813193142414093,-7.778317012707703e-07,0.8007680177688599,0.7000731229782104,0.0378800816833972,0.6476148366928101,0.6469815969467163,0.0201902147382497,0.5082733631134033,0.6528952121734619,-0.0143098719418048,0.405781626701355,0.6887217164039612,-0.0568254180252552,0.5376864075660706,0.5551502108573914,-0.0018716030754148,0.3053383827209472,0.5845340490341187,-0.0311620701104402,0.1615258455276489,0.6059675812721252,-0.0622501783072948,0.0560121536254882,0.6076568365097046,-0.0936530977487564,0.5241366028785706,0.5845363736152649,-0.0533574298024177,0.3503862023353576,0.7237341403961182,-0.0697984248399734,0.4389789402484894,0.7703739404678345,-0.0787927880883216,0.5158679485321045,0.7574011087417603,-0.0945976674556732,0.5311456918716431,0.6516416072845459,-0.100809559226036,0.401460587978363,0.8020322322845459,-0.1036604568362236,0.4991560578346252,0.8306901454925537,-0.0953193232417106,0.5677084922790527,0.7969251871109009,-0.1063892841339111,0.5415688157081604,0.7311421036720276,-0.149273082613945,0.4538330733776092,0.8483303785324097,-0.1704583913087844,0.533225417137146,0.8692483901977539,-0.1656415164470672,0.5962598323822021,0.8432852625846863,-0.1638377606868744,Pointing_Left
508161772433772_.pic_thumb.jpg,1.031844973564148,0.7064682245254517,-5.260177431409829e-07,0.9561972618103028,0.6196540594100952,0.0041635679081082,0.8426085114479065,0.5795035362243652,-0.0127257592976093,0.7318828701972961,0.5894594788551331,-0.036782294511795,0.6554232239723206,0.6210875511169434,-0.0644147247076034,0.7776913046836853,0.5157727003097534,-0.0206001903861761,0.615903913974762,0.535800039768219,-0.0543753951787948,0.5075340270996094,0.5509880185127258,-0.08685053139925,0.4272453784942627,0.5532741546630859,-0.1147229447960853,0.7743781208992004,0.5403594374656677,-0.0473280102014541,0.6507816314697266,0.6470213532447815,-0.0675383508205413,0.7064021825790405,0.6835770010948181,-0.0765078365802764,0.7599624395370483,0.6758042573928833,-0.0888426974415779,0.7846112847328186,0.5915606021881104,-0.0742333233356475,0.6898466944694519,0.7042586207389832,-0.0850506648421287,0.7586065530776978,0.721966028213501,-0.0763221606612205,0.811058759689331,0.6981199979782104,-0.0790800675749778,0.7989464402198792,0.6530866622924805,-0.1043120771646499,0.734512984752655,0.7373461723327637,-0.124167613685131,0.7908852696418762,0.7494418025016785,-0.117251306772232,0.8399180173873901,0.732606828212738,-0.1111634522676467,Pointing_Left
IMG_9709.JPG,0.7177019119262695,0.810070812702179,-9.312805637762269e-09,0.6545436382293701,0.7604438066482544,0.0478588044643402,0.6305491924285889,0.6939886808395386,0.0665518045425415,0.6328495144844055,0.6327171325683594,0.0836793482303619,0.6487777233123779,0.5950002670288086,0.1048169806599617,0.6330772638320923,0.6334927678108215,-0.0008696929435245,0.6182148456573486,0.5342422723770142,0.0002060788392554,0.6116054654121399,0.4814156889915466,0.0030270838178694,0.6092318892478943,0.4394659996032715,0.0053196377120912,0.6743265390396118,0.6240025162696838,-0.006324156653136,0.6501911878585815,0.5157148838043213,-0.006579122506082,0.6388868093490601,0.4554416835308075,0.0026958812959492,0.6339101195335388,0.4096157252788543,0.0091836173087358,0.7114763855934143,0.6263251304626465,-0.0013452371349558,0.6930490136146545,0.5522946119308472,0.0334508828818798,0.6803290843963623,0.5781200528144836,0.0809070914983749,0.677907407283783,0.6065559387207031,0.1096148118376731,0.7449759244918823,0.6331796646118164,0.0057289134711027,0.7230439186096191,0.5927151441574097,0.0463616959750652,0.7103155851364136,0.6105543375015259,0.0818227007985115,0.7100263237953186,0.6281613111495972,0.1069802269339561,Pointing_Left
509181772433877_.pic_thumb.jpg,0.1732431799173355,0.4073421955108642,-4.156527211307548e-07,0.3226842284202575,0.3903417289257049,-0.0201927199959754,0.4263187050819397,0.3446278572082519,-0.0345904529094696,0.4862149059772491,0.309277206659317,-0.0473981983959674,0.5480998754501343,0.2989685833454132,-0.0591910667717456,0.3052315413951874,0.1936728358268737,-0.0337346158921718,0.3499318361282348,0.2398727238178253,-0.0523253381252288,0.3477566540241241,0.2887766361236572,-0.0799789428710937,0.3256353735923767,0.310962826013565,-0.1028503477573394,0.2014219015836715,0.1983323544263839,-0.0390886254608631,0.2600491344928741,0.2414531707763672,-0.0424448363482952,0.2630518674850464,0.2806352376937866,-0.0585112832486629,0.2411446571350097,0.2985976338386535,-0.081300713121891,0.1222792863845825,0.22884601354599,-0.0439267568290233,0.1803641319274902,0.2568804323673248,-0.056923110038042,0.1887542456388473,0.2881562411785126,-0.062671460211277,0.1722863614559173,0.3022259473800659,-0.0735073089599609,0.0641717612743377,0.2641876935958862,-0.0496636144816875,0.1150209158658981,0.2870849668979645,-0.061415247619152,0.1285180896520614,0.3157133460044861,-0.0540563203394413,0.1215337812900543,0.3303039669990539,-0.0509234555065631,Pointing_Right
508431772433798_.pic.jpg,1.0652334690093994,0.9233742952346802,-9.924164032781846e-07,0.961045265197754,0.8040860295295715,-0.0011661351891234,0.7844601273536682,0.7429731488227844,-0.0316509939730167,0.6051946878433228,0.7613228559494019,-0.0693176761269569,0.4837735891342163,0.7992177605628967,-0.111465223133564,0.7050591707229614,0.6266926527023315,-0.0618258155882358,0.444589763879776,0.6278972029685974,-0.1080711856484413,0.3015531599521637,0.6411611437797546,-0.1460529267787933,0.1939569115638733,0.6381722092628479,-0.1801058053970337,0.7116180062294006,0.67402184009552,-0.0992939695715904,0.4916178584098816,0.7889087796211243,-0.1260284483432769,0.5764602422714233,0.8359947204589844,-0.1293124854564666,0.6613585948944092,0.8183267116546631,-0.1454662382602691,0.718491792678833,0.7562520503997803,-0.136438176035881,0.5323857665061951,0.8876145482063293,-0.152580976486206,0.6221445202827454,0.9165375232696532,-0.1357653886079788,0.6933885812759399,0.8814724087715149,-0.1407234966754913,0.7227551937103271,0.8496201038360596,-0.1773983538150787,0.5826940536499023,0.959648072719574,-0.2014285326004028,0.6564251184463501,0.9764270186424256,-0.188497394323349,0.7187051773071289,0.9549039602279664,-0.1831455826759338,Pointing_Left
IMG_9750.JPG,1.0102806091308594,0.551074743270874,-6.922867896719254e-07,0.930104672908783,0.6563249230384827,-0.038561750203371,0.8462309837341309,0.7275621891021729,-0.0698928087949752,0.7888196706771851,0.7942758798599243,-0.0929435789585113,0.7691680788993835,0.8723328709602356,-0.1125769466161727,0.8000765442848206,0.5128172636032104,-0.0752908512949943,0.7255180478096008,0.6063174605369568,-0.0753008797764778,0.7662019729614258,0.6386984586715698,-0.0666465014219284,0.8023653030395508,0.6336474418640137,-0.0629855021834373,0.8088283538818359,0.4359093010425567,-0.059445708990097,0.730715811252594,0.5464726686477661,-0.0608897767961025,0.7615674734115601,0.5887911319732666,-0.054489180445671,0.7953274846076965,0.5878065824508667,-0.0557746961712837,0.8263137936592102,0.3921185135841369,-0.0399254895746707,0.7546969056129456,0.4928034543991089,-0.0379143171012401,0.7799368500709534,0.5338995456695557,-0.0308550652116537,0.8128858804702759,0.5407626628875732,-0.0319827236235141,0.8440443873405457,0.3703615069389343,-0.0231003891676664,0.788884162902832,0.4356254637241363,-0.0229721534997224,0.8078435063362122,0.4761875867843628,-0.0154211204499006,0.8328760266304016,0.4874881207942962,-0.0107752531766891,Pointing_Right
509351772433899_.pic_thumb.jpg,0.4502750635147095,0.7799777388572693,-4.256459931184509e-07,0.6279275417327881,0.7283249497413635,-0.0001485146058257,0.7368170022964478,0.6460739374160767,-0.00286330957897,0.8133836388587952,0.5744609236717224,-0.0052121495828032,0.8924697041511536,0.5582260489463806,-0.0057033193297684,0.5910381078720093,0.501832127571106,-0.0125572234392166,0.6618373394012451,0.5195849537849426,-0.0109415808692574,0.6727420091629028,0.5776912569999695,-0.0209652483463287,0.6509473323822021,0.617134690284729,-0.0298252571374177,0.4825333952903747,0.5015991926193237,-0.0156905371695756,0.5679652690887451,0.5259538888931274,0.006258700042963,0.5815461874008179,0.5726796984672546,0.0018701774533838,0.5583639740943909,0.6063474416732788,-0.0146132614463567,0.3994563221931457,0.5281781554222107,-0.0147664211690425,0.4745149612426758,0.542895495891571,0.0019396739080548,0.4929884672164917,0.5821316242218018,0.0026148143224418,0.4756554365158081,0.6148181557655334,-0.0088158678263425,0.3343164324760437,0.5620023012161255,-0.0130630591884255,0.3904962241649627,0.5685727596282959,-0.0010867422679439,0.4110303521156311,0.601535439491272,0.01386324968189,0.4032756090164184,0.6319537162780762,0.0214085467159748,Pointing_Right
508421772433797_.pic_thumb.jpg,1.0328874588012695,0.9061219692230223,-8.999324450087443e-07,0.9187938570976256,0.7988465428352356,-0.0105251716449856,0.7290072441101074,0.7406548857688904,-0.0490728579461574,0.5422161817550659,0.7602992057800293,-0.0933508649468422,0.4283855855464935,0.7992134690284729,-0.142398402094841,0.6690255403518677,0.6010490655899048,-0.0725452452898025,0.4008466601371765,0.6159990429878235,-0.1141527444124221,0.2589525282382965,0.6295624375343323,-0.1508714109659195,0.1518411636352539,0.6220548152923584,-0.1866622269153595,0.6862953305244446,0.6448609232902527,-0.1043992266058921,0.4564414918422699,0.774613082408905,-0.1265627741813659,0.539726972579956,0.8233920335769653,-0.1328979879617691,0.6211191415786743,0.8070244789123535,-0.152859017252922,0.7054049372673035,0.7272427678108215,-0.1344731003046035,0.5127913951873779,0.87733393907547,-0.1435646265745163,0.6014410853385925,0.9043384194374084,-0.128361776471138,0.6715542078018188,0.8704978823661804,-0.136855348944664,0.718003511428833,0.820929765701294,-0.1691161096096038,0.5742999315261841,0.9389244318008424,-0.1893239468336105,0.6428969502449036,0.9586111307144164,-0.1763192117214203,0.7055625319480896,0.9383261799812316,-0.1711985021829605,Pointing_Left
IMG_9742.JPG,0.729448139667511,0.8013156056404114,-5.613835014628421e-07,0.6889420747756958,0.7025395035743713,0.0487858764827251,0.6943068504333496,0.6194345355033875,0.0729997605085372,0.7279811501502991,0.5613958835601807,0.0919617414474487,0.7576059699058533,0.5373696684837341,0.1085843965411186,0.7206758856773376,0.5365496873855591,0.0273599289357662,0.7423592805862427,0.4317760467529297,0.0414977185428142,0.7557473182678223,0.3703204393386841,0.047723326832056,0.768327534198761,0.3246312737464905,0.050108429044485,0.7661838531494141,0.5549260973930359,0.0165676735341548,0.803216814994812,0.5197767615318298,0.050905205309391,0.7943365573883057,0.5584767460823059,0.068350575864315,0.7850562334060669,0.5824694633483887,0.0716299787163734,0.8062111735343933,0.5925392508506775,0.0119690699502825,0.8336263298988342,0.5650821924209595,0.0465727448463439,0.819718062877655,0.5957956314086914,0.0586846135556697,0.8073960542678833,0.6181049942970276,0.055677693337202,0.8408454060554504,0.6287952661514282,0.0120263714343309,0.8566248416900635,0.6069533824920654,0.0442741028964519,0.8431590795516968,0.6357536315917969,0.0613533146679401,0.8305765390396118,0.6587299108505249,0.067529872059822,Pointing_Left
508601772433815_.pic_thumb.jpg,0.4064602851867676,0.8386222124099731,-4.836025482291006e-07,0.5741761922836304,0.746787965297699,-0.0098932227119803,0.6702547669410706,0.6516382098197937,-0.0254160668700933,0.7390854954719543,0.5835295915603638,-0.0416260249912738,0.8147090673446655,0.5519980788230896,-0.0562846548855304,0.4666354656219482,0.5286955833435059,-0.0402681045234203,0.5701795816421509,0.5396566987037659,-0.066799558699131,0.5953606963157654,0.5943846702575684,-0.0986993536353111,0.5771860480308533,0.6307022571563721,-0.1214440688490867,0.3501605987548828,0.5453711152076721,-0.0489994175732135,0.4657038748264313,0.5530070662498474,-0.0531092062592506,0.4885080754756927,0.5975643992424011,-0.0648994445800781,0.4651405811309814,0.6326844096183777,-0.0853778794407844,0.2668920755386352,0.5815609693527222,-0.0556527450680732,0.3632391691207886,0.5807414054870605,-0.0583353079855442,0.3849803805351257,0.6199034452438354,-0.0523247718811035,0.3693825304508209,0.6538045406341553,-0.058107029646635,0.2030248939990997,0.6211438179016113,-0.0634263753890991,0.282621830701828,0.6163663268089294,-0.0623798742890358,0.3072632253170013,0.6501889228820801,-0.0441254079341888,0.299494206905365,0.679820716381073,-0.0340615361928939,Pointing_Right
508991772433854_.pic.jpg,0.6857537627220154,0.4320359826087951,-5.163360583537724e-07,0.7938674688339233,0.4027116298675537,0.0242545381188392,0.8632226586341858,0.3641454577445984,0.0364004448056221,0.9211665987968444,0.3320518732070923,0.0440723486244678,0.9751222133636476,0.3267815113067627,0.0493427589535713,0.7894600629806519,0.2433670163154602,0.0257308464497327,0.7842694520950317,0.2672968506813049,0.0507515668869018,0.7790617942810059,0.3024551272392273,0.0549119338393211,0.7742941975593567,0.3236757516860962,0.0531975254416465,0.7067571878433228,0.2415872365236282,0.015128250233829,0.7164866924285889,0.2719358205795288,0.0571806505322456,0.7172355651855469,0.3019168674945831,0.0577833279967308,0.7148708701133728,0.3234583139419555,0.0429035201668739,0.636658787727356,0.2598415315151214,0.0103394333273172,0.6483029723167419,0.2835681140422821,0.0397851765155792,0.6583675742149353,0.3106029033660888,0.0355384163558483,0.6596819758415222,0.3325971961021423,0.0196458846330642,0.5772595405578613,0.2803933322429657,0.0080800559371709,0.5908206105232239,0.300674170255661,0.0279618147760629,0.6055049896240234,0.325831651687622,0.0385313667356967,0.6119989156723022,0.345180332660675,0.0407278388738632,Pointing_Right
IMG_9794.JPG,0.9056849479675292,0.5382175445556641,-4.595774498739047e-07,0.8477997779846191,0.6153378486633301,-0.0041661667637526,0.7715516090393066,0.6841022372245789,-0.0250616390258073,0.7184150815010071,0.7487021088600159,-0.0439347513020038,0.6984848976135254,0.8154792785644531,-0.0603084489703178,0.7928024530410767,0.6471197605133057,-0.0753238648176193,0.6793264746665955,0.6075379848480225,-0.0940699502825737,0.7045266628265381,0.5980979204177856,-0.0866262763738632,0.7392249703407288,0.5994557738304138,-0.076506920158863,0.8083099126815796,0.5701184868812561,-0.081367090344429,0.6806456446647644,0.5427259206771851,-0.0905481725931167,0.705272912979126,0.541541576385498,-0.073490098118782,0.7400673627853394,0.5481874942779541,-0.0642456412315368,0.8140606880187988,0.4961503148078918,-0.0835212767124176,0.6876347064971924,0.4864032864570617,-0.0856674537062645,0.7157161831855774,0.4900569915771484,-0.0608136169612407,0.7504317164421082,0.4950592815876007,-0.0484109632670879,0.8132325410842896,0.43135866522789,-0.084930844604969,0.7133336067199707,0.4385683238506317,-0.0822022408246994,0.732923686504364,0.4486698806285858,-0.0621896423399448,0.7611570358276367,0.4526937305927276,-0.0515559054911136,Pointing_Right
IMG_9795.JPG,0.7949923872947693,0.5679212212562561,-4.757099532071152e-07,0.7264935374259949,0.619057297706604,0.0076839700341224,0.6678926348686218,0.6468073129653931,-6.515748827951029e-05,0.6189293265342712,0.6749056577682495,-0.0103816092014312,0.5942155122756958,0.7239206433296204,-0.019873846322298,0.6090275645256042,0.5710347294807434,-0.0116492388769984,0.5923950672149658,0.523169755935669,-0.0038087340071797,0.6220576167106628,0.5248285531997681,0.0057575809769332,0.6436176896095276,0.5409490466117859,0.0101552559062838,0.6225227117538452,0.5124677419662476,-0.0209036469459533,0.6090630292892456,0.4790423810482025,-0.0041834120638668,0.6350642442703247,0.4869377017021179,0.0042452402412891,0.654816746711731,0.5036265850067139,0.0024772314354777,0.6481996774673462,0.4625381529331207,-0.0270158369094133,0.6285126209259033,0.4427644610404968,-0.00966218393296,0.6540066003799438,0.4526925086975097,-0.0004815222637262,0.6753859519958496,0.4720422923564911,-0.0029307797085493,0.6783218383789062,0.4225389063358307,-0.0329648293554782,0.6586867570877075,0.4119144380092621,-0.0173468999564647,0.6763092279434204,0.4255798161029815,-0.0039550368674099,0.6930649280548096,0.4435316920280456,0.0014901232207193,Pointing_Right
IMG_9849.JPG,0.9213407635688782,0.5981878638267517,-3.17269496008521e-07,0.8605779409408569,0.6618584990501404,-0.0049022375606,0.7947569489479065,0.7003329396247864,-0.019739493727684,0.739757239818573,0.7428149580955505,-0.0328965112566947,0.717500627040863,0.7992193698883057,-0.0434831231832504,0.7854902744293213,0.6493328213691711,-0.0474197641015052,0.7004595398902893,0.6137151122093201,-0.0527627356350421,0.7223913073539734,0.6170885562896729,-0.0421864539384841,0.7494553923606873,0.6234445571899414,-0.0332558266818523,0.796485960483551,0.5863646268844604,-0.0496479868888855,0.7077047824859619,0.5609458088874817,-0.0503145605325698,0.7281165719032288,0.5724623203277588,-0.03687559440732,0.75384920835495,0.5800566077232361,-0.0299398973584175,0.809344470500946,0.528752326965332,-0.0488193593919277,0.7213287353515625,0.5129474997520447,-0.0450243391096591,0.7431125044822693,0.525314450263977,-0.0291930027306079,0.7706103324890137,0.533118486404419,-0.022653104737401,0.8236024379730225,0.481992244720459,-0.0477360598742961,0.7545067667961121,0.4754912257194519,-0.0448939837515354,0.766526460647583,0.4885271191596985,-0.0330359973013401,0.7876090407371521,0.4958786964416504,-0.0263727381825447,Pointing_Right
IMG_9670.JPG,0.7815463542938232,0.833831250667572,-1.2909596591725858e-07,0.6933964490890503,0.7962244153022766,-0.011534503661096,0.6400025486946106,0.7316681742668152,-0.0217842850834131,0.6076405048370361,0.6714253425598145,-0.0195774193853139,0.5818043947219849,0.6034255623817444,-0.0194097198545932,0.6764191389083862,0.6242051124572754,-0.0604814291000366,0.6588284969329834,0.5216970443725586,-0.0447422228753566,0.6458138227462769,0.4657167196273803,-0.0337011888623237,0.6384435296058655,0.4193277657032013,-0.0270500145852565,0.7227646708488464,0.6162837147712708,-0.0280971881002187,0.6817628741264343,0.5705891251564026,0.0286952480673789,0.6680219173431396,0.6258136630058289,0.070081889629364,0.667514443397522,0.6603775024414062,0.0850343257188797,0.758831799030304,0.6202170252799988,0.0086773019284009,0.7119956016540527,0.5894007682800293,0.0663277804851532,0.7042439579963684,0.6414865255355835,0.0805816203355789,0.7063926458358765,0.6741456985473633,0.0710970386862754,0.7872748374938965,0.6168790459632874,0.0468920990824699,0.7471429109573364,0.6033608317375183,0.0931826084852218,0.7325305938720703,0.6391884684562683,0.1045722290873527,0.727868914604187,0.6689350605010986,0.1004169583320617,Pointing_Left
508321772433787_.pic.jpg,1.0995805263519287,0.9040555953979492,-1.3571115005106549e-06,0.99037504196167,0.777534544467926,0.0195365343242883,0.8225134611129761,0.7059327363967896,0.0007936037727631,0.6595059037208557,0.6930240988731384,-0.0305328369140625,0.539893627166748,0.7152568101882935,-0.0675603598356247,0.7301092743873596,0.5989764332771301,-0.0332250036299228,0.4654925465583801,0.6177201867103577,-0.077500395476818,0.3198550343513489,0.6343876719474792,-0.1118723377585411,0.2108384370803833,0.6258935332298279,-0.1431098878383636,0.7243442535400391,0.6286965012550354,-0.0792726799845695,0.5154317617416382,0.7805452346801758,-0.1152258738875389,0.6061364412307739,0.8423790335655212,-0.1210606172680854,0.6901790499687195,0.8349202871322632,-0.1323884725570678,0.7265764474868774,0.7017476558685303,-0.1241555586457252,0.5642004013061523,0.8726993799209595,-0.1502202749252319,0.6681525707244873,0.9187438488006592,-0.1375667303800583,0.7465519309043884,0.8892624974250793,-0.1399922668933868,0.7293229103088379,0.7884612083435059,-0.1715097278356552,0.6074797511100769,0.9292979836463928,-0.2069045901298523,0.6821393966674805,0.962596833705902,-0.2043298482894897,0.7425370216369629,0.9441627264022828,-0.201735645532608,Pointing_Left
IMG_9870.JPG,0.8319984078407288,0.5212465524673462,9.600265116205264e-08,0.7870879769325256,0.495696097612381,-0.0433932654559612,0.7429913282394409,0.485559731721878,-0.0765346139669418,0.7469688057899475,0.5006904602050781,-0.1053075194358825,0.7753345370292664,0.5264647006988525,-0.1325822621583938,0.7082237005233765,0.6183974146842957,-0.0732548832893371,0.6999277472496033,0.7016791701316833,-0.1235623955726623,0.7021080255508423,0.76165771484375,-0.1582799255847931,0.7080706357955933,0.8185309767723083,-0.1802088320255279,0.7456341981887817,0.664242684841156,-0.0723809674382209,0.7641741037368774,0.6387600302696228,-0.1228904128074646,0.7860335111618042,0.5629557371139526,-0.1351014375686645,0.7952039837837219,0.5189164280891418,-0.1366686820983886,0.7872549891471863,0.6818788051605225,-0.0758764594793319,0.8149089217185974,0.6361351609230042,-0.1164837852120399,0.8256744146347046,0.5668261051177979,-0.1072958335280418,0.8237414360046387,0.5288123488426208,-0.0940337628126144,0.82648766040802,0.683382511138916,-0.084821380674839,0.8499171137809753,0.6465121507644653,-0.1116518080234527,0.854555606842041,0.589284360408783,-0.1055352464318275,0.8482444882392883,0.5574135780334473,-0.0954140797257423,Pointing_Right
508491772433804_.pic.jpg,1.048227071762085,0.8426124453544617,-1.604087060513848e-06,0.893550455570221,0.735025942325592,0.0536746457219123,0.7147141695022583,0.6721478700637817,0.0465217866003513,0.5391124486923218,0.667403519153595,0.020800607278943,0.4089175462722778,0.691670298576355,-0.0140592064708471,0.6159881353378296,0.5478200912475586,-0.008191674016416,0.3535759449005127,0.5699103474617004,-0.0386288277804851,0.2065018713474273,0.5896925926208496,-0.0653636753559112,0.0976814031600952,0.5873714685440063,-0.0926186069846153,0.6173813343048096,0.5726068615913391,-0.0668045952916145,0.4124885499477386,0.7404618859291077,-0.0856307744979858,0.4966455101966858,0.8031259775161743,-0.0863346084952354,0.5757383108139038,0.797087550163269,-0.0988659337162971,0.6337068676948547,0.6437812447547913,-0.1197824329137802,0.477856308221817,0.8240131139755249,-0.1278629601001739,0.5743886828422546,0.8663749694824219,-0.1118551790714263,0.6468029022216797,0.8360515832901001,-0.1182652711868286,0.6483797430992126,0.7324607372283936,-0.171936810016632,0.5277890563011169,0.8694071769714355,-0.1923283040523529,0.5978441834449768,0.9018456935882568,-0.1827098429203033,0.6585086584091187,0.8826712965965271,-0.1788402795791626,Pointing_Left
508321772433787_.pic_thumb.jpg,1.0650986433029177,0.8767845630645752,-1.1234982366659096e-06,0.9721722602844238,0.7561849355697632,0.00909383315593,0.8092581629753113,0.6909920573234558,-0.0119398729875683,0.6432737708091736,0.6940567493438721,-0.0424356721341609,0.5256768465042114,0.729012131690979,-0.0812325775623321,0.724072277545929,0.5940883755683899,-0.0418346561491489,0.470807284116745,0.6186628937721252,-0.0898668244481086,0.3189222812652588,0.6344576478004456,-0.1294067054986953,0.2027485966682434,0.6266425848007202,-0.1635841727256775,0.7206719517707825,0.6266621351242065,-0.0816202387213707,0.5251110196113586,0.771331787109375,-0.111937016248703,0.6052308082580566,0.8343064188957214,-0.1211103573441505,0.6782083511352539,0.8325188755989075,-0.1345940083265304,0.7264631390571594,0.7025749087333679,-0.1203939095139503,0.5786017775535583,0.8624061346054077,-0.1479638218879699,0.6786801815032959,0.9077571034431458,-0.1443830281496048,0.7531574964523315,0.8834795355796814,-0.1501680016517639,0.7314927577972412,0.792497992515564,-0.1612534970045089,0.619489848613739,0.9207416772842408,-0.1991649270057678,0.6916886568069458,0.9526522159576416,-0.196704477071762,0.7540136575698853,0.9402652978897096,-0.1918528228998184,Pointing_Left
IMG_9826.JPG,0.797890305519104,0.6373651623725891,9.255182931156015e-08,0.7585411071777344,0.6477265954017639,-0.0168462004512548,0.7317668795585632,0.694512128829956,-0.0250586420297622,0.7361220121383667,0.7420096397399902,-0.0332508124411106,0.7578418850898743,0.7748162150382996,-0.0418804809451103,0.7348227500915527,0.788824200630188,-0.0107604470103979,0.73106849193573,0.8587618470191956,-0.0280425567179918,0.7337442636489868,0.9042248129844666,-0.0400272011756897,0.7369943857192993,0.941175937652588,-0.0486360415816307,0.7663297653198242,0.7923368811607361,-0.0152277601882815,0.7645628452301025,0.8513039350509644,-0.0428986623883247,0.7710754871368408,0.805907666683197,-0.0538970306515693,0.7716882228851318,0.767889142036438,-0.0542513020336627,0.797572910785675,0.7818390727043152,-0.0218752361834049,0.802188515663147,0.8259434103965759,-0.0532402656972408,0.8013449311256409,0.7723061442375183,-0.0544935874640941,0.79526287317276,0.7343940734863281,-0.0462166741490364,0.828607439994812,0.7611077427864075,-0.0293604079633951,0.8313645720481873,0.7987229824066162,-0.0525698438286781,0.8252010345458984,0.760941207408905,-0.0507076755166053,0.8168001770973206,0.7300255298614502,-0.0434931144118309,Pointing_Right
508271772433783_.pic.jpg,0.796198844909668,0.7492377758026123,-5.609845175058581e-07,0.7152790427207947,0.6360236406326294,0.0167336296290159,0.5987388491630554,0.5838479995727539,-0.0006884150789119,0.4895372092723846,0.5720204710960388,-0.0275348983705043,0.414501279592514,0.5809335112571716,-0.0608222745358943,0.5100357532501221,0.5379366278648376,-0.0141752967610955,0.3232145309448242,0.5699472427368164,-0.0381596535444259,0.2094150483608245,0.588021993637085,-0.0620029233396053,0.1277204751968383,0.5886821746826172,-0.0859728977084159,0.5000869035720825,0.5696321725845337,-0.0464287661015987,0.3570853769779205,0.6735571622848511,-0.0592103898525238,0.4223057627677917,0.7120872139930725,-0.0653664022684097,0.4828614890575409,0.7049623727798462,-0.0774169489741325,0.5046639442443848,0.62518310546875,-0.0763822272419929,0.3995705544948578,0.7381410598754883,-0.081014946103096,0.4782097339630127,0.7598236203193665,-0.0737402811646461,0.5366432070732117,0.7361756563186646,-0.080774575471878,0.5106619596481323,0.688217282295227,-0.1080567315220832,0.44069904088974,0.7771923542022705,-0.1275477111339569,0.5033787488937378,0.7950894832611084,-0.1243062317371368,0.5510598421096802,0.777629554271698,-0.122059665620327,Pointing_Left
IMG_9555.JPG,0.7109187841415405,0.8733710050582886,-3.895267468578823e-07,0.6387120485305786,0.8385692238807678,0.0304381158202886,0.5986141562461853,0.7648921608924866,0.0456937216222286,0.5962092280387878,0.6986956596374512,0.0600468777120113,0.6243941783905029,0.6659283638000488,0.0723079070448875,0.6032866835594177,0.6859825849533081,0.0052384217269718,0.6027311682701111,0.5791869163513184,0.0161203760653734,0.6035881638526917,0.5234055519104004,0.0203915853053331,0.6051070690155029,0.4775992631912231,0.0216668602079153,0.6484826803207397,0.6674484014511108,0.004633872769773,0.6378796100616455,0.6299628615379333,0.0411853715777397,0.6348212361335754,0.6677381992340088,0.0650441125035286,0.6359662413597107,0.7007235288619995,0.0728688761591911,0.6904446482658386,0.6721524596214294,0.0082331597805023,0.6713675856590271,0.6546599268913269,0.0425210893154144,0.6707652807235718,0.689625084400177,0.0530853383243083,0.6750178933143616,0.7200505137443542,0.0496218986809253,0.7259769439697266,0.6793826818466187,0.0153325796127319,0.7073543071746826,0.6685152649879456,0.0448741503059864,0.7060075402259827,0.6988451480865479,0.0571701303124427,0.7100991010665894,0.7270362377166748,0.0598686411976814,Pointing_Left
509291772433891_.pic_thumb.jpg,0.2710279822349548,0.9114917516708374,-9.289530567002657e-08,0.4467487335205078,0.8226076364517212,-0.0181070640683174,0.5471680164337158,0.7255505323410034,-0.0345510840415954,0.6186646819114685,0.6510601043701172,-0.050209280103445,0.6910752654075623,0.609463095664978,-0.0617661476135253,0.3638678789138794,0.611885666847229,-0.0246464721858501,0.4432531297206878,0.6138564944267273,-0.046701181679964,0.4582476615905761,0.665751576423645,-0.0749209150671958,0.4365864992141723,0.6958405375480652,-0.0955300778150558,0.2548486590385437,0.6274355053901672,-0.0296270344406366,0.3517026007175445,0.6329762935638428,-0.0323866121470928,0.3744749724864959,0.6746302247047424,-0.0469145700335502,0.3496790826320648,0.7042380571365356,-0.0678160935640335,0.1726589053869247,0.6671077609062195,-0.0348719097673893,0.2595326602458954,0.6632691025733948,-0.0385185554623603,0.2861692011356354,0.6987147927284241,-0.0373056903481483,0.2700678706169128,0.7279453873634338,-0.0449219234287738,0.1113172173500061,0.7122997641563416,-0.041727490723133,0.1845429539680481,0.7132408618927002,-0.0434775426983833,0.2116012424230575,0.7447101473808289,-0.0297631528228521,0.2031322866678238,0.7714795470237732,-0.0217430721968412,Pointing_Right
IMG_9606.JPG,0.7950884699821472,0.8195101022720337,-2.408197019576619e-07,0.722772479057312,0.7844852209091187,0.0201385896652936,0.6840181350708008,0.7090833187103271,0.0283224433660507,0.6831839680671692,0.6444321274757385,0.0347651243209838,0.7120075821876526,0.6186054944992065,0.0394209958612918,0.6915605068206787,0.627913236618042,-0.0043789101764559,0.6957763433456421,0.5151562094688416,0.0013558302307501,0.7001380920410156,0.4558814764022827,0.0077591445297002,0.7051659822463989,0.4103646576404571,0.010729806497693,0.7383145093917847,0.6116856336593628,-0.0076191308908164,0.7349658012390137,0.5591417551040649,0.0095962407067418,0.7309319376945496,0.5905781984329224,0.0279698427766561,0.7307109236717224,0.626352846622467,0.0371842719614505,0.7815761566162109,0.6168034672737122,-0.0073905885219573,0.7659680843353271,0.5930808782577515,0.0120377307757735,0.76524817943573,0.6188449263572693,0.0247183963656425,0.7672464847564697,0.6518206596374512,0.0273860041052103,0.8165866136550903,0.6260838508605957,-0.0054628537036478,0.7987803816795349,0.6154221296310425,0.0123507045209407,0.7981213331222534,0.6407240033149719,0.022798990830779,0.8006951212882996,0.6683578491210938,0.027555089443922,Pointing_Left
IMG_9685.JPG,0.8185840845108032,0.7021583318710327,2.0424907631877434e-07,0.735036313533783,0.6944186091423035,-0.024345988407731,0.6775595545768738,0.6424548625946045,-0.035200048238039,0.6377131938934326,0.5849627256393433,-0.0373915769159793,0.6182140111923218,0.5321856737136841,-0.0360948517918586,0.7249414324760437,0.5353773832321167,-0.0487658940255641,0.692695140838623,0.421084851026535,-0.0535632744431495,0.6768456101417542,0.3613059520721435,-0.0471880473196506,0.670264720916748,0.3193712830543518,-0.0379651226103305,0.7691053152084351,0.5167073011398315,-0.0265473537147045,0.7421950697898865,0.3993769884109497,-0.0264471601694822,0.712239146232605,0.3580434918403625,-0.0053863376379013,0.6917747855186462,0.3437435925006866,0.015682877972722,0.8032082319259644,0.517585813999176,-0.0035157033707946,0.7797445058822632,0.4111977517604828,-0.0026159647386521,0.7486833930015564,0.3798475861549377,0.0167580861598253,0.7268127799034119,0.3735235035419464,0.0375462137162685,0.8260214924812317,0.5281143188476562,0.0188389588147401,0.8094111680984497,0.4435453116893768,0.0262923892587423,0.782751739025116,0.4174736142158508,0.042342621833086,0.7641315460205078,0.4153030514717102,0.0597295947372913,Pointing_Left
508041772433761_.pic.jpg,0.8959238529205322,0.7532030344009399,-7.596215709781973e-07,0.822151243686676,0.6526495814323425,0.0311141610145568,0.7284386157989502,0.5905847549438477,0.0216314811259508,0.6714444160461426,0.549112856388092,-0.0001640361151657,0.6464307904243469,0.5175819993019104,-0.0285640209913253,0.595024824142456,0.536304235458374,-0.0022124340757727,0.4139446020126343,0.5584277510643005,-0.0170101299881935,0.3103712797164917,0.5690588355064392,-0.0377653576433658,0.2340786159038543,0.5647681951522827,-0.0607701987028121,0.5800718069076538,0.5630365014076233,-0.037601388990879,0.4497496783733368,0.6721027493476868,-0.0452510081231594,0.5125538110733032,0.7047050595283508,-0.0516528114676475,0.5701179504394531,0.6943425536155701,-0.0662619918584823,0.5811232328414917,0.6161414384841919,-0.0682244226336479,0.4886283874511719,0.7306010723114014,-0.0635095760226249,0.5582610964775085,0.7488611936569214,-0.0546284466981887,0.6121280789375305,0.724405825138092,-0.0641875863075256,0.5859057307243347,0.6774056553840637,-0.0996659472584724,0.5243554711341858,0.7646175622940063,-0.1115203946828842,0.5841953754425049,0.7807712554931641,-0.1058488115668296,0.6300457119941711,0.7640233039855957,-0.1037588492035865,Pointing_Left
507981772433755_.pic_thumb.jpg,0.9654660224914552,0.4865543842315674,-5.149875050847186e-07,0.8829781413078308,0.425166517496109,0.0225828308612108,0.77226722240448,0.39848592877388,0.0131161604076623,0.6752504706382751,0.405083954334259,-0.0072320410981774,0.6080783009529114,0.4272513687610626,-0.0337900146842002,0.676563560962677,0.3413265943527221,0.0155465193092823,0.5241697430610657,0.3789731860160827,-0.0058964742347598,0.4319652915000915,0.390850305557251,-0.0251964349299669,0.3663804233074188,0.3865750133991241,-0.0432448610663414,0.6748504042625427,0.347367525100708,-0.0173822250217199,0.5535276532173157,0.4543763995170593,-0.0361290276050567,0.6214241981506348,0.4868104457855224,-0.039926778525114,0.6772236824035645,0.4836041629314422,-0.0418318919837474,0.6837524771690369,0.3793501853942871,-0.0504073090851306,0.5876057744026184,0.4896050691604614,-0.0679754018783569,0.6678656339645386,0.5143894553184509,-0.0631886944174766,0.7223476767539978,0.4993951916694641,-0.0619286261498928,0.6990247368812561,0.42180997133255,-0.0833361372351646,0.6323384046554565,0.508286714553833,-0.1070987656712532,0.6905581951141357,0.5276214480400085,-0.1057555526494979,0.7332749962806702,0.5181578397750854,-0.1010480523109436,Pointing_Left
IMG_9776.JPG,0.885272741317749,0.5208531618118286,-4.973701805965902e-08,0.8378569483757019,0.5113322734832764,-0.0267713833600282,0.7944976091384888,0.5201463103294373,-0.0515101738274097,0.7887454032897949,0.5373747944831848,-0.0760320723056793,0.8165750503540039,0.5472540855407715,-0.1005655080080032,0.7912694811820984,0.6580052375793457,-0.0531414523720741,0.787163496017456,0.7404133081436157,-0.0896612480282783,0.7893697619438171,0.7944232821464539,-0.1133220568299293,0.7942568063735962,0.8424283862113953,-0.1297849118709564,0.835658848285675,0.6837978959083557,-0.0588907487690448,0.8405638337135315,0.6492366194725037,-0.1064123064279556,0.8441110849380493,0.5714473724365234,-0.1179290637373924,0.8449317216873169,0.5254407525062561,-0.1178604140877723,0.8786289691925049,0.6765321493148804,-0.0665417835116386,0.8816866278648376,0.6217314600944519,-0.1065864786505699,0.8744094371795654,0.5547056198120117,-0.1005140468478202,0.8671956062316895,0.5167083144187927,-0.0882379487156868,0.9160866141319276,0.6537693738937378,-0.0773838236927986,0.914531111717224,0.6066794395446777,-0.1034848541021347,0.9041867256164552,0.555133581161499,-0.0986358448863029,0.8923735618591309,0.5282425880432129,-0.0890352725982666,Pointing_Right
509121772433869_.pic_thumb.jpg,0.4507847428321838,0.6903451681137085,-1.1560996426851489e-07,0.6027968525886536,0.663698673248291,-0.0401777736842632,0.6997066736221313,0.6058270335197449,-0.0617284961044788,0.7736764550209045,0.5586925745010376,-0.0773084908723831,0.8411515355110168,0.5303962230682373,-0.0897718742489814,0.5678527355194092,0.496813029050827,-0.0510809756815433,0.6507077217102051,0.5268809795379639,-0.083189770579338,0.6706742644309998,0.5736133456230164,-0.1145062670111656,0.6625936031341553,0.5967398881912231,-0.1361867636442184,0.4939689040184021,0.4953894913196563,-0.0434216111898422,0.5835202932357788,0.5338734984397888,-0.0642900988459587,0.6014451384544373,0.5732030272483826,-0.0851701274514198,0.5877096652984619,0.5927238464355469,-0.1073437929153442,0.440589964389801,0.5146429538726807,-0.0381496101617813,0.5179699063301086,0.544079065322876,-0.0635971873998642,0.5350254774093628,0.5742892622947693,-0.073207601904869,0.523750364780426,0.591569185256958,-0.0826468467712402,0.4030454158782959,0.5376960039138794,-0.0353116504848003,0.4609577655792236,0.5564960241317749,-0.0561732165515422,0.4760938286781311,0.5798946022987366,-0.0570945926010608,0.4707697629928589,0.5950650572776794,-0.0576584339141845,Pointing_Right
508221772433778_.pic_thumb.jpg,0.8983907103538513,0.7100327014923096,-5.429537281997909e-07,0.8123526573181152,0.6203916072845459,0.0204832553863525,0.7081800103187561,0.5788683891296387,0.0085216369479894,0.6109530329704285,0.5917839407920837,-0.0142020806670188,0.5452226996421814,0.6342227458953857,-0.0430551841855049,0.5985956192016602,0.5318889617919922,-0.0085463058203458,0.4369681179523468,0.5518240928649902,-0.0324620231986045,0.3357201516628265,0.5688582062721252,-0.0576351769268512,0.2552306950092315,0.5754545331001282,-0.0822188109159469,0.5816073417663574,0.5636821389198303,-0.042919423431158,0.4728931784629822,0.6623960137367249,-0.0623699426651001,0.5387287735939026,0.6908177733421326,-0.0710880681872367,0.5944012999534607,0.6782534122467041,-0.0831395983695983,0.5877432227134705,0.6198077201843262,-0.0744899362325668,0.5047463178634644,0.7206852436065674,-0.0857566222548484,0.5705840587615967,0.7373819947242737,-0.0767424330115318,0.6182454228401184,0.7145602107048035,-0.0800379440188407,0.6018264293670654,0.6848416328430176,-0.107012003660202,0.5496222376823425,0.7647688388824463,-0.1268700510263443,0.6094377040863037,0.774229884147644,-0.1192262768745422,0.6556484699249268,0.7537291049957275,-0.1133486479520797,Pointing_Left
IMG_9601.JPG,0.85329270362854,0.8086703419685364,-2.0718343307635226e-07,0.7768384218215942,0.7873296141624451,0.0045032142661511,0.7291489839553833,0.7070311307907104,0.0118609480559825,0.725856602191925,0.6324973106384277,0.0248461440205574,0.7554422616958618,0.5975902080535889,0.037349384278059,0.7586418986320496,0.6320345401763916,-0.0213769692927598,0.7619141340255737,0.5206467509269714,-0.0182703454047441,0.7653864622116089,0.4595455527305603,-0.0186516158282756,0.7697992920875549,0.410536527633667,-0.0201224032789468,0.8067954778671265,0.6167904138565063,-0.0111905531957745,0.7855923771858215,0.5686158537864685,0.0168558694422245,0.7761110067367554,0.6036467552185059,0.0407174378633499,0.778631865978241,0.637771725654602,0.0504827126860618,0.8452093601226807,0.6218912601470947,0.0007977359346114,0.8143935799598694,0.5916653275489807,0.0267119351774454,0.8084149360656738,0.6239218711853027,0.0384092144668102,0.8129602670669556,0.6544128060340881,0.0383729301393032,0.876390814781189,0.6314150094985962,0.0139409732073545,0.84757000207901,0.6106066703796387,0.0360243767499923,0.8417848348617554,0.6361550688743591,0.046212550252676,0.8455053567886353,0.6639633178710938,0.0488245896995067,Pointing_Left
IMG_9830.JPG,0.8181173801422119,0.617859423160553,6.539926999948875e-08,0.7758551239967346,0.6281538605690002,-0.0196853764355182,0.7467612028121948,0.6697819232940674,-0.0319853834807872,0.7552273273468018,0.7116085886955261,-0.0440300069749355,0.7800041437149048,0.7387592792510986,-0.0565737709403038,0.7509970664978027,0.7738441228866577,-0.0201743673533201,0.7495460510253906,0.8473151922225952,-0.0413584150373935,0.7532119154930115,0.8951044082641602,-0.056526094675064,0.757983922958374,0.9345411658287048,-0.0676227062940597,0.786442756652832,0.774075984954834,-0.0244737342000007,0.7858832478523254,0.8268447518348694,-0.0563222020864486,0.7932326197624207,0.7723275423049927,-0.0696872174739837,0.7943724989891052,0.7302958965301514,-0.0720253139734268,0.8191977143287659,0.7618809938430786,-0.0307874251157045,0.8255731463432312,0.801676869392395,-0.0638565719127655,0.8226881623268127,0.7452790141105652,-0.0657940357923507,0.8149815797805786,0.7045236229896545,-0.0586222633719444,0.8490102291107178,0.740929126739502,-0.038217794150114,0.8538213968276978,0.7769515514373779,-0.0610493868589401,0.8459832072257996,0.7380957007408142,-0.0591523014008998,0.8347983956336975,0.7065898180007935,-0.0526252873241901,Pointing_Right
IMG_9762.JPG,0.9113712310791016,0.6178388595581055,-5.321658136381302e-07,0.8213145732879639,0.6723849773406982,0.0003278055810369,0.7344608902931213,0.6881037354469299,-0.0108518786728382,0.6581097841262817,0.7013901472091675,-0.0210820827633142,0.6178282499313354,0.7509472966194153,-0.027720047160983,0.705797016620636,0.6351032257080078,-0.0396535508334636,0.6229445338249207,0.5676037669181824,-0.0458968468010425,0.6595189571380615,0.567338228225708,-0.0357986465096473,0.6945716738700867,0.5846540331840515,-0.0262338891625404,0.7296354174613953,0.5596238970756531,-0.0442382805049419,0.648369550704956,0.498361587524414,-0.0398659408092498,0.6793032288551331,0.5105092525482178,-0.0244256239384412,0.7060221433639526,0.5311188101768494,-0.0177283007651567,0.7590969204902649,0.4888839423656463,-0.0459247939288616,0.6781004667282104,0.4442318379878998,-0.0391548052430152,0.706082820892334,0.4597864151000976,-0.0225046705454587,0.7354231476783752,0.4809525609016418,-0.0170076191425323,0.789941668510437,0.4316273927688598,-0.0471956878900527,0.7272353172302246,0.410840094089508,-0.0426407009363174,0.7468468546867371,0.4312410652637481,-0.0295080691576004,0.7718480229377747,0.4498802423477173,-0.0221893955022096,Pointing_Right
IMG_9686.JPG,0.7764053344726562,0.7482962608337402,1.946999645952019e-07,0.6991300582885742,0.7344900369644165,3.5371879221202107e-06,0.6510921120643616,0.6752657294273376,0.0001712934754323,0.6490998268127441,0.6038177013397217,0.0018120437161996,0.6777569651603699,0.5721114873886108,0.0043950956314802,0.6791543364524841,0.5855855345726013,-0.0181674193590879,0.6665340065956116,0.4715381860733032,-0.0252408627420663,0.6609864234924316,0.4100371301174164,-0.0272605698555707,0.6594071388244629,0.3627407550811767,-0.0270958822220563,0.7237690091133118,0.5648503303527832,-0.0157089363783597,0.7026535868644714,0.4435227513313293,-0.0198694020509719,0.6880609393119812,0.3753975927829742,-0.0177315156906843,0.6829509139060974,0.3253718614578247,-0.0145585248246788,0.7651861310005188,0.5623248219490051,-0.0107484851032495,0.7417342066764832,0.4794939160346985,-0.0120188668370246,0.7258654236793518,0.5015773773193359,-0.0020658236462622,0.7234697937965393,0.5352147221565247,0.0096823628991842,0.8001186847686768,0.5697524547576904,-0.0054155699908733,0.7746634483337402,0.5058542490005493,-0.0004501872172113,0.760187566280365,0.5201382040977478,0.0126182753592729,0.7613676190376282,0.5477769374847412,0.0258933044970035,Pointing_Left
IMG_9618.JPG,0.8344225287437439,0.7875082492828369,-2.2376765684839486e-07,0.7545834183692932,0.7504434585571289,0.0090945195406675,0.7132958173751831,0.6658669710159302,0.0138047020882368,0.7192428708076477,0.5936988592147827,0.018658947199583,0.756672203540802,0.5724735856056213,0.0221801865845918,0.7392765283584595,0.5902150273323059,-0.0117015726864337,0.7427486777305603,0.4788051843643188,-0.0091396756470203,0.7477388978004456,0.4180563688278198,-0.0062672710046172,0.7523088455200195,0.3715415894985199,-0.0063797999173402,0.7896093130111694,0.5754569172859192,-0.0107504809275269,0.7732574939727783,0.5324181318283081,0.0028352609369903,0.7660297751426697,0.5628473162651062,0.0179509595036506,0.7677336931228638,0.5942069888114929,0.024461280554533,0.8313317894935608,0.5817068219184875,-0.0073842480778694,0.805259644985199,0.561636745929718,0.0062809935770928,0.8021059632301331,0.5859599113464355,0.0170556902885437,0.8055731058120728,0.617424726486206,0.0193274077028036,0.8631235361099243,0.5936890840530396,-0.0032811164855957,0.8388331532478333,0.5808011889457703,0.0094383200630545,0.8365771174430847,0.6052215099334717,0.0185700599104166,0.8402803540229797,0.6335502862930298,0.0232186671346426,Pointing_Left
IMG_9879.JPG,0.8034946918487549,0.5588312745094299,1.2028222329263374e-07,0.7598429918289185,0.5273035764694214,-0.0313868261873722,0.7184603810310364,0.5301724672317505,-0.053573302924633,0.7170785665512085,0.5566760897636414,-0.0730755254626274,0.7371406555175781,0.5910571813583374,-0.0905499085783958,0.6795423030853271,0.6372854113578796,-0.0506955496966838,0.6698803901672363,0.7106399536132812,-0.0891507938504219,0.6653856039047241,0.7688189744949341,-0.1165826767683029,0.6634511947631836,0.8207275867462158,-0.1346585154533386,0.7162631750106812,0.6725058555603027,-0.0514456406235694,0.7272154092788696,0.669122576713562,-0.0888926163315773,0.7481061220169067,0.6096426248550415,-0.0985764488577842,0.7576711177825928,0.5770912170410156,-0.1010764241218566,0.7545440196990967,0.6848393678665161,-0.0557318925857543,0.7732170820236206,0.6623013615608215,-0.0857165828347206,0.7822169065475464,0.6057642698287964,-0.0772268697619438,0.7804983258247375,0.5805025100708008,-0.0672856941819191,0.7893807888031006,0.6847777366638184,-0.0641559809446334,0.8048408627510071,0.6611140966415405,-0.083437331020832,0.8087918758392334,0.6176388263702393,-0.0771824717521667,0.8025158643722534,0.5965366363525391,-0.069387637078762,Pointing_Right
IMG_9744.JPG,0.7055289149284363,0.7141696214675903,-3.536059409725567e-07,0.7459173798561096,0.61725914478302,-0.0238149370998144,0.7537126541137695,0.5370610952377319,-0.0519297569990158,0.7642804384231567,0.4703927040100097,-0.0772996619343757,0.7713723182678223,0.4018468260765075,-0.0982054248452186,0.6570170521736145,0.5047614574432373,-0.0801374614238739,0.7450547218322754,0.5083391070365906,-0.122068241238594,0.7749159336090088,0.5665650963783264,-0.1344746053218841,0.7688087821006775,0.5964536070823669,-0.1418526768684387,0.6359005570411682,0.5555762648582458,-0.089130200445652,0.7393273711204529,0.5512917041778564,-0.140034794807434,0.767112135887146,0.6069605350494385,-0.1456563770771026,0.7580472230911255,0.6301178932189941,-0.1484237909317016,0.632281482219696,0.611545979976654,-0.0981389731168747,0.7271028757095337,0.601601243019104,-0.1418308168649673,0.7532714605331421,0.6423496007919312,-0.1290555894374847,0.741924524307251,0.6592667102813721,-0.1179496198892593,0.6357105374336243,0.6658912897109985,-0.1087480708956718,0.7028680443763733,0.6555660367012024,-0.1398580223321914,0.7311552166938782,0.6689038276672363,-0.1350829452276229,0.7251177430152893,0.6732941269874573,-0.1289730966091156,Pointing_Left
IMG_9682.JPG,0.7212393283843994,0.8303936719894409,2.665848910510249e-07,0.774021327495575,0.7284215092658997,0.0136578045785427,0.7882730960845947,0.6547247171401978,0.0011091493070125,0.8049846887588501,0.6026115417480469,-0.0206638295203447,0.8192209005355835,0.5531051754951477,-0.0407975353300571,0.6875900030136108,0.568570613861084,-0.0033683073706924,0.6968719959259033,0.4841545820236206,-0.0299800503998994,0.7055342793464661,0.421970009803772,-0.0475219897925853,0.708450198173523,0.3706090450286865,-0.0594348721206188,0.674950361251831,0.5861379504203796,-0.0291849300265312,0.7636167407035828,0.5109431147575378,-0.0617521218955516,0.798967182636261,0.5696848630905151,-0.0646849572658538,0.8003396987915039,0.6145614981651306,-0.0584756433963775,0.6857073307037354,0.6211680769920349,-0.0553664825856685,0.7779313921928406,0.5652201175689697,-0.0810152888298034,0.8072056770324707,0.6223343014717102,-0.0640614330768585,0.7993476390838623,0.66212397813797,-0.0454519614577293,0.7078024744987488,0.6621264219284058,-0.0817413553595542,0.7832049131393433,0.6263583302497864,-0.0902289152145385,0.8056163191795349,0.6602886915206909,-0.0724616274237632,0.7983169555664062,0.6873098611831665,-0.0563115440309047,Pointing_Left
IMG_9602.JPG,0.922893226146698,0.8267277479171753,-2.303835628936213e-07,0.8361907005310059,0.7919613122940063,0.0022760480642318,0.7857972383499146,0.6945984363555908,0.0077593815512955,0.7851182222366333,0.6104717254638672,0.0171999987214803,0.8201561570167542,0.5830862522125244,0.0262481067329645,0.8307800889015198,0.6197453737258911,-0.0204011350870132,0.8344173431396484,0.49850594997406,-0.0199497453868389,0.841383159160614,0.4318730235099792,-0.0201455801725387,0.8482781648635864,0.381225436925888,-0.0218955092132091,0.886391818523407,0.6058797836303711,-0.013797603547573,0.8576973080635071,0.5572018027305603,0.0017979511758312,0.8449946641921997,0.5907439589500427,0.0198939181864261,0.8476887345314026,0.6237460970878601,0.0283513274043798,0.9268988966941832,0.6129514575004578,-0.0053885942324995,0.8884446620941162,0.5841096639633179,0.0092758638784289,0.879769504070282,0.6121721863746643,0.020348547026515,0.8838767409324646,0.645605742931366,0.022933293133974,0.9574132561683656,0.6268845200538635,0.003620802424848,0.922066569328308,0.605469822883606,0.0169426631182432,0.9156079292297364,0.6303852200508118,0.0263111516833305,0.9199918508529664,0.6612803339958191,0.0308917742222547,Pointing_Left
IMG_9708.JPG,0.6553359031677246,0.8198604583740234,1.637478277416449e-07,0.6330234408378601,0.7323527932167053,0.0211520679295063,0.6433719396591187,0.6515718102455139,0.0198211781680583,0.6700417995452881,0.5937849879264832,0.014138882048428,0.6997542977333069,0.5613730549812317,0.0106588546186685,0.6265010237693787,0.617538571357727,-0.0205472521483898,0.6415470838546753,0.519384503364563,-0.0386014059185981,0.6560032367706299,0.4640129506587982,-0.0470389313995838,0.6719340085983276,0.4215708971023559,-0.0522328689694404,0.6497258543968201,0.6279749274253845,-0.0386609435081481,0.6864880323410034,0.5216994285583496,-0.055600993335247,0.721907377243042,0.4784556329250335,-0.0575702674686908,0.7491319179534912,0.4525619745254516,-0.0600185766816139,0.679877519607544,0.6512758135795593,-0.0527630969882011,0.741229772567749,0.5811593532562256,-0.0601152367889881,0.7440330386161804,0.6121084094047546,-0.0424801856279373,0.733563244342804,0.6424965262413025,-0.0293610971421003,0.7117480635643005,0.68276447057724,-0.0660997480154037,0.7627556324005127,0.6371263265609741,-0.0652113631367683,0.7610586881637573,0.6578132510185242,-0.0493613444268703,0.7484101057052612,0.6772953271865845,-0.0369110666215419,Pointing_Left
508191772433775_.pic_thumb.jpg,0.7930508852005005,0.6855153441429138,-5.323798291101411e-07,0.7127580046653748,0.5986823439598083,0.0186193585395813,0.6111716628074646,0.564092755317688,0.0088045224547386,0.520807147026062,0.5807596445083618,-0.0108732245862483,0.462881475687027,0.6196684241294861,-0.0367017053067684,0.5276432037353516,0.520659863948822,-0.0023068382870405,0.3733300566673279,0.5418755412101746,-0.021403320133686,0.2837243378162384,0.5556761026382446,-0.0425029136240482,0.2162426114082336,0.5598058104515076,-0.0630430430173873,0.5068376660346985,0.5511287450790405,-0.0306937638670206,0.4078139066696167,0.6383026242256165,-0.0506690815091133,0.4666343927383423,0.66700679063797,-0.0591792725026607,0.5186771154403687,0.6597204208374023,-0.0679211318492889,0.5029613375663757,0.6019942164421082,-0.0563521422445774,0.4311389327049255,0.6901341676712036,-0.0696703791618347,0.4914821088314056,0.7082866430282593,-0.0632195696234703,0.5376405715942383,0.6913573741912842,-0.0642412081360817,0.5057191252708435,0.6602768301963806,-0.0826015546917915,0.4667525887489319,0.729485809803009,-0.1009078174829483,0.522284746170044,0.7446122169494629,-0.0944172814488411,0.5644457936286926,0.7321245670318604,-0.0878060013055801,Pointing_Left
IMG_9798.JPG,0.8346474766731262,0.5008558034896851,1.4100010048423428e-07,0.7760763168334961,0.4749864935874939,-0.0302773565053939,0.7230138182640076,0.4792556166648865,-0.0564432144165039,0.7026837468147278,0.4981103539466858,-0.0831619575619697,0.7261962294578552,0.5276273488998413,-0.1092613041400909,0.673976480960846,0.6166680455207825,-0.0452956855297088,0.6546470522880554,0.7081934809684753,-0.0853806138038635,0.6447070837020874,0.77119380235672,-0.1148908212780952,0.6408843994140625,0.8247178792953491,-0.1344418972730636,0.7159585356712341,0.6560361385345459,-0.0526729561388492,0.7083768248558044,0.6491891145706177,-0.10549808293581,0.7343605756759644,0.5742987394332886,-0.1245472803711891,0.7563058733940125,0.5248225927352905,-0.1283842027187347,0.7624140381813049,0.6728556752204895,-0.0632663667201995,0.7675142884254456,0.6424623727798462,-0.1111200079321861,0.7834761738777161,0.5629596710205078,-0.112058974802494,0.7931618690490723,0.5098647475242615,-0.1019398421049118,0.8056687116622925,0.6738653182983398,-0.0769979953765869,0.8079618811607361,0.6536870002746582,-0.1060097590088844,0.8155785799026489,0.5955609083175659,-0.103347823023796,0.8160136938095093,0.5532455444335938,-0.0951061621308326,Pointing_Right
IMG_9846.JPG,0.6709756851196289,0.6111854314804077,7.69963470759194e-09,0.6132897138595581,0.5930069088935852,-0.0184304099529981,0.5568945407867432,0.6147869825363159,-0.0328240022063255,0.5286879539489746,0.6542937159538269,-0.0489822551608085,0.5528860688209534,0.6952477693557739,-0.0661996826529502,0.537534773349762,0.7535309791564941,-0.0298585351556539,0.5136104822158813,0.8565869331359863,-0.0594732537865638,0.5037065744400024,0.9171217679977416,-0.0819416567683219,0.4970364570617676,0.9749184846878052,-0.0989350080490112,0.5754989385604858,0.7664186954498291,-0.0395825058221817,0.5544770359992981,0.822914183139801,-0.0810532718896865,0.5679410696029663,0.7505882978439331,-0.098563514649868,0.579701840877533,0.698485255241394,-0.104213148355484,0.6165011525154114,0.7664051055908203,-0.0509005486965179,0.6075462698936462,0.8109638690948486,-0.0904155895113945,0.6131700873374939,0.7333128452301025,-0.0923369750380516,0.6165187358856201,0.6776397228240967,-0.0858301371335983,0.6575281023979187,0.7579619884490967,-0.0639602914452552,0.6546087265014648,0.7932294011116028,-0.0918524414300918,0.6520256996154785,0.7380002737045288,-0.0922756269574165,0.6471704840660095,0.6914153099060059,-0.0880681052803993,Pointing_Right
IMG_9859.JPG,0.9182621240615844,0.5708593130111694,-4.249208984674624e-07,0.8597202301025391,0.6343152523040771,-0.0057500158436596,0.8034560680389404,0.6813146471977234,-0.0199919957667589,0.7597050070762634,0.7317321300506592,-0.033165019005537,0.7455226182937622,0.7893780469894409,-0.0441946387290954,0.7852052450180054,0.6078790426254272,-0.0384731292724609,0.7105914950370789,0.6002858877182007,-0.0447008423507213,0.7342286705970764,0.6099891066551208,-0.0380425006151199,0.7635440230369568,0.6148960590362549,-0.0320371091365814,0.790268063545227,0.5466905236244202,-0.0389178358018398,0.7115685939788818,0.5539349913597107,-0.043503925204277,0.7328248620033264,0.5678383708000183,-0.0346145741641521,0.7586426734924316,0.5699045658111572,-0.0302695762366056,0.7982378602027893,0.4950025379657745,-0.0367716364562511,0.7200450301170349,0.5110744833946228,-0.0377212092280387,0.7414765357971191,0.522815465927124,-0.0257200058549642,0.7683331966400146,0.5239387154579163,-0.0203872397541999,0.8077046871185303,0.4555140137672424,-0.034325148910284,0.7456851601600647,0.4741014540195465,-0.0340832769870758,0.7626445293426514,0.4881825149059295,-0.0236687939614057,0.78685462474823,0.4886762201786041,-0.0172173175960779,Pointing_Right
508961772433851_.pic_thumb.jpg,0.6284521222114563,0.4437768459320068,-4.949961862621421e-07,0.7414290904998779,0.4259690642356872,-0.0005790361901745,0.8219850659370422,0.3780397176742553,-0.0063700708560645,0.8812036514282227,0.3431915044784546,-0.0146225597709417,0.9372388124465942,0.3361168503761291,-0.0235221069306135,0.7562734484672546,0.2657071650028229,-0.0069438875652849,0.7475942969322205,0.2815532088279724,-0.0127091780304908,0.7415016889572144,0.3171237409114837,-0.0278909634798765,0.7370371222496033,0.3374546766281128,-0.0412934496998786,0.6786720752716064,0.2619205713272095,-0.0163280442357063,0.6820418834686279,0.2891604602336883,-0.0086272591724991,0.6845394372940063,0.3227376341819763,-0.0181889794766902,0.6834788918495178,0.3411327600479126,-0.0341609977185726,0.6109471917152405,0.2781161069869995,-0.0232147201895713,0.6228965520858765,0.2996099591255188,-0.022844573482871,0.6330484747886658,0.3281361758708954,-0.0252479817718267,0.634408175945282,0.3449540734291076,-0.0335096716880798,0.5560027360916138,0.2986346185207367,-0.0299860183149576,0.5718873739242554,0.3208656013011932,-0.0288944374769926,0.5832512974739075,0.3490660786628723,-0.0183414947241544,0.5856519937515259,0.3653370141983032,-0.0125298257917165,Pointing_Right
IMG_9793.JPG,0.8284388780593872,0.5473158359527588,-6.33140246009134e-07,0.8265745639801025,0.6269158124923706,-0.0280733313411474,0.8061919808387756,0.7020745873451233,-0.0633292347192764,0.7886251211166382,0.7714440822601318,-0.091517835855484,0.7798089981079102,0.8440803289413452,-0.1154801920056343,0.8734108209609985,0.6116450428962708,-0.1394267082214355,0.749735414981842,0.6239006519317627,-0.1806315332651138,0.7731719017028809,0.6333070397377014,-0.1801689565181732,0.8091828227043152,0.6240280270576477,-0.1718796640634536,0.8769450187683105,0.5223435163497925,-0.1396995186805725,0.7308241724967957,0.5614456534385681,-0.183144137263298,0.7616994976997375,0.5806310176849365,-0.1636843979358673,0.8006877303123474,0.5685160160064697,-0.1466435343027115,0.8582439422607422,0.4534953832626343,-0.1359079033136367,0.7259445786476135,0.4949102997779846,-0.1662202328443527,0.7603384256362915,0.5185813903808594,-0.1274004727602005,0.7981154322624207,0.5088098645210266,-0.0980585664510726,0.8331089019775391,0.4034820795059204,-0.1331091523170471,0.7376413345336914,0.437026172876358,-0.1382325589656829,0.7589437365531921,0.4597320258617401,-0.1067673787474632,0.7939636707305908,0.4536986947059631,-0.0869232416152954,Pointing_Right
508911772433846_.pic.jpg,0.6186436414718628,0.6503332853317261,-5.645886176353088e-07,0.7002906799316406,0.603863537311554,0.008727659471333,0.7538752555847168,0.5533649921417236,0.0058835614472627,0.7936663031578064,0.5086586475372314,0.000921982107684,0.8372425436973572,0.4908503890037536,-0.0056217201054096,0.6589183211326599,0.4645349979400635,-0.0211215913295745,0.6595787405967712,0.484009325504303,-0.0175796393305063,0.66133713722229,0.5135427117347717,-0.0196428839117288,0.6604831218719482,0.5338703989982605,-0.023938450962305,0.5842426419258118,0.4747125804424286,-0.0308977607637643,0.5917887091636658,0.4977070093154907,-0.0143865039572119,0.5983709096908569,0.5239145755767822,-0.0106562664732337,0.600161075592041,0.5444000959396362,-0.0192772671580314,0.5263786315917969,0.4990383982658386,-0.0355034545063972,0.5360677242279053,0.516771137714386,-0.0228920467197895,0.5471574068069458,0.5380890369415283,-0.016788575798273,0.5505272150039673,0.5589320659637451,-0.0221817046403884,0.4780527353286743,0.5257748961448669,-0.0395261906087398,0.4884032607078552,0.5361301898956299,-0.0308376811444759,0.5045467615127563,0.556153416633606,-0.0178611036390066,0.5129610896110535,0.5735760927200317,-0.0114704221487045,Pointing_Right
IMG_9751.JPG,0.995201826095581,0.518610417842865,-6.685575044684811e-07,0.919803500175476,0.619426965713501,-0.0440268069505691,0.8405861258506775,0.6935527920722961,-0.0772310197353363,0.7867534756660461,0.7627996206283569,-0.0999144539237022,0.7653928995132446,0.8393762111663818,-0.118807353079319,0.7904132008552551,0.4823650121688843,-0.0871518924832344,0.7152870297431946,0.5808899402618408,-0.0833420231938362,0.7519556283950806,0.6166346073150635,-0.0692887976765632,0.7847026586532593,0.6138530969619751,-0.0623372048139572,0.7992246150970459,0.4054341316223144,-0.0660018920898437,0.7217333316802979,0.5186598300933838,-0.0646776109933853,0.7525472640991211,0.5634186863899231,-0.0554181262850761,0.786114513874054,0.5671532154083252,-0.055298626422882,0.8164079785346985,0.3627605140209198,-0.0404163934290409,0.7468335032463074,0.463137686252594,-0.0342961438000202,0.7710503339767456,0.5064406991004944,-0.0257780421525239,0.8027409911155701,0.5216246843338013,-0.02731654047966,0.8348684310913086,0.3432901501655578,-0.0177216157317161,0.7850232720375061,0.4074035286903381,-0.0155571168288588,0.7992944121360779,0.4474402666091919,-0.0092024197801947,0.8182122707366943,0.4647867083549499,-0.0062649915926158,Pointing_Right
508561772433811_.pic_thumb.jpg,0.9633768200874328,0.782662570476532,-7.408877422676596e-07,0.8342874050140381,0.6704015731811523,0.0248424317687749,0.6800357103347778,0.6282134652137756,0.0057877274230122,0.5394474267959595,0.6466687917709351,-0.0279600955545902,0.440865695476532,0.6861749887466431,-0.0687762796878814,0.5832396745681763,0.5316189527511597,-0.0033259084448218,0.3642970621585846,0.565326988697052,-0.0322378948330879,0.2360726594924926,0.5855695009231567,-0.0631847232580185,0.1453796625137329,0.5851700305938721,-0.0931678190827369,0.5810821652412415,0.5601668357849121,-0.0456271171569824,0.4027119576931,0.7036187052726746,-0.058172807097435,0.4767172932624817,0.7438844442367554,-0.0665133297443389,0.5491918921470642,0.7280479669570923,-0.0841644927859306,0.5940556526184082,0.623932957649231,-0.0862783417105674,0.4631419479846954,0.7771090269088745,-0.090750440955162,0.551084041595459,0.800848662853241,-0.0844693332910537,0.617447555065155,0.7720836400985718,-0.0956308245658874,0.6087347269058228,0.7008934020996094,-0.1292743235826492,0.5195494890213013,0.8153064250946045,-0.1501052975654602,0.5882090330123901,0.8356786966323853,-0.1467376947402954,0.6478939652442932,0.8170966506004333,-0.1456547826528549,Pointing_Left
508791772433834_.pic_thumb.jpg,0.3953425586223602,0.9347016215324402,-6.222051069926238e-07,0.639877438545227,0.8382643461227417,0.0022772885859012,0.7623222470283508,0.6940953731536865,0.0022272404748946,0.8408089876174927,0.5866603255271912,0.0022560565266758,0.9379326105117798,0.5511122941970825,0.003529087640345,0.5730732679367065,0.5262778401374817,-0.0366908423602581,0.6480535268783569,0.5441718697547913,-0.0405922383069992,0.6508239507675171,0.6194915771484375,-0.0533180460333824,0.6262987852096558,0.661491870880127,-0.0678674280643463,0.4218093454837799,0.5403456091880798,-0.0472114160656929,0.5092964172363281,0.5723470449447632,-0.0219798721373081,0.5252115726470947,0.6362113952636719,-0.0199488941580057,0.4968804717063904,0.6711169481277466,-0.0418669916689395,0.2990223467350006,0.5932633876800537,-0.0521212890744209,0.372997522354126,0.6143361330032349,-0.0376148708164691,0.3977942764759063,0.6664136648178101,-0.0271540712565183,0.3767861127853393,0.7013022899627686,-0.039096713066101,0.2007247507572174,0.6516152620315552,-0.0560358650982379,0.2608833611011505,0.6573792695999146,-0.0491724275052547,0.2917269170284271,0.6974745988845825,-0.0294525381177663,0.2850954234600067,0.7267987132072449,-0.0228279698640108,Pointing_Right
508761772433831_.pic.jpg,0.2843498587608337,0.8895893096923828,-4.531458444034797e-07,0.5003076195716858,0.7785630226135254,-0.0161366108804941,0.620671272277832,0.6494355797767639,-0.0416441187262535,0.7189085483551025,0.5565359592437744,-0.0647187754511833,0.8288915157318115,0.5272420644760132,-0.085540197789669,0.4015515744686126,0.5131579041481018,-0.0710042938590049,0.5010669231414795,0.533711314201355,-0.0870344936847686,0.5214029550552368,0.6010913848876953,-0.10343699157238,0.5026078224182129,0.6410820484161377,-0.1198957413434982,0.260368287563324,0.5366200804710388,-0.0802229344844818,0.3654287457466125,0.5647101402282715,-0.0685916990041732,0.38864466547966,0.6208720803260803,-0.0668576136231422,0.3659712672233581,0.6534479260444641,-0.0877458751201629,0.1514493227005005,0.5919755697250366,-0.0853152126073837,0.2406925559043884,0.6003555059432983,-0.081566497683525,0.2720319032669067,0.646760880947113,-0.066087506711483,0.2581611275672912,0.6810318231582642,-0.0725896134972572,0.0680462718009948,0.6524253487586975,-0.090654544532299,0.1359542906284332,0.645388662815094,-0.0863238051533699,0.1762624084949493,0.683152973651886,-0.0605060942471027,0.1776011884212494,0.7146315574645996,-0.0491851568222045,Pointing_Right
IMG_9579.JPG,0.9182754755020142,0.8190159201622009,-4.738677716886741e-07,0.842268168926239,0.7887783050537109,0.0243182424455881,0.7964601516723633,0.7196492552757263,0.0458853580057621,0.7875687479972839,0.6596196293830872,0.0719814226031303,0.8065369725227356,0.6310280561447144,0.0978501439094543,0.8223257064819336,0.6256517767906189,0.0131061607971787,0.8122674822807312,0.5382033586502075,0.0334835648536682,0.8035069108009338,0.49199378490448,0.0381214581429958,0.7975299954414368,0.452121376991272,0.038952711969614,0.8649166822433472,0.6151753664016724,0.0261737629771232,0.8392561674118042,0.597866952419281,0.0794447734951973,0.8326932787895203,0.6382163166999817,0.1049738675355911,0.8349570631980896,0.6695781350135803,0.1109462454915046,0.8993210196495056,0.6245324611663818,0.043075542896986,0.8679047226905823,0.6130282282829285,0.0932223200798034,0.8619148135185242,0.6506755948066711,0.0978105664253234,0.8682512640953064,0.6788953542709351,0.0870129689574241,0.927384078502655,0.6318565011024475,0.0632921010255813,0.9013197422027588,0.6245657205581665,0.1037464812397956,0.891539990901947,0.6521260738372803,0.1117182821035385,0.8933622241020203,0.677648663520813,0.1088428050279617,Pointing_Left
IMG_9739.JPG,0.6927278637886047,0.8423394560813904,-4.259215700130881e-07,0.6467963457107544,0.7531018257141113,0.0316521041095256,0.6469677090644836,0.6705973148345947,0.0437984466552734,0.6739300489425659,0.6128813624382019,0.0514632016420364,0.7007761597633362,0.5904456377029419,0.05648835003376,0.6584081649780273,0.6013756990432739,0.0070018889382481,0.6788127422332764,0.5003049373626709,0.0133269894868135,0.6913099884986877,0.4417513608932495,0.0187539663165807,0.7013387680053711,0.3976188898086548,0.0203758124262094,0.7046515345573425,0.6135674715042114,-0.0035375128500163,0.7329912185668945,0.5648325681686401,0.0153885344043374,0.725973904132843,0.6005997657775879,0.0299425665289163,0.7170971632003784,0.627670407295227,0.0339267253875732,0.7466963529586792,0.6450704336166382,-0.0095547419041395,0.7659558057785034,0.6069124341011047,0.0129073280841112,0.7564646005630493,0.6357730627059937,0.027932584285736,0.746314287185669,0.6608173251152039,0.0292746778577566,0.7802903652191162,0.6772385239601135,-0.0130768232047557,0.7899271845817566,0.6473051309585571,0.0084929587319493,0.7796650528907776,0.6738925576210022,0.0238046739250421,0.7702444791793823,0.6983053684234619,0.0301197301596403,Pointing_Left
509011772433856_.pic.jpg,0.6448954939842224,0.6167320013046265,-6.984465130699391e-07,0.7559513449668884,0.5844612121582031,-0.0044320961460471,0.8342000842094421,0.5337357521057129,-0.0131103992462158,0.8960875868797302,0.485710471868515,-0.0216950364410877,0.9527235627174376,0.4659561216831207,-0.0312936045229435,0.7451357841491699,0.4075511693954468,-0.0367353931069374,0.7468109726905823,0.4306492209434509,-0.0369478315114975,0.7429704666137695,0.4725295305252075,-0.0406625382602214,0.7347916960716248,0.4986597299575805,-0.0468921214342117,0.6593213677406311,0.4032948315143585,-0.0441026240587234,0.6684814095497131,0.4387635588645935,-0.0329308249056339,0.6696721911430359,0.4756582081317901,-0.0338945537805557,0.6668849587440491,0.5004010200500488,-0.0466367416083812,0.5842384696006775,0.420974850654602,-0.0466727316379547,0.5967764854431152,0.4467966854572296,-0.0437197126448154,0.604773759841919,0.4790209233760834,-0.0421500727534294,0.6031286716461182,0.5045915246009827,-0.050566516816616,0.5183593034744263,0.443762719631195,-0.0491706542670726,0.5285396575927734,0.4652399718761444,-0.0512814372777938,0.537506103515625,0.4955896735191345,-0.0416462644934654,0.5384489893913269,0.5182183384895325,-0.0366544425487518,Pointing_Right
IMG_9562.JPG,0.9438142776489258,0.8609047532081604,-3.535627399742225e-07,0.86237633228302,0.8260781764984131,-0.0074417754076421,0.8102065324783325,0.7303540110588074,-0.0036836410872638,0.8087806701660156,0.644955575466156,0.0045163468457758,0.8444650173187256,0.621479868888855,0.0131964869797229,0.8669355511665344,0.653995931148529,-0.0156227322295308,0.8653299808502197,0.5427733063697815,-0.0091638611629605,0.8665405511856079,0.4842959642410278,-0.003687628544867,0.8690169453620911,0.4363757371902466,-0.0028566152323037,0.9158748984336852,0.6429558992385864,-0.0058372877538204,0.8731809854507446,0.6096603274345398,0.0050142332911491,0.860775351524353,0.6481788754463196,0.0184532273560762,0.8660879135131836,0.6821380257606506,0.0252931658178567,0.948468029499054,0.6481871604919434,0.0047594108618795,0.902496576309204,0.627518355846405,0.0120938420295715,0.8932594656944275,0.6588311195373535,0.0187459737062454,0.8978380560874939,0.6905182600021362,0.0206362009048461,0.9717183113098145,0.6582707166671753,0.0151695189997553,0.9318770170211792,0.6386733651161194,0.0213158968836069,0.9219476580619812,0.6640741229057312,0.0257017258554697,0.9244461059570312,0.6935896873474121,0.0282431207597255,Pointing_Left
IMG_9878.JPG,0.7931913733482361,0.5358002781867981,1.139125131999208e-07,0.7503264546394348,0.5069683790206909,-0.0289425291121006,0.7075199484825134,0.5084254741668701,-0.0510123111307621,0.6991873383522034,0.5360003113746643,-0.0716795846819877,0.7203438878059387,0.5712907314300537,-0.0914076343178749,0.6683245897293091,0.6174865365028381,-0.0454498901963233,0.655529260635376,0.6927431225776672,-0.0792369842529296,0.6482346653938293,0.747015118598938,-0.104263424873352,0.6438509821891785,0.7944807410240173,-0.121595911681652,0.7033025622367859,0.6497629880905151,-0.0474735423922538,0.7119247317314148,0.652002215385437,-0.0863149240612983,0.7328889966011047,0.5951150059700012,-0.0991625487804412,0.7446172833442688,0.5615179538726807,-0.1033582389354705,0.7397525906562805,0.6626237034797668,-0.0522949621081352,0.7557526230812073,0.6503354907035828,-0.0841455832123756,0.7652979493141174,0.5940060019493103,-0.0807052329182624,0.7671825885772705,0.563953161239624,-0.0735258311033248,0.7730308175086975,0.6645222902297974,-0.0605963766574859,0.7852397561073303,0.6484614610671997,-0.081155277788639,0.7901737689971924,0.6049388647079468,-0.0782998874783515,0.7859363555908203,0.5790983438491821,-0.0728956311941146,Pointing_Right
509121772433869_.pic.jpg,0.4532254338264465,0.6987116932868958,2.4798287867611183e-08,0.6045945882797241,0.6717018485069275,-0.0439712814986705,0.6996799111366272,0.6105239987373352,-0.0658532008528709,0.7747634053230286,0.5613635778427124,-0.0789925456047058,0.8417882919311523,0.5328744649887085,-0.0883075445890426,0.5672092437744141,0.4954805970191955,-0.060760922729969,0.6565762162208557,0.5274075269699097,-0.0837259963154792,0.6821619868278503,0.5751873850822449,-0.1062934547662735,0.6789949536323547,0.5998581051826477,-0.1227779760956764,0.4875665307044983,0.4979037642478943,-0.0472348630428314,0.5835263133049011,0.5391865372657776,-0.057293988764286,0.6072964072227478,0.5773305892944336,-0.0718030035495758,0.596514880657196,0.5966981053352356,-0.0919747427105903,0.4301005005836487,0.523921012878418,-0.0348916612565517,0.5115950107574463,0.5540553331375122,-0.0507180839776992,0.5355097651481628,0.5826749801635742,-0.0596833601593971,0.5270859003067017,0.5997387766838074,-0.071597471833229,0.3901955485343933,0.5542620420455933,-0.0247814636677503,0.4548927247524261,0.5769548416137695,-0.0393087305128574,0.4764809012413025,0.6000301837921143,-0.0405264906585216,0.4736096858978271,0.6158447265625,-0.0431172996759414,Pointing_Right
509271772433889_.pic_thumb.jpg,0.306606650352478,0.904633104801178,7.929853040877789e-08,0.4830086231231689,0.8308194875717163,-0.0362583361566066,0.5862985253334045,0.7333689332008362,-0.0575903877615928,0.664538562297821,0.6617013216018677,-0.0743561908602714,0.7436967492103577,0.6232056021690369,-0.0863534286618232,0.4014034271240234,0.6234252452850342,-0.0342592000961303,0.5043745636940002,0.6348304748535156,-0.0606059990823268,0.5159255266189575,0.6820400953292847,-0.0921857059001922,0.4878402650356293,0.7038020491600037,-0.1159302443265914,0.2965061068534851,0.6397095918655396,-0.0301859267055988,0.404975026845932,0.650221586227417,-0.0407156385481357,0.4246118366718292,0.6887759566307068,-0.0585037469863891,0.3931514322757721,0.7110275030136108,-0.0810368657112121,0.2164882719516754,0.6797993183135986,-0.0285982154309749,0.3098244667053222,0.6753498315811157,-0.0405866838991642,0.3315055966377258,0.7059263586997986,-0.0414266884326934,0.3079020380973816,0.7279358506202698,-0.0484155230224132,0.159061461687088,0.7230468392372131,-0.0297452751547098,0.2357463091611862,0.7207088470458984,-0.0375004224479198,0.2576109170913696,0.7457310557365417,-0.0275870207697153,0.2415079325437545,0.7658244371414185,-0.022018639370799,Pointing_Right
IMG_9732.JPG,0.5916024446487427,0.7939030528068542,-1.4613958398967952e-07,0.6018430590629578,0.7122594118118286,0.0402185544371604,0.631733238697052,0.6363340616226196,0.038857564330101,0.6760969161987305,0.5946802496910095,0.0290655959397554,0.7079633474349976,0.5716814398765564,0.017938757315278,0.6037935614585876,0.5721368193626404,-0.0149598941206932,0.617753267288208,0.479033887386322,-0.0340079702436924,0.629254162311554,0.4220944941043854,-0.0460470914840698,0.6339457035064697,0.3728507757186889,-0.0539840124547481,0.6079037189483643,0.5916085243225098,-0.0433982461690902,0.6989176273345947,0.5523986220359802,-0.051230352371931,0.7049669027328491,0.6033729910850525,-0.0399160869419574,0.6878179907798767,0.62791907787323,-0.0330704227089881,0.6208391785621643,0.6273151636123657,-0.0670448541641235,0.7112794518470764,0.5937872529029846,-0.0705677643418312,0.7091352939605713,0.6396063566207886,-0.0479946918785572,0.6874114871025085,0.6606516242027283,-0.0350703634321689,0.642562747001648,0.6640784740447998,-0.0870610550045967,0.7119211554527283,0.6449691653251648,-0.0794330686330795,0.7070157527923584,0.6778811812400818,-0.055690512061119,0.687419056892395,0.6933313608169556,-0.0416770912706851,Pointing_Left
IMG_9680.JPG,0.8602787256240845,0.8744413256645203,-1.836962439938361e-07,0.7731614708900452,0.8271254301071167,-0.0158950388431549,0.7181782722473145,0.7433879971504211,-0.0265727639198303,0.6847614049911499,0.6605367064476013,-0.0310617107897996,0.653667688369751,0.6018078923225403,-0.0343388207256794,0.7718237042427063,0.6512454152107239,-0.0448290258646011,0.7548791170120239,0.5252277255058289,-0.0490128733217716,0.7476459741592407,0.4640278816223144,-0.0448397360742092,0.742778480052948,0.4139077067375183,-0.0400083996355533,0.82491534948349,0.6319155693054199,-0.027108646929264,0.7895585894584656,0.5240077972412109,-0.0171537920832633,0.7649781107902527,0.5261319875717163,0.0069430726580321,0.7515078186988831,0.5464884042739868,0.0243130531162023,0.8665434122085571,0.6363095045089722,-0.0075707975775003,0.8225800395011902,0.556944727897644,0.0067004202865064,0.8001947402954102,0.5621170401573181,0.0292484294623136,0.7880991697311401,0.5809760093688965,0.0437976047396659,0.8966612815856934,0.6459313035011292,0.0110486717894673,0.8574470281600952,0.594393253326416,0.0272509288042783,0.8320819735527039,0.5952677726745605,0.0431171357631683,0.819033145904541,0.608265221118927,0.0551887191832065,Pointing_Left
508861772433841_.pic_thumb.jpg,0.4071643948554992,0.7663384079933167,-3.345286643252621e-07,0.5414267778396606,0.7046688199043274,-0.0114232571795582,0.6150311231613159,0.6251539587974548,-0.0230640787631273,0.6620380878448486,0.5641358494758606,-0.032766081392765,0.7195760011672974,0.5391336679458618,-0.0405946597456932,0.4777680933475494,0.5218951106071472,-0.0453418716788291,0.5220121741294861,0.5224922299385071,-0.0636657699942588,0.5366175174713135,0.5688098669052124,-0.0795842930674552,0.5242271423339844,0.6022415161132812,-0.0912933349609375,0.3948307633399963,0.531153678894043,-0.0501951985061168,0.4508422017097473,0.5472339391708374,-0.0534042119979858,0.4670624136924743,0.5849866271018982,-0.0590782165527343,0.4559349417686462,0.6095218062400818,-0.0734256878495216,0.3313170373439789,0.5621806979179382,-0.0526498258113861,0.3823547661304474,0.5783077478408813,-0.0597371235489845,0.3960642218589782,0.6081598997116089,-0.0560568459331989,0.3859355747699737,0.6280047297477722,-0.061501171439886,0.2832366228103637,0.5960216522216797,-0.0557524487376213,0.3247146606445312,0.6055371761322021,-0.0641537830233573,0.3417015969753265,0.6320533752441406,-0.0550668127834796,0.338992714881897,0.6504641771316528,-0.0500309206545352,Pointing_Right
IMG_9863.JPG,0.8288048505783081,0.5306824445724487,-4.14670267900874e-07,0.7818143367767334,0.6045947670936584,-0.0095637841150164,0.7351287603378296,0.662666380405426,-0.0274693928658962,0.7023681998252869,0.7232440710067749,-0.0441289991140365,0.6974107623100281,0.7852780818939209,-0.0590984039008617,0.6977622509002686,0.5729326605796814,-0.0409189090132713,0.635554313659668,0.5960705876350403,-0.0461209900677204,0.6629376411437988,0.605120837688446,-0.041033174842596,0.691370964050293,0.6033738851547241,-0.0371270775794982,0.6950608491897583,0.5144423246383667,-0.0404206700623035,0.6361898183822632,0.5495718121528625,-0.041635762900114,0.6589110493659973,0.5614808797836304,-0.0337787456810474,0.6819451451301575,0.5554679036140442,-0.0317891910672187,0.6984114050865173,0.4671877920627594,-0.0373001918196678,0.6400867104530334,0.5066604018211365,-0.0346222892403602,0.6615925431251526,0.517520010471344,-0.0231924466788768,0.6853768229484558,0.5133154988288879,-0.0196696911007165,0.7043185234069824,0.4320430755615234,-0.0347352474927902,0.6538009643554688,0.4640959203243255,-0.030457679182291,0.6709079146385193,0.4774422347545624,-0.0184708181768655,0.6929630041122437,0.4752029478549957,-0.0113531854003667,Pointing_Right
508151772433771_.pic_thumb.jpg,1.0295974016189575,0.7002401947975159,-4.4438237978283723e-07,0.94668447971344,0.6102824211120605,-0.0010571095626801,0.8255574703216553,0.5753658413887024,-0.0223084818571805,0.7145514488220215,0.5978276133537292,-0.0495699346065521,0.6409205198287964,0.6398228406906128,-0.0812798291444778,0.7613323330879211,0.5023053288459778,-0.0320498459041118,0.5861779451370239,0.525669276714325,-0.0634704306721687,0.4809668362140655,0.5389941930770874,-0.0945193767547607,0.4038322269916534,0.5359295606613159,-0.1219521537423133,0.7574851512908936,0.529764711856842,-0.0568381436169147,0.6266772747039795,0.6323674917221069,-0.0685868635773658,0.6832852363586426,0.6637042164802551,-0.0753606706857681,0.7362378835678101,0.6534346342086792,-0.0894033685326576,0.7672815322875977,0.58335280418396,-0.0816401019692421,0.6713896989822388,0.6951102018356323,-0.0858296602964401,0.7413288354873657,0.7109898328781128,-0.0813687965273857,0.7929196953773499,0.6854075193405151,-0.0897898748517036,0.7792325019836426,0.6450226902961731,-0.1101309284567833,0.7147505879402161,0.7288506031036377,-0.124542124569416,0.7705972790718079,0.7385461330413818,-0.119698092341423,0.8200838565826416,0.7225068211555481,-0.1172758042812347,Pointing_Left
508181772433774_.pic.jpg,1.0078994035720823,0.7268432378768921,-7.845323466426635e-07,0.9193148016929626,0.6215291023254395,0.0342746339738369,0.794391930103302,0.5782728791236877,0.0332783982157707,0.6756431460380554,0.5827321410179138,0.0199871193617582,0.5913941860198975,0.6100170612335205,0.0017778469482436,0.7149881720542908,0.5104590654373169,0.0084825633093714,0.5332815647125244,0.5370558500289917,-0.0077944071963429,0.4231582283973694,0.5498096942901611,-0.0288471691310405,0.3438453376293182,0.5411677360534668,-0.0524638369679451,0.7077783346176147,0.5354713201522827,-0.0319735519587993,0.5776164531707764,0.6506505608558655,-0.0343224219977855,0.6378355026245117,0.6829972267150879,-0.0369481556117534,0.6968938708305359,0.6718487739562988,-0.0495194941759109,0.7153280973434448,0.5910546779632568,-0.0699395462870597,0.6198471784591675,0.7127331495285034,-0.0665656924247741,0.69080650806427,0.7290189266204834,-0.0566674508154392,0.7445482611656189,0.7004727721214294,-0.0639137551188469,0.7285217642784119,0.6565733551979065,-0.1092889755964279,0.6637260913848877,0.7466722726821899,-0.1261457949876785,0.7218407988548279,0.757632315158844,-0.123328797519207,0.7706853151321411,0.7388378381729126,-0.1221490874886512,Pointing_Left
IMG_9563.JPG,0.9143955707550048,0.8816860914230347,-4.320046684824775e-07,0.8308457732200623,0.8525261282920837,-0.0072463233955204,0.775607705116272,0.7562034130096436,-0.0043368120677769,0.7712662816047668,0.6653044819831848,0.0044653555378317,0.80550616979599,0.6397512555122375,0.0142168812453746,0.8244845867156982,0.685585618019104,-0.02622677013278,0.8057202100753784,0.5677283406257629,-0.0243058744817972,0.796700656414032,0.5076553225517273,-0.0222718231379985,0.7908995151519775,0.4566130638122558,-0.0243647042661905,0.8756529688835144,0.6667839288711548,-0.0156324692070484,0.8330308198928833,0.6184272766113281,-0.0042654168792068,0.8240901231765747,0.6600680351257324,0.0122070489451289,0.8293641209602356,0.6933591961860657,0.0197172258049249,0.9132039546966552,0.665834903717041,-0.0038117950316518,0.8667899370193481,0.6337394118309021,0.0062458524480462,0.8598240613937378,0.6668950319290161,0.0176108106970787,0.8651899099349976,0.7001749277114868,0.0209830794483423,0.9411975145339966,0.6740490198135376,0.0075823594816029,0.9015468955039978,0.6472343802452087,0.0134530691429972,0.8908709287643433,0.6722826957702637,0.0183725524693727,0.8926249146461487,0.7025011777877808,0.0205163825303316,Pointing_Left
508061772433763_.pic.jpg,0.7942836284637451,0.7462366819381714,-6.363779903040268e-07,0.7165898084640503,0.6408749222755432,0.0463511683046817,0.6140557527542114,0.6016002893447876,0.0404892824590206,0.5170405507087708,0.6117259860038757,0.0186463929712772,0.4464488923549652,0.6479342579841614,-0.0121736004948616,0.5264670848846436,0.5512986779212952,0.01141610275954,0.3498846292495727,0.5689728856086731,0.0010355347767472,0.242714911699295,0.5839510560035706,-0.0125914486125111,0.1638031303882599,0.5846036672592163,-0.0303871072828769,0.5058822631835938,0.5790823101997375,-0.0315051563084125,0.3859203457832336,0.6757774949073792,-0.0330272242426872,0.4492085576057434,0.7156140208244324,-0.0315509289503097,0.5097245573997498,0.7089955806732178,-0.0386743880808353,0.5026881098747253,0.6343075037002563,-0.0690254643559455,0.4120534360408783,0.7341653108596802,-0.0624954774975776,0.4838132560253143,0.7591800093650818,-0.0517283268272876,0.54073166847229,0.7384894490242004,-0.0582614988088607,0.5026386380195618,0.6960057020187378,-0.1058286502957344,0.454509973526001,0.7789091467857361,-0.1194675043225288,0.5147430896759033,0.7974857091903687,-0.116439901292324,0.5620815753936768,0.779292106628418,-0.1156466975808143,Pointing_Left
IMG_9577.JPG,0.8848040699958801,0.8202052116394043,-4.825859036827751e-07,0.8153606057167053,0.785773515701294,0.0227244477719068,0.7753968834877014,0.7187113165855408,0.0399958491325378,0.7668998837471008,0.6605327129364014,0.0626410022377967,0.7838159799575806,0.6285023093223572,0.0849626660346984,0.7978926301002502,0.6384527683258057,-0.0088111003860831,0.7901816368103027,0.5450555682182312,0.0006901615415699,0.7849673628807068,0.4956373572349548,0.000536065082997,0.7832150459289551,0.4528668522834778,-0.0007812611875124,0.8403311967849731,0.6303889751434326,0.0033217165619134,0.8164476752281189,0.5998051166534424,0.0501230992376804,0.8106153011322021,0.6398810744285583,0.0798106491565704,0.812748908996582,0.6707419753074646,0.0882512256503105,0.8752939701080322,0.6389976143836975,0.0192832015454769,0.8442305326461792,0.6172391772270203,0.0633992403745651,0.8410788178443909,0.654194176197052,0.0741957351565361,0.846793532371521,0.6830381751060486,0.0676365941762924,0.902621567249298,0.645386278629303,0.0385707318782806,0.8765340447425842,0.6327456831932068,0.073288582265377,0.8695511221885681,0.6619195938110352,0.0829784795641899,0.871880292892456,0.6893301010131836,0.0814183950424194,Pointing_Left
508341772433789_.pic.jpg,1.0798239707946775,0.869641900062561,-1.341604843219102e-06,0.9722461104393004,0.7332901358604431,0.0220723375678062,0.8085259795188904,0.6611147522926331,0.0007847470697015,0.6495155692100525,0.658798336982727,-0.0330139771103858,0.5270333886146545,0.6926603317260742,-0.0737891644239425,0.6837020516395569,0.5429585576057434,-0.042169090360403,0.4134393334388733,0.5542269349098206,-0.0774317309260368,0.2719489932060241,0.5717995166778564,-0.1082561761140823,0.1672722101211547,0.5616753101348877,-0.1385519504547119,0.6664518117904663,0.5829201936721802,-0.0915799587965011,0.4483976364135742,0.7336304187774658,-0.114311046898365,0.5356305241584778,0.7987810373306274,-0.1176128312945365,0.6200937032699585,0.7904195785522461,-0.1313038468360901,0.6610047221183777,0.6663957834243774,-0.1371009647846222,0.5059800148010254,0.8311337232589722,-0.1509223878383636,0.6116632223129272,0.8707116842269897,-0.1396429538726806,0.6900064945220947,0.8328704833984375,-0.1477052420377731,0.659233570098877,0.7609750032424927,-0.1842389702796936,0.5553140044212341,0.8882239460945129,-0.2075418829917907,0.6363480687141418,0.9169507026672364,-0.1963517218828201,0.6993468403816223,0.8941830396652222,-0.1901497691869735,Pointing_Left
508951772433850_.pic_thumb.jpg,0.6374847292900085,0.4891761541366577,-4.633175194612704e-07,0.7466524839401245,0.4654706716537475,0.0004802560724783,0.8229507803916931,0.4188979864120483,-0.0030321734957396,0.8769134879112244,0.3853012025356293,-0.0102459518238902,0.9328216314315796,0.375320553779602,-0.0184092540293931,0.7408127188682556,0.3056864440441131,0.0034257660154253,0.7364293336868286,0.3235654234886169,-0.0010431167902424,0.737330436706543,0.3600398302078247,-0.0175891183316707,0.736183226108551,0.3831479549407959,-0.0315865688025951,0.6649519205093384,0.305866539478302,-0.0065867430530488,0.6704339981079102,0.3318095803260803,0.0015659058699384,0.6766805052757263,0.3639020919799804,-0.0093729579821228,0.679919958114624,0.385013997554779,-0.0252222381532192,0.6010318398475647,0.3236928582191467,-0.0148802287876605,0.6128047704696655,0.3471539318561554,-0.0125633217394351,0.6236928701400757,0.3738884627819061,-0.0158225018531084,0.6288396120071411,0.3919797241687774,-0.0240792520344257,0.5475494861602783,0.3454458713531494,-0.0236939545720815,0.562664270401001,0.3679757118225097,-0.0209578145295381,0.5751016139984131,0.3932552933692932,-0.0105851422995328,0.5803102254867554,0.4097146689891815,-0.004446243867278,Pointing_Right
IMG_9807.JPG,0.7965778112411499,0.502650260925293,9.287553837111773e-08,0.7542093992233276,0.4914499223232269,-0.0225156489759683,0.7151979207992554,0.5152778029441833,-0.0398212894797325,0.6965247988700867,0.5468449592590332,-0.0577859729528427,0.7124397158622742,0.5860651731491089,-0.0767366886138916,0.6917901635169983,0.6258370280265808,-0.0287501625716686,0.6742363572120667,0.7043904066085815,-0.057722769677639,0.664541482925415,0.757970929145813,-0.0782355591654777,0.6602278351783752,0.8041659593582153,-0.0922375842928886,0.7274615168571472,0.6390841603279114,-0.0347887389361858,0.7143080234527588,0.6733272075653076,-0.0758632197976112,0.7324644327163696,0.6112447381019592,-0.0907130017876625,0.7433878779411316,0.5697187781333923,-0.0926897749304771,0.7649825215339661,0.6411629319190979,-0.0433218330144882,0.7605041265487671,0.6657233238220215,-0.0829330310225486,0.7679986953735352,0.5997472405433655,-0.0824149921536445,0.7717471718788147,0.5553072094917297,-0.0727349668741226,0.8025068044662476,0.6372758746147156,-0.0535527132451534,0.7969507575035095,0.664716899394989,-0.0802439674735069,0.7991540431976318,0.6177659630775452,-0.0764042139053344,0.7989041805267334,0.5826032757759094,-0.0678991973400116,Pointing_Right
IMG_9832.JPG,0.8222028017044067,0.6090394258499146,2.47625735028123e-07,0.7795583009719849,0.6106911301612854,-0.0353235937654972,0.7486570477485657,0.6414041519165039,-0.0610489957034587,0.7515856027603149,0.6814292669296265,-0.0852762833237648,0.7776135802268982,0.7254926562309265,-0.1095912083983421,0.7429130673408508,0.7680469155311584,-0.0386545062065124,0.742512583732605,0.8474951386451721,-0.0719424188137054,0.7434017658233643,0.9036282896995544,-0.0942230820655822,0.7483483552932739,0.950912058353424,-0.1097564995288848,0.783072292804718,0.7725895047187805,-0.0426061302423477,0.7794594764709473,0.8253682255744934,-0.088467001914978,0.7906524538993835,0.756227970123291,-0.1042947471141815,0.7936416864395142,0.7125716209411621,-0.105625681579113,0.821312665939331,0.7620481848716736,-0.0507162995636463,0.8284279108047485,0.8020270466804504,-0.097768984735012,0.8278904557228088,0.7312676906585693,-0.0977808758616447,0.8216021060943604,0.688409149646759,-0.0866100564599037,0.8572118282318115,0.7407500147819519,-0.0614563450217247,0.8635390996932983,0.7720950841903687,-0.0944525972008705,0.8565384149551392,0.724126398563385,-0.0924694314599037,0.8458877205848694,0.6924594044685364,-0.0842592716217041,Pointing_Right
508871772433842_.pic_thumb.jpg,0.4573115706443786,0.7656944394111633,-4.389831929074717e-07,0.5708401799201965,0.7076682448387146,-0.0044657220132648,0.6342563629150391,0.6361229419708252,-0.0136415846645832,0.6722440719604492,0.580536961555481,-0.0239160731434822,0.7197704315185547,0.551718533039093,-0.0334808900952339,0.5120893716812134,0.5466299653053284,-0.0278167743235826,0.5488345623016357,0.554082453250885,-0.0476204231381416,0.5615003108978271,0.5967864990234375,-0.070241592824459,0.5537875294685364,0.6255899667739868,-0.0864694267511367,0.4311704635620117,0.5564443469047546,-0.0360104627907276,0.475478857755661,0.5669598579406738,-0.0415869429707527,0.4887184202671051,0.6024143695831299,-0.0496473461389541,0.4774387180805206,0.6271660923957825,-0.0626935139298439,0.3691844642162323,0.5830729603767395,-0.042371742427349,0.4088455736637115,0.5914648771286011,-0.0476733483374118,0.4251233637332916,0.6203739047050476,-0.0424834266304969,0.4192419052124023,0.6426555514335632,-0.0447959788143634,0.3211797475814819,0.6128777861595154,-0.0492846444249153,0.3582175374031067,0.6221921443939209,-0.0513802133500576,0.3776877522468567,0.6468116044998169,-0.038289975374937,0.3787568211555481,0.666244626045227,-0.0298680141568183,Pointing_Right
IMG_9736.JPG,0.6236661672592163,0.8118894696235657,-3.372000207946258e-07,0.5691558718681335,0.7485182285308838,0.0228751637041568,0.5555190443992615,0.6744728684425354,0.0282568074762821,0.5719259977340698,0.613410472869873,0.0313764475286006,0.5930309295654297,0.5830878019332886,0.0327117890119552,0.5551259517669678,0.6104505658149719,-0.0079957228153944,0.5508697628974915,0.5104410648345947,-0.0107251908630132,0.549667239189148,0.4529034793376922,-0.012370235286653,0.5505551695823669,0.4095220565795898,-0.0145350079983472,0.5976740717887878,0.6048905253410339,-0.0150999696925282,0.6162968277931213,0.5490823984146118,-0.0023510800674557,0.616843581199646,0.5806075930595398,0.0111558428034186,0.6127845644950867,0.6083191633224487,0.015485712327063,0.6384746432304382,0.6188803911209106,-0.0183759555220603,0.6494234204292297,0.5708272457122803,-0.0029358307365328,0.6470843553543091,0.597304105758667,0.0114249465987086,0.6428801417350769,0.6248927116394043,0.0143056185916066,0.6733065247535706,0.6371201276779175,-0.0194632560014724,0.675555408000946,0.6037276983261108,-0.005240477155894,0.6716139912605286,0.628220796585083,0.0081261144950985,0.6684957146644592,0.6524166464805603,0.014585237018764,Pointing_Left
IMG_9663.JPG,0.6720408797264099,0.7791106104850769,-9.699613201519243e-08,0.6336780190467834,0.7247737050056458,0.0256851017475128,0.601880669593811,0.6401431560516357,0.0221359301358461,0.5839493870735168,0.578056275844574,0.0161986723542213,0.5538315176963806,0.538936197757721,0.0081349397078156,0.6145305037498474,0.5954914093017578,-0.0405173227190971,0.6262388825416565,0.4938326478004455,-0.0584804937243461,0.6400502324104309,0.4343907833099365,-0.0681604146957397,0.6475426554679871,0.3897042274475097,-0.0745026469230651,0.643822968006134,0.6093525290489197,-0.0549898967146873,0.7112922668457031,0.5287639498710632,-0.0610716678202152,0.7206976413726807,0.57510906457901,-0.0456813685595989,0.705145537853241,0.6109730005264282,-0.0355334915220737,0.6787664890289307,0.6334691047668457,-0.0640225782990455,0.7425624132156372,0.5627351999282837,-0.0694766566157341,0.7452337145805359,0.6051539182662964,-0.0506702847778797,0.7263838648796082,0.6402783393859863,-0.0391625165939331,0.7167654633522034,0.6554315686225891,-0.0687302649021148,0.7586203813552856,0.6064661741256714,-0.0719109177589416,0.7559463381767273,0.6411576271057129,-0.0566283948719501,0.7394627332687378,0.6687834858894348,-0.046467587351799,Pointing_Left
IMG_9647.JPG,0.7753811478614807,0.7621069550514221,-2.117285902158983e-07,0.7002144455909729,0.7412542700767517,-0.0198580063879489,0.6479823589324951,0.6721928715705872,-0.0264942776411771,0.6354198455810547,0.5962124466896057,-0.0252458229660987,0.6555435061454773,0.5572755336761475,-0.0222800523042678,0.7036173939704895,0.6029236912727356,-0.042972594499588,0.6860899925231934,0.4928440451622009,-0.0493782870471477,0.6806447505950928,0.4359216094017029,-0.0515850707888603,0.6750810146331787,0.3880324363708496,-0.0538961961865425,0.7451767921447754,0.5813324451446533,-0.0262398589402437,0.7002200484275818,0.501494824886322,-0.0208426620811224,0.6790429949760437,0.5012820363044739,-0.0062825633212924,0.6682212352752686,0.5123239159584045,0.0023915886413306,0.7734282612800598,0.5738880634307861,-0.0087985293939709,0.7233675718307495,0.5135502219200134,-0.0008363419328816,0.7035664916038513,0.5206208229064941,0.0136926649138331,0.6946804523468018,0.5399373173713684,0.0221336651593446,0.7901886701583862,0.573750913143158,0.0068727415055036,0.7462903261184692,0.5338713526725769,0.0109993740916252,0.7238250374794006,0.5365297794342041,0.0166735276579856,0.7144532799720764,0.5500596165657043,0.0215897914022207,Pointing_Left
508831772433838_.pic.jpg,0.3849445879459381,0.8234132528305054,-4.562436686228466e-07,0.546442985534668,0.732772707939148,-0.0037487717345356,0.6314393281936646,0.634767472743988,-0.0138057684525847,0.6859190464019775,0.555423378944397,-0.0230014324188232,0.759243369102478,0.5277455449104309,-0.0303825233131647,0.4475577771663666,0.520652174949646,-0.0438685417175293,0.5082123279571533,0.5196157693862915,-0.0540278851985931,0.5248503684997559,0.5743662118911743,-0.0643660575151443,0.5120022892951965,0.6147222518920898,-0.072725810110569,0.3318901658058166,0.5355105400085449,-0.0489387139678001,0.412803441286087,0.5410298109054565,-0.0358133688569068,0.4319694936275482,0.5868080854415894,-0.0320134125649929,0.4202970266342163,0.6214596033096313,-0.0438319556415081,0.2468303143978119,0.5727458000183105,-0.049759667366743,0.3212382197380066,0.5752056837081909,-0.0405229441821575,0.3415650129318237,0.61493980884552,-0.0293883047997951,0.331017255783081,0.6487507820129395,-0.0345812775194644,0.1812133193016052,0.6144911646842957,-0.0506454333662986,0.2470876276493072,0.6183925271034241,-0.0438486374914646,0.2742111980915069,0.6536152362823486,-0.0254588890820741,0.2735879123210907,0.682533860206604,-0.0161395519971847,Pointing_Right
508381772433793_.pic.jpg,0.9117640852928162,0.8393144011497498,-8.186683544408879e-07,0.8160654306411743,0.6984274983406067,0.0048175607807934,0.6526868343353271,0.6254057288169861,-0.0196984447538852,0.5110066533088684,0.6116882562637329,-0.049926396459341,0.425381064414978,0.6234453916549683,-0.0858510136604309,0.5649680495262146,0.5594503879547119,-0.054527074098587,0.3166098892688751,0.5926867723464966,-0.0860745012760162,0.1713878214359283,0.6193285584449768,-0.1147446930408477,0.0662906765937805,0.6227482557296753,-0.1430924385786056,0.5432660579681396,0.6117460131645203,-0.0838423073291778,0.3650918304920196,0.7343473434448242,-0.0948330760002136,0.4453918635845184,0.7806326150894165,-0.0972784161567688,0.5238693952560425,0.7717071771621704,-0.1122644990682601,0.541115939617157,0.6910009980201721,-0.1088931113481521,0.4156687259674072,0.8244503736495972,-0.1097336634993553,0.5054318904876709,0.8503918647766113,-0.0969692692160606,0.5744625926017761,0.822188675403595,-0.1053968966007232,0.5410383939743042,0.7770800590515137,-0.1369719356298446,0.4556690454483032,0.8791072964668274,-0.1560175567865371,0.5264438390731812,0.8993979692459106,-0.1467813551425933,0.584653377532959,0.8791537880897522,-0.1417562812566757,Pointing_Left
509231772433883_.pic_thumb.jpg,0.0847786515951156,0.616245448589325,6.770633831365559e-08,0.2275013178586959,0.5512313842773438,-0.0457546561956405,0.3247035145759582,0.4574092626571655,-0.0567093305289745,0.4056358635425567,0.3890739381313324,-0.061341792345047,0.4903897941112518,0.3610360622406006,-0.0618479773402214,0.1525390595197677,0.3687224984169006,0.0093045122921466,0.2146791368722915,0.3695704936981201,0.0046308566816151,0.2426261603832245,0.4098449051380157,-0.0185070447623729,0.248108759522438,0.431975394487381,-0.0374022871255874,0.075526937842369,0.3762707114219665,0.0287043824791908,0.133693665266037,0.3866978883743286,0.0375836417078971,0.169798731803894,0.4219123721122741,0.0139792244881391,0.1759026944637298,0.4444112777709961,-0.013925664126873,0.022565871477127,0.3987534940242767,0.0427028238773345,0.069757655262947,0.4059520065784454,0.0458660423755645,0.1004438549280166,0.4357842206954956,0.0304015427827835,0.1046375185251236,0.4596199989318847,0.0129603082314133,-0.009123146533966,0.4219098687171936,0.0521246306598186,0.0238787531852722,0.420377641916275,0.0563825815916061,0.0389479547739028,0.4432052969932556,0.0589238442480564,0.0359662771224975,0.4637162387371063,0.0578877851366996,Pointing_Right
508021772433759_.pic_thumb.jpg,0.9346315860748292,0.7335987091064453,-6.976296162974904e-07,0.8332598209381104,0.6503007411956787,0.0077466843649744,0.7033711671829224,0.6094896197319031,-0.0051991734653711,0.5858616828918457,0.6168630123138428,-0.0263171102851629,0.5024644136428833,0.6462783813476562,-0.0505477376282215,0.6094001531600952,0.5261075496673584,-0.0049999607726931,0.4330396652221679,0.5453734397888184,-0.0295790843665599,0.328441172838211,0.5581938028335571,-0.056234486401081,0.2530729174613952,0.5592166185379028,-0.0811711102724075,0.5996172428131104,0.5525686740875244,-0.0319568552076816,0.4643844962120056,0.6616503596305847,-0.0468705669045448,0.5324510335922241,0.6961764097213745,-0.0554841943085193,0.5911409854888916,0.6807800531387329,-0.0690195262432098,0.6056454181671143,0.6032979488372803,-0.0586264804005622,0.4977854192256927,0.7169473171234131,-0.067245252430439,0.5731679201126099,0.7370325326919556,-0.0594714730978012,0.6256320476531982,0.7120309472084045,-0.064567282795906,0.6183494329452515,0.6653164625167847,-0.0883665382862091,0.5431656241416931,0.7498258948326111,-0.1077186688780784,0.6070374846458435,0.7638314366340637,-0.1014785021543502,0.6574505567550659,0.7454456090927124,-0.0967554673552513,Pointing_Left
508241772433780_.pic_thumb.jpg,0.6905074119567871,0.7947112917900085,-4.3119732140439737e-07,0.6086477041244507,0.6930610537528992,0.0234521571546793,0.4920924305915832,0.6524990200996399,0.0154580017551779,0.3962836563587188,0.6663184762001038,-0.0025078521575778,0.3281540870666504,0.7070649266242981,-0.0286029689013957,0.3975165784358978,0.6072039008140564,-0.0071038859896361,0.2116538286209106,0.6336281299591064,-0.0277224015444517,0.0907004475593566,0.6531142592430115,-0.050899215042591,0.0020541846752166,0.6578224897384644,-0.0741173401474952,0.371100902557373,0.640036404132843,-0.0373565480113029,0.255782812833786,0.7346513271331787,-0.0481853000819683,0.3213695287704468,0.7677965760231018,-0.0536793917417526,0.3843039572238922,0.759871244430542,-0.0633875280618667,0.365864634513855,0.6970151662826538,-0.0637199208140373,0.2857179641723633,0.7959157824516296,-0.0660749301314354,0.3535233438014984,0.8171051740646362,-0.0591119080781936,0.4054335057735443,0.7964074611663818,-0.0647416785359382,0.3675987124443054,0.7628188729286194,-0.0908291339874267,0.3250776827335357,0.8432651162147522,-0.109220765531063,0.3863944113254547,0.8593818545341492,-0.1045709252357482,0.4342913031578064,0.8421527743339539,-0.1001370772719383,Pointing_Left
IMG_9860.JPG,0.8674317598342896,0.6050882935523987,-5.982896595924103e-07,0.7945458292961121,0.6578715443611145,0.0050984206609427,0.7277830839157104,0.6822076439857483,-0.0006952159455977,0.6760258078575134,0.7059155702590942,-0.0084219835698604,0.6525713205337524,0.7541013360023499,-0.0161287076771259,0.6891099810600281,0.57962965965271,-0.006506067700684,0.6566331386566162,0.5714110136032104,0.0002671647525858,0.6784241199493408,0.5916153192520142,0.0064873192459344,0.701011061668396,0.6082730889320374,0.0093334559351205,0.7040479183197021,0.5271514654159546,-0.01072883233428,0.6748429536819458,0.5370858907699585,0.005681307055056,0.6926363706588745,0.5605673789978027,0.0131327398121356,0.7136756777763367,0.5729146003723145,0.0112895984202623,0.7283203601837158,0.4879388511180877,-0.0124184433370828,0.6969617009162903,0.5055578947067261,0.0044236457906663,0.7127960920333862,0.5282922387123108,0.0102501129731535,0.7346709966659546,0.54570072889328,0.0064796968363225,0.7552346587181091,0.4567213058471679,-0.0140661466866731,0.7278058528900146,0.4767199158668518,0.0020587127655744,0.7371357083320618,0.5000795722007751,0.0128548080101609,0.7521132826805115,0.5178183913230896,0.0167474579066038,Pointing_Right
IMG_9624.JPG,0.7570498585700989,0.8318650126457214,-3.050740247090289e-07,0.714935839176178,0.7448580861091614,0.0223422553390264,0.7188599705696106,0.6617525815963745,0.0270726755261421,0.7477903366088867,0.6028026938438416,0.0308700315654277,0.7775686383247375,0.5761401653289795,0.0330940261483192,0.7167609333992004,0.6157549619674683,-0.0207065902650356,0.7467905282974243,0.5095596313476562,-0.0289091449230909,0.7662760615348816,0.4497274160385132,-0.0326963178813457,0.7830324769020081,0.4036318063735962,-0.0359704084694385,0.7616267800331116,0.6293988823890686,-0.0300161633640527,0.8061391711235046,0.5594396591186523,-0.0226692631840705,0.8022481203079224,0.5937928557395935,-0.0073072644881904,0.7874760627746582,0.6254814863204956,-0.0002356351615162,0.8043816089630127,0.657903254032135,-0.0353252366185188,0.8376188278198242,0.5976228713989258,-0.0232295542955398,0.8325632810592651,0.6289383172988892,-0.00461230520159,0.820828914642334,0.6591152548789978,0.0024426043964922,0.8403602242469788,0.6905301213264465,-0.0384516343474388,0.8596251606941223,0.6378209590911865,-0.0260934233665466,0.8507752418518066,0.6645448803901672,-0.0094770183786749,0.8395784497261047,0.6922845244407654,-0.000453232350992,Pointing_Left
IMG_9639.JPG,0.7452577948570251,0.7645009160041809,1.9273672080544202e-07,0.678866446018219,0.7285465598106384,0.0041899355128407,0.6376314759254456,0.6739169955253601,-0.005125246476382,0.6124346256256104,0.6096632480621338,-0.0151675883680582,0.609510064125061,0.5586233139038086,-0.0242708008736372,0.6656731963157654,0.5953090190887451,-0.030245017260313,0.6699504256248474,0.4922044575214386,-0.0491171292960643,0.6718945503234863,0.4341123700141907,-0.0581166818737983,0.6783278584480286,0.3899696469306946,-0.0611743219196796,0.7044611573219299,0.5860363245010376,-0.03395751491189,0.7053191661834717,0.4710672497749328,-0.0460183322429657,0.705034077167511,0.4053346514701843,-0.0479752421379089,0.7075806260108948,0.3574382662773132,-0.0487113930284976,0.7471485733985901,0.5920699834823608,-0.0340465009212493,0.7496015429496765,0.5030059218406677,-0.0361450016498565,0.7431407570838928,0.5288366079330444,-0.0226189494132995,0.7394628524780273,0.5620647072792053,-0.0110681243240833,0.7849218249320984,0.6086363792419434,-0.0337465442717075,0.7835061550140381,0.5432608127593994,-0.027142746374011,0.7742342948913574,0.5649158358573914,-0.0104288598522543,0.7727652192115784,0.5940759778022766,0.0041797328740358,Pointing_Left
509131772433870_.pic.jpg,0.2887899279594421,0.7198832035064697,-2.977083681798831e-07,0.4265221953392029,0.670477569103241,-0.0196369402110576,0.5110569000244141,0.6084886193275452,-0.0353720597922802,0.5744006037712097,0.5605300068855286,-0.0484851747751235,0.632999062538147,0.5356752872467041,-0.0598236136138439,0.3662534058094024,0.4998869597911834,-0.044984184205532,0.4360012412071228,0.5160069465637207,-0.0564238652586936,0.4543110728263855,0.5579992532730103,-0.0716191977262497,0.442259669303894,0.5822018384933472,-0.0845146104693412,0.2814150750637054,0.5120351910591125,-0.0450589247047901,0.3563192784786224,0.5310748219490051,-0.0422028228640556,0.3727754056453705,0.5633902549743652,-0.0483895912766456,0.3562683165073395,0.5846320986747742,-0.064297541975975,0.2199233323335647,0.5428072810173035,-0.0434788838028907,0.2835696339607239,0.5534865260124207,-0.0447430908679962,0.3048444390296936,0.5800352692604065,-0.0449910573661327,0.2948284745216369,0.6008563041687012,-0.0541773736476898,0.1734724342823028,0.5755020380020142,-0.0430526733398437,0.2228142172098159,0.5842981338500977,-0.0445087701082229,0.2487702667713165,0.6067965030670166,-0.0364231169223785,0.2511858642101288,0.6255428791046143,-0.0339051857590675,Pointing_Right
508931772433848_.pic.jpg,0.6453605890274048,0.6208267211914062,-5.069398412160808e-07,0.7423616647720337,0.5785447359085083,-0.0064148283563554,0.8045421838760376,0.5281492471694946,-0.0148002440109848,0.8565831780433655,0.4835225343704223,-0.0218880753964185,0.9080897569656372,0.4614947438240051,-0.0293515995144844,0.6922550201416016,0.4353163540363312,-0.0298306345939636,0.7171666026115417,0.4555937647819519,-0.0276498924940824,0.7240620255470276,0.4878651201725006,-0.0316634140908718,0.7175318002700806,0.5094578862190247,-0.0374617725610733,0.617821455001831,0.4419806599617004,-0.0328397303819656,0.644638180732727,0.4663799107074737,-0.0181781910359859,0.6548207402229309,0.4956191182136535,-0.0192965622991323,0.650963544845581,0.5167217254638672,-0.0318036004900932,0.5591415762901306,0.4641310572624206,-0.0318204201757907,0.5809667706489563,0.4777233302593231,-0.023522226139903,0.593265175819397,0.5046207904815674,-0.0211166627705097,0.5923348665237427,0.527571976184845,-0.0288610514253377,0.5112097263336182,0.488539457321167,-0.0306705478578805,0.518081545829773,0.4896878004074096,-0.0269053410738706,0.5302307605743408,0.5096874237060547,-0.0156666003167629,0.5343741178512573,0.5285813212394714,-0.010235795751214,Pointing_Right
IMG_9613.JPG,0.7276946902275085,0.7902452349662781,-2.545357915550994e-07,0.6620913147926331,0.7636082172393799,0.0274857878684997,0.628806471824646,0.6992059946060181,0.036612045019865,0.626610279083252,0.6394399404525757,0.0438608974218368,0.6498178243637085,0.6110092997550964,0.0489087663590908,0.6283512115478516,0.624577522277832,-0.0061637638136744,0.6292530298233032,0.5208399295806885,-0.0065985876135528,0.6328862309455872,0.4626905918121338,-0.008938574232161,0.6368657350540161,0.4178761839866638,-0.0119281895458698,0.6706066727638245,0.6084500551223755,-0.0111233340576291,0.6752811670303345,0.5584336519241333,0.0073439786210656,0.6757427453994751,0.5935146808624268,0.0258861780166625,0.6743484139442444,0.6279952526092529,0.0333989821374416,0.7123793363571167,0.6123210191726685,-0.0120226358994841,0.7066634297370911,0.5873333215713501,0.0108177857473492,0.7073020339012146,0.6144979596138,0.0257358085364103,0.7079347372055054,0.6466149687767029,0.0280386805534362,0.7464887499809265,0.6207689642906189,-0.0105062006041407,0.7367185354232788,0.6123529672622681,0.0096293473616242,0.7356418371200562,0.6397296786308289,0.0219465531408786,0.7365177869796753,0.6647705435752869,0.0269490052014589,Pointing_Left
508131772433769_.pic.jpg,0.9728903770446776,0.7324486970901489,-5.177458319849393e-07,0.8757687211036682,0.6507539749145508,0.0330152176320552,0.751605212688446,0.6181472539901733,0.0212492458522319,0.638064444065094,0.6367919445037842,-0.0052168737165629,0.5586457252502441,0.6719579100608826,-0.0390942655503749,0.6742570996284485,0.5357599854469299,0.0063516967929899,0.4962057173252105,0.561985194683075,-0.0126245785504579,0.3900710642337799,0.5747958421707153,-0.0336633026599884,0.314346969127655,0.5681222677230835,-0.0564851947128772,0.667653501033783,0.5577318072319031,-0.0345571003854274,0.532422661781311,0.6684166789054871,-0.043048869818449,0.5947982668876648,0.7032396197319031,-0.0464209280908107,0.651446521282196,0.6947367191314697,-0.0567027404904365,0.6759138703346252,0.609128475189209,-0.072788305580616,0.576320230960846,0.7278698682785034,-0.073160782456398,0.6479871869087219,0.7504741549491882,-0.0645848140120506,0.6987454891204834,0.727571964263916,-0.0707417801022529,0.6849007606506348,0.67087322473526,-0.1117165610194206,0.6207101345062256,0.7604727745056152,-0.1256885826587677,0.6786783337593079,0.7766648530960083,-0.1218501552939415,0.7270340323448181,0.7587770223617554,-0.1201497688889503,Pointing_Left
508171772433773_.pic_thumb.jpg,1.010516881942749,0.6727573275566101,-3.7857694223930594e-07,0.911091446876526,0.5969768762588501,0.0027940548025071,0.7867621183395386,0.5744587779045105,-0.0209526158869266,0.6787661910057068,0.6050609946250916,-0.053468745201826,0.6053847670555115,0.6508023142814636,-0.092356190085411,0.7359626293182373,0.49486044049263,-0.016821701079607,0.5761014223098755,0.515582799911499,-0.0470973029732704,0.4761531949043274,0.5271715521812439,-0.0772008374333381,0.4027162194252014,0.5269789695739746,-0.1035219132900238,0.7284696102142334,0.5176466703414917,-0.0430295541882514,0.5986216068267822,0.618602991104126,-0.0655126050114631,0.6517493724822998,0.6550596952438354,-0.0792893394827842,0.7029395699501038,0.6491758227348328,-0.0927755162119865,0.7338521480560303,0.5655686855316162,-0.0688292160630226,0.6396316289901733,0.6751734614372253,-0.082373134791851,0.7043948769569397,0.6975655555725098,-0.0832687318325042,0.7530921697616577,0.6782614588737488,-0.090526670217514,0.7398536205291748,0.6241665482521057,-0.0971775874495506,0.6783416867256165,0.7074524164199829,-0.1171633526682853,0.7285487651824951,0.7246253490447998,-0.1159607917070388,0.7746319770812988,0.7105482816696167,-0.1137602850794792,Pointing_Left
508591772433814_.pic_thumb.jpg,0.4435697793960571,0.8127275705337524,-4.68185390900544e-07,0.5966726541519165,0.7276330590248108,-0.0129352286458015,0.6831139922142029,0.6415165066719055,-0.0332995690405368,0.7546970844268799,0.5836056470870972,-0.0543680340051651,0.8344526886940002,0.5576616525650024,-0.0753034055233001,0.4976438581943512,0.5261421799659729,-0.0446196384727954,0.5527349710464478,0.5362472534179688,-0.0668968632817268,0.5690789222717285,0.5834336280822754,-0.0944139659404754,0.5574323534965515,0.614932119846344,-0.1158410310745239,0.383705735206604,0.5430648922920227,-0.0536677092313766,0.4430504441261291,0.5503342747688293,-0.0534068197011947,0.4596734046936035,0.5870862007141113,-0.0614479891955852,0.4458251297473907,0.6161642670631409,-0.0805031210184097,0.3014470636844635,0.5821316838264465,-0.0606528557837009,0.3567136526107788,0.5814245939254761,-0.0643014311790466,0.376651257276535,0.6131283044815063,-0.059606734663248,0.3695305287837982,0.6404950022697449,-0.0664160400629043,0.2413835823535919,0.6266528367996216,-0.0686808675527572,0.2899854779243469,0.6254310011863708,-0.0695830136537551,0.3140024542808532,0.6545765995979309,-0.0522582232952117,0.3138408660888672,0.6778748035430908,-0.0430728979408741,Pointing_Right
IMG_9741.JPG,0.7026698589324951,0.8720139265060425,-5.758213887929742e-07,0.6671515107154846,0.7640022039413452,0.0489490255713462,0.6799572706222534,0.6839239001274109,0.0711589604616165,0.7142456769943237,0.6309776902198792,0.0874838531017303,0.7444800138473511,0.6104971170425415,0.1009190529584884,0.7054624557495117,0.6076155304908752,0.0254272110760211,0.7389364242553711,0.510019838809967,0.0415106900036335,0.7563040852546692,0.4532187283039093,0.0514241121709346,0.7705672979354858,0.4086189270019531,0.0560082755982875,0.7509911060333252,0.6319576501846313,0.0125183779746294,0.7891716361045837,0.594512403011322,0.0466356687247753,0.7779436707496643,0.631904661655426,0.0659821555018425,0.7666977643966675,0.6563630104064941,0.0704879015684127,0.789704442024231,0.6759093403816223,0.0058902972377836,0.8165501356124878,0.6461911797523499,0.0414583757519722,0.8016316294670105,0.6753275990486145,0.0553459115326404,0.7885780930519104,0.6976819038391113,0.052752211689949,0.8217175006866455,0.7160473465919495,0.0037157852202653,0.8366945385932922,0.6895626187324524,0.0362924560904502,0.8213202357292175,0.7161825299263,0.0534127950668334,0.8070118427276611,0.7393607497215271,0.0589016824960708,Pointing_Left
IMG_9858.JPG,0.8867748975753784,0.5658076405525208,-3.721078201124328e-07,0.830758273601532,0.6342294812202454,-0.0067425989545881,0.7729271054267883,0.6845791935920715,-0.0206935256719589,0.7305998206138611,0.7356497645378113,-0.0338219404220581,0.7203496098518372,0.7931251525878906,-0.0450343638658523,0.7466497421264648,0.6064862012863159,-0.0330049470067024,0.6837698817253113,0.6024566292762756,-0.0365706011652946,0.7079728245735168,0.6090023517608643,-0.0303159784525632,0.7359866499900818,0.6136239767074585,-0.025441188365221,0.7496767640113831,0.5472666621208191,-0.0335402674973011,0.6875638365745544,0.5551325678825378,-0.0327658206224441,0.7089563012123108,0.5674759745597839,-0.0246665347367525,0.7329110503196716,0.5688350796699524,-0.0224922765046358,0.7573198080062866,0.4967410862445831,-0.0320117846131324,0.6947990655899048,0.5127418041229248,-0.0275523513555526,0.7155953049659729,0.5236764550209045,-0.0171914976090192,0.7406865954399109,0.5255810022354126,-0.0147552592679858,0.7682133913040161,0.4576297402381897,-0.0308868885040283,0.7172598242759705,0.4751341342926025,-0.0259830504655838,0.7335856556892395,0.4875920414924621,-0.0155509514734148,0.7548311948776245,0.4894464313983917,-0.0100969932973384,Pointing_Right
IMG_9699.JPG,0.6485558152198792,0.7904440760612488,2.5689402605166833e-07,0.7030753493309021,0.7090355157852173,0.0382206179201602,0.7149587869644165,0.6570204496383667,0.0309421103447675,0.7314019203186035,0.6245923638343811,0.0097259692847728,0.7323507070541382,0.6011701822280884,-0.0126474276185035,0.6435942053794861,0.5677063465118408,0.0086920158937573,0.659121036529541,0.4878022074699402,-0.0146361431106925,0.6733264327049255,0.4325601756572723,-0.0318970382213592,0.6813036203384399,0.3892384171485901,-0.043537326157093,0.6308165788650513,0.5855979919433594,-0.0277280565351247,0.7033368945121765,0.5204240083694458,-0.051874604076147,0.7349222898483276,0.5657286643981934,-0.0502688363194465,0.7367599010467529,0.6027864217758179,-0.0431458503007888,0.6374596357345581,0.6186913251876831,-0.0621859915554523,0.7124081254005432,0.5576397180557251,-0.0761284977197647,0.7372884750366211,0.6007797718048096,-0.0539978221058845,0.7279785871505737,0.6341024041175842,-0.0352734662592411,0.6544607281684875,0.6506062150001526,-0.0950782597064971,0.7181490063667297,0.6222217082977295,-0.0924969762563705,0.7320560216903687,0.6504855155944824,-0.0684874430298805,0.7219347357749939,0.6765152215957642,-0.0501502640545368,Pointing_Left
508801772433835_.pic.jpg,0.2621775865554809,1.004283785820007,-1.1305760949653633e-07,0.4859385192394256,0.8735827207565308,-0.0147412093356251,0.6085515022277832,0.7388697266578674,-0.0313718579709529,0.7004839181900024,0.632098376750946,-0.0450386777520179,0.792069137096405,0.5742594003677368,-0.0540439262986183,0.3902511894702911,0.5812134742736816,-0.0337287709116935,0.4942863583564758,0.5839586853981018,-0.0310403257608413,0.5145166516304016,0.6647608280181885,-0.0395210683345794,0.4914136528968811,0.7139661312103271,-0.049564354121685,0.239206776022911,0.6008172035217285,-0.0354196056723594,0.3631185591220855,0.6145017743110657,-0.006176680792123,0.3971255123615265,0.6774007081985474,-0.0070327115245163,0.3755578100681305,0.7198508977890015,-0.0292469132691621,0.1201581060886383,0.6563205718994141,-0.0335257835686206,0.232788860797882,0.6590613126754761,-0.0133578311651945,0.270667552947998,0.7146792411804199,-0.0055041997693479,0.2557858824729919,0.7619476318359375,-0.018083294853568,0.030800849199295,0.7158684730529785,-0.0319954380393028,0.1225391328334808,0.7077926397323608,-0.0194821543991565,0.165410041809082,0.7536496520042419,0.0023416895419359,0.1688144207000732,0.7968730926513672,0.0124546587467193,Pointing_Right
508891772433844_.pic.jpg,0.452240914106369,0.7416300773620605,-3.076334280649462e-07,0.5665977001190186,0.6832484006881714,-0.0105408420786261,0.6281861662864685,0.6196174621582031,-0.0207531992346048,0.6717516183853149,0.5682993531227112,-0.0283093154430389,0.7244768142700195,0.5485416650772095,-0.0334694012999534,0.5012465715408325,0.5259812474250793,-0.0401572361588478,0.5534863471984863,0.5381580591201782,-0.04658168181777,0.5724620819091797,0.5792604684829712,-0.0539837107062339,0.5646872520446777,0.6069095730781555,-0.0604147985577583,0.4276164174079895,0.540302038192749,-0.0404992364346981,0.4921523630619049,0.5563586354255676,-0.0318539813160896,0.5126497745513916,0.587415874004364,-0.0320433415472507,0.5039774179458618,0.6106275320053101,-0.0435769818723201,0.3742347955703735,0.5705973505973816,-0.0377648770809173,0.4279685616493225,0.5847564935684204,-0.0321988463401794,0.4483352899551391,0.6096526980400085,-0.0277924537658691,0.4424196481704712,0.6314672827720642,-0.034109778702259,0.3338333368301391,0.601154088973999,-0.0356850884854793,0.3754406869411468,0.6084191799163818,-0.0324406325817108,0.3949257731437683,0.6281746029853821,-0.021983865648508,0.3948927521705627,0.646880030632019,-0.0175943411886692,Pointing_Right
IMG_9740.JPG,0.6930404305458069,0.880115270614624,-5.016921704736887e-07,0.6571091413497925,0.7726364135742188,0.0404821597039699,0.6697083711624146,0.6900599598884583,0.0564445815980434,0.7036402821540833,0.6377444863319397,0.0672249570488929,0.7348437309265137,0.6195384860038757,0.0754304826259613,0.691581130027771,0.6216891407966614,0.0131427068263292,0.7275048494338989,0.5245651006698608,0.0244526881724596,0.7481048703193665,0.4708770513534546,0.0328455753624439,0.7653018236160278,0.4285640120506286,0.036467146128416,0.7361536026000977,0.6451032161712646,0.000640507962089,0.7769797444343567,0.6051429510116577,0.0267198123037815,0.7661964893341064,0.6417678594589233,0.0441635884344577,0.7532190084457397,0.6658223271369934,0.0487244240939617,0.775080680847168,0.6869012713432312,-0.0060758586041629,0.8029593229293823,0.6554749608039856,0.0233882050961256,0.7903516292572021,0.6854481101036072,0.0387724265456199,0.7767227292060852,0.7077537178993225,0.0384578928351402,0.8060101866722107,0.7258386611938477,-0.0093125393614172,0.8230926990509033,0.6988430619239807,0.0197846908122301,0.8091434836387634,0.7256519794464111,0.0379940345883369,0.7941498160362244,0.7481545805931091,0.0449370518326759,Pointing_Left
508641772433819_.pic_thumb.jpg,0.3342650234699249,0.8401263952255249,-3.3909122976183426e-07,0.5070315003395081,0.7529860138893127,-0.0072959065437316,0.6071316599845886,0.6576287746429443,-0.0216928739100694,0.6782547235488892,0.5947420001029968,-0.038072682917118,0.758185625076294,0.5775400996208191,-0.0531076341867446,0.4188658893108368,0.5298629999160767,-0.0364631600677967,0.5194447636604309,0.5399259328842163,-0.0638934969902038,0.5394780039787292,0.5944258570671082,-0.0953161939978599,0.5167728662490845,0.6314515471458435,-0.1174563020467758,0.3022385239601135,0.5445356369018555,-0.047807939350605,0.4091387391090393,0.5493572354316711,-0.052852340042591,0.4304501116275787,0.595093309879303,-0.06268772482872,0.4038247764110565,0.6292601823806763,-0.080774188041687,0.2158734798431396,0.5827562808990479,-0.0575676783919334,0.3045921325683594,0.5798704624176025,-0.0604145713150501,0.3264662623405456,0.6189468502998352,-0.0526551380753517,0.3088542222976684,0.6507559418678284,-0.0570782758295536,0.1487149894237518,0.6260087490081787,-0.0684767216444015,0.2231716513633728,0.625525176525116,-0.0681162029504776,0.2473138868808746,0.6598104238510132,-0.049907486885786,0.2380788773298263,0.6870521306991577,-0.0398212261497974,Pointing_Right
IMG_9617.JPG,0.7081434726715088,0.7914888262748718,-1.3745184901381438e-07,0.6368469595909119,0.7537386417388916,0.012219950556755,0.6066825985908508,0.681344747543335,0.0146734025329351,0.6109150052070618,0.6189920902252197,0.0151424249634146,0.6342850923538208,0.5894230604171753,0.0145774558186531,0.6063262224197388,0.6101263165473938,-0.0100018298253417,0.6072754263877869,0.5054477453231812,-0.0131405154243111,0.6136545538902283,0.4459401369094848,-0.0128851197659969,0.6195949912071228,0.4012052714824676,-0.0137105584144592,0.6497857570648193,0.5912788510322571,-0.015056699514389,0.6630686521530151,0.5453265905380249,-0.0101740788668394,0.6647346019744873,0.57499760389328,0.0008703331695869,0.6628645658493042,0.6064214706420898,0.0066452105529606,0.693478524684906,0.594191312789917,-0.0178319290280342,0.6940240263938904,0.5773407220840454,-0.0089303012937307,0.6956597566604614,0.6013367176055908,0.0022218199446797,0.6954978704452515,0.630484938621521,0.0057240668684244,0.7303315997123718,0.6042492985725403,-0.020062742754817,0.7258614897727966,0.6032395362854004,-0.0091608548536896,0.7257279753684998,0.6279269456863403,0.0003097192384302,0.7247030138969421,0.6525446176528931,0.0056661400012671,Pointing_Left
IMG_9829.JPG,0.8192915320396423,0.6425091624259949,6.365345939229884e-08,0.7772965431213379,0.6528162956237793,-0.015705881640315,0.7478219866752625,0.6982437372207642,-0.02429717220366,0.7589859366416931,0.745140552520752,-0.033217679709196,0.7831305265426636,0.7751235365867615,-0.0426056124269962,0.7523748278617859,0.796966552734375,-0.0128233460709452,0.7503223419189453,0.8690662384033203,-0.0307322796434164,0.7542587518692017,0.9155560731887816,-0.0438908599317073,0.7590796947479248,0.9535567164421082,-0.0536196678876876,0.7866479158401489,0.7996128797531128,-0.0179162472486495,0.7880358695983887,0.8569286465644836,-0.0451885722577571,0.7931239008903503,0.8076100945472717,-0.0577638074755668,0.7927795052528381,0.7679831981658936,-0.0603446252644062,0.8186850547790527,0.7879751920700073,-0.0247890632599592,0.8266597986221313,0.8287673592567444,-0.0544623844325542,0.8229722380638123,0.7738781571388245,-0.0574161224067211,0.8146997690200806,0.7348754405975342,-0.0515706650912761,0.8487964868545532,0.7663230895996094,-0.0324278473854064,0.8544502854347229,0.8026294708251953,-0.0529376007616519,0.8465035557746887,0.7648545503616333,-0.0512415431439876,0.8359373807907104,0.7341006398200989,-0.0452636033296585,Pointing_Right
IMG_9589.JPG,0.7393019795417786,0.8238866925239563,-2.636449494275439e-07,0.6661117076873779,0.8033244013786316,0.0167975723743438,0.6256815791130066,0.7312201261520386,0.0273529104888439,0.6188617944717407,0.6601474285125732,0.0378860719501972,0.6410132050514221,0.625632107257843,0.0468467734754085,0.6318305730819702,0.6507755517959595,6.156507151899859e-05,0.6234335899353027,0.5476382374763489,0.002153021749109,0.6197774410247803,0.4902937412261963,0.0020736374426633,0.6183441281318665,0.4456649422645569,0.0012438034173101,0.6778343319892883,0.6275882124900818,0.0022270360495895,0.6629179120063782,0.5873643755912781,0.0228070672601461,0.6584953665733337,0.6191303133964539,0.0407061502337455,0.6608448624610901,0.6509742736816406,0.0491555258631706,0.7209836840629578,0.6293148398399353,0.0065710064955055,0.6989689469337463,0.6144293546676636,0.0263497848063707,0.6949595808982849,0.6426941752433777,0.035903263837099,0.7000741958618164,0.6729481220245361,0.0370945259928703,0.7564752101898193,0.6375625133514404,0.0127796325832605,0.7366877794265747,0.6325592398643494,0.0310059152543544,0.7307445406913757,0.6601027846336365,0.0402523688971996,0.7357962727546692,0.6868966221809387,0.0442467108368873,Pointing_Left
IMG_9876.JPG,0.7843939661979675,0.546622097492218,1.2060840504091177e-07,0.7444535493850708,0.5195676684379578,-0.0284576509147882,0.7015807628631592,0.5147454738616943,-0.0491780526936054,0.6912248730659485,0.5412198305130005,-0.0684087797999382,0.7115253210067749,0.5754656791687012,-0.0863833129405975,0.6627012491226196,0.6277808547019958,-0.0412363111972808,0.6487149000167847,0.7054259181022644,-0.0785302817821502,0.642748236656189,0.758181095123291,-0.1047139391303062,0.6379915475845337,0.8054389357566833,-0.1218896359205246,0.6968360543251038,0.6608206629753113,-0.043417602777481,0.700110912322998,0.6660740971565247,-0.0814141258597374,0.724615216255188,0.6046191453933716,-0.0902730077505111,0.7328541874885559,0.5725715160369873,-0.0910049527883529,0.7341268658638,0.674788773059845,-0.0494378581643104,0.7480567097663879,0.6633262634277344,-0.0828631818294525,0.7620694637298584,0.6032062768936157,-0.0744415968656539,0.7627042531967163,0.5741795301437378,-0.0627487823367118,0.7705027461051941,0.6794967651367188,-0.0590186230838298,0.782961905002594,0.6647630929946899,-0.0803809165954589,0.7898807525634766,0.618040144443512,-0.0740939900279045,0.7852732539176941,0.5929772853851318,-0.0653726905584335,Pointing_Right
IMG_9778.JPG,0.8015755414962769,0.5542446374893188,1.21128479690924e-07,0.7488341927528381,0.5345104336738586,-0.0200044699013233,0.6976983547210693,0.5479866862297058,-0.0399218164384365,0.6698192358016968,0.5694361329078674,-0.0608695298433303,0.6913612484931946,0.5950050950050354,-0.0816930830478668,0.6803433299064636,0.6840052604675293,-0.0434221066534519,0.65826815366745,0.7615469098091125,-0.0754808411002159,0.6439787149429321,0.8140020370483398,-0.0978720635175705,0.6341713070869446,0.8613451719284058,-0.1144488602876663,0.7189099192619324,0.7101015448570251,-0.0532582588493824,0.7003806829452515,0.6946207284927368,-0.0991284251213073,0.7125253677368164,0.6185717582702637,-0.1118232905864715,0.7271801829338074,0.5737882256507874,-0.1123557463288307,0.7602733373641968,0.7103652358055115,-0.0642544776201248,0.7434921860694885,0.6779754757881165,-0.1051134169101715,0.7468740344047546,0.6058627963066101,-0.1014197319746017,0.7529610395431519,0.5661399364471436,-0.0900545492768287,0.7984980344772339,0.6962589621543884,-0.0774411335587501,0.7827103734016418,0.6641525626182556,-0.1049029007554054,0.7793155312538147,0.6110948920249939,-0.1016977652907371,0.7777056694030762,0.5792099237442017,-0.0933734402060508,Pointing_Right
IMG_9801.JPG,0.8396328091621399,0.5342628955841064,9.763254382733066e-08,0.7933124303817749,0.5132192373275757,-0.0292145200073719,0.7460101842880249,0.5193052291870117,-0.0517399236559867,0.7351610660552979,0.5505310297012329,-0.0738919824361801,0.7549953460693359,0.5900840759277344,-0.0958483815193176,0.7057631611824036,0.6454195976257324,-0.0417319312691688,0.6833766102790833,0.7329480051994324,-0.0790488645434379,0.6717702150344849,0.7940013408660889,-0.1058852449059486,0.6648252606391907,0.8479509949684143,-0.1242251247167587,0.7472305297851562,0.6763674020767212,-0.0468309111893177,0.7401792407035828,0.6910597085952759,-0.0977075025439262,0.7681325674057007,0.6231623291969299,-0.1147232428193092,0.7848773002624512,0.5784615278244019,-0.1170435771346092,0.7890266180038452,0.6904323101043701,-0.0550376959145069,0.7930243611335754,0.6895750761032104,-0.1010267585515976,0.8104981780052185,0.6175241470336914,-0.0981080755591392,0.8176414966583252,0.5691571831703186,-0.0857800170779228,0.8287068009376526,0.6939418315887451,-0.0660484209656715,0.8314403295516968,0.6922953724861145,-0.0959049984812736,0.8409026861190796,0.6370996236801147,-0.0913474559783935,0.8387939929962158,0.5990450382232666,-0.081382542848587,Pointing_Right
508261772433782_.pic.jpg,0.7034790515899658,0.7968294620513916,-1.6567020111324385e-07,0.6224585175514221,0.6903265118598938,0.0447964742779731,0.5013609528541565,0.6469303369522095,0.0438562929630279,0.4019369482994079,0.6620102524757385,0.0239701084792614,0.3286152184009552,0.6992146968841553,-0.0075011374428868,0.4071233868598938,0.5894733667373657,0.0416002497076988,0.2300232946872711,0.6198896765708923,0.029236514121294,0.126021921634674,0.6430672407150269,0.0110617093741893,0.049577385187149,0.6461395025253296,-0.0056771687231957,0.3776121735572815,0.6240145564079285,-0.007396915461868,0.2023789882659912,0.6649540066719055,-0.0077458536252379,0.1102795004844665,0.6787657141685486,-0.0234996881335973,0.0313698053359985,0.6706144213676453,-0.0389127023518085,0.3684481978416443,0.6782991886138916,-0.0529751107096672,0.2752782106399536,0.7629638314247131,-0.0595727041363716,0.3526212871074676,0.8057027459144592,-0.0671141818165779,0.41594198346138,0.7993950247764587,-0.074565015733242,0.3664320111274719,0.742950439453125,-0.0974180251359939,0.3296933174133301,0.8274408578872681,-0.1168039962649345,0.3958964943885803,0.8529337644577026,-0.1171686425805091,0.4477951228618622,0.8391594886779785,-0.1137062907218933,Pointing_Left
508051772433762_.pic_thumb.jpg,0.930295467376709,0.6882562041282654,-6.759110533494095e-07,0.8326523303985596,0.60561203956604,0.0124177280813455,0.7022808194160461,0.5639646053314209,-0.0035549926105886,0.5743197202682495,0.5677717924118042,-0.0288100242614746,0.4822480976581573,0.5887559056282043,-0.058362927287817,0.6320833563804626,0.4856248795986175,-0.0108291395008564,0.4575977325439453,0.5059260725975037,-0.0372676849365234,0.356918603181839,0.5153064131736755,-0.0631002336740493,0.2839786112308502,0.51451575756073,-0.086976483464241,0.6211563944816589,0.5108855366706848,-0.0405937694013118,0.4905147552490234,0.6145544052124023,-0.0620344318449497,0.5519235134124756,0.6493092775344849,-0.0717763602733612,0.6057012677192688,0.6380180716514587,-0.0839571729302406,0.6252171993255615,0.5617650151252747,-0.0685388669371604,0.5249541997909546,0.6725479960441589,-0.0828949511051178,0.5952958464622498,0.6923648715019226,-0.076042890548706,0.6471371650695801,0.6689832210540771,-0.0797479003667831,0.6326101422309875,0.6216538548469543,-0.0981223657727241,0.5666366815567017,0.7043603658676147,-0.1204780638217926,0.6249151229858398,0.7206335067749023,-0.1156051903963089,0.6715925931930542,0.7030337452888489,-0.1110361292958259,Pointing_Left
508441772433799_.pic_thumb.jpg,0.984140694141388,0.8883827924728394,-1.259234636563633e-06,0.8539795279502869,0.7960305213928223,0.0097795333713293,0.6792303919792175,0.7355823516845703,-0.0095338942483067,0.50935959815979,0.7329093217849731,-0.0369737409055233,0.387097030878067,0.7520911693572998,-0.0700828358530998,0.6024953126907349,0.6167697906494141,-0.035375028848648,0.3768157660961151,0.6309777498245239,-0.0716760158538818,0.244806706905365,0.6452869772911072,-0.1025060936808586,0.147342562675476,0.6428110599517822,-0.1312313675880432,0.6065266728401184,0.6421030759811401,-0.0699198916554451,0.4157660007476806,0.7873865962028503,-0.0968550369143486,0.4902044832706451,0.8459219932556152,-0.1041931137442588,0.5586591362953186,0.8413532972335815,-0.1179402470588684,0.6228461265563965,0.7079071998596191,-0.1022434085607528,0.4673458635807037,0.8639144897460938,-0.1219504028558731,0.5557489991188049,0.9042775630950928,-0.1098666563630104,0.621835470199585,0.8810667395591736,-0.1128685921430587,0.6383829712867737,0.7898285388946533,-0.1365047842264175,0.5134698152542114,0.9089578986167908,-0.1667049825191497,0.5757226347923279,0.9417688846588136,-0.1597896069288253,0.6322498917579651,0.9284679889678956,-0.1538851261138916,Pointing_Left
508851772433840_.pic.jpg,0.4257045686244964,0.7808471918106079,-5.238799758444657e-07,0.5577249526977539,0.7130504846572876,-0.0048412149772048,0.6294841766357422,0.6313231587409973,-0.0146686164662241,0.6755209565162659,0.5649086236953735,-0.0223436802625656,0.7391847372055054,0.5419226288795471,-0.0287671685218811,0.4802339375019073,0.5237694978713989,-0.0492421463131904,0.516610324382782,0.5315895676612854,-0.0541760921478271,0.5285733342170715,0.5821466445922852,-0.0592808611690998,0.5189381241798401,0.6169812083244324,-0.0646296069025993,0.3866408169269562,0.5378696918487549,-0.0518010258674621,0.4442407488822937,0.5566092133522034,-0.0362509340047836,0.4636274576187134,0.5971978306770325,-0.0299765300005674,0.4601211547851562,0.6248148679733276,-0.0402258969843387,0.3181940913200378,0.5722602009773254,-0.0493950322270393,0.373805284500122,0.5873349905014038,-0.0394724532961845,0.3929241299629211,0.6190247535705566,-0.0300850179046392,0.3879655003547668,0.6448217630386353,-0.0356832072138786,0.26540407538414,0.6074098348617554,-0.0469071865081787,0.3122105300426483,0.6145744919776917,-0.0401329509913921,0.3358256816864013,0.6412252187728882,-0.0245745200663805,0.3393096029758453,0.6636204719543457,-0.0174933057278394,Pointing_Right
508941772433849_.pic_thumb.jpg,0.6631668210029602,0.5841783881187439,-4.784911880051368e-07,0.762586772441864,0.543509304523468,-0.0090433517470955,0.8338906764984131,0.4905606210231781,-0.0222575813531875,0.8864686489105225,0.4480527639389038,-0.0364147424697876,0.9391075372695924,0.4316848218441009,-0.0513916127383708,0.7311382293701172,0.3901911079883575,-0.0274902861565351,0.737410306930542,0.4111307561397552,-0.0435299947857856,0.7380197048187256,0.4467512369155884,-0.0657329931855201,0.7311853170394897,0.4672269821166992,-0.0832497477531433,0.6547098755836487,0.3946381211280823,-0.035834677517414,0.6696779727935791,0.4204383194446563,-0.0382772460579872,0.6771339774131775,0.4524065554141998,-0.0490745045244693,0.6728646159172058,0.4726138710975647,-0.0650408416986465,0.5930435657501221,0.4155923426151275,-0.0422950014472007,0.6115024089813232,0.4334883093833923,-0.0478327609598636,0.6231440305709839,0.4610163569450378,-0.0474494770169258,0.6221835613250732,0.4808396697044372,-0.0528559423983097,0.5428268909454346,0.4400319457054138,-0.0498405545949935,0.5652341842651367,0.4537707865238189,-0.0548652447760105,0.5780661702156067,0.4800324440002441,-0.0446822009980678,0.5793806314468384,0.4977875351905823,-0.0377688705921173,Pointing_Right
IMG_9731.JPG,0.6146450042724609,0.8319159746170044,-5.064469519311388e-07,0.5839717984199524,0.7412256002426147,0.0439179502427578,0.5871261358261108,0.663003146648407,0.059493463486433,0.6168162226676941,0.6070134043693542,0.0715561956167221,0.6464080810546875,0.5785226821899414,0.0823234170675277,0.5966308116912842,0.5896968841552734,-0.0010935345198959,0.6054138541221619,0.4843204617500305,-0.0063149714842438,0.6129633188247681,0.4214276671409607,-0.0119629707187414,0.6203820705413818,0.3741090893745422,-0.015393185429275,0.6329184174537659,0.6048485636711121,-0.0137896696105599,0.6822684407234192,0.5559362769126892,0.0048608351498842,0.6813077330589294,0.5970481634140015,0.022482955828309,0.6704699993133545,0.6224667429924011,0.0281963851302862,0.6682940125465393,0.635078489780426,-0.0205983128398656,0.7140498757362366,0.5902045369148254,-0.0020414965692907,0.7045750021934509,0.6241857409477234,0.013977120630443,0.6914314031600952,0.647702157497406,0.0173112265765666,0.7025377750396729,0.6668312549591064,-0.0222853943705558,0.7325592041015625,0.6329222917556763,-0.0026025236584246,0.7207797765731812,0.6614442467689514,0.0163383390754461,0.7068501710891724,0.6830896139144897,0.0259228572249412,Pointing_Left
IMG_9621.JPG,0.8783501386642456,0.8087216019630432,-4.454740007986402e-07,0.7924658060073853,0.7870346903800964,0.0078038168139755,0.735131025314331,0.7099171876907349,0.0154423434287309,0.7178255915641785,0.6322054266929626,0.028939651325345,0.7372740507125854,0.5901464223861694,0.0423233024775981,0.7570933699607849,0.6276235580444336,-0.0284686405211687,0.7350961565971375,0.5120809078216553,-0.0264706537127494,0.7253144383430481,0.4538714289665222,-0.0262117870151996,0.7195228338241577,0.4038648605346679,-0.0276327151805162,0.8054327964782715,0.6006227135658264,-0.0176371205598115,0.7696196436882019,0.5456419587135315,0.0128039112314581,0.7656773328781128,0.5840187668800354,0.0411899983882904,0.7704488635063171,0.6186388731002808,0.0525090433657169,0.8477898240089417,0.5953493714332581,-0.0039631756953895,0.804425060749054,0.5596609711647034,0.0254422295838594,0.8030411601066589,0.5937255024909973,0.0425786487758159,0.8098117709159851,0.6258967518806458,0.0444710925221443,0.8814806938171387,0.5979530811309814,0.0110159507021307,0.8437135219573975,0.5777308344841003,0.0331481508910656,0.8392221927642822,0.6051027178764343,0.0440566092729568,0.8439258337020874,0.6355261206626892,0.0466252565383911,Pointing_Left
508461772433801_.pic.jpg,0.8963441848754883,0.8935656547546387,-1.1533286397025222e-06,0.7885065078735352,0.7908576726913452,0.0275782700628042,0.6310922503471375,0.730580747127533,0.0183630008250474,0.4784931540489197,0.7229849100112915,-0.0020257225260138,0.3670609295368194,0.7448869943618774,-0.0267324242740869,0.5197039842605591,0.6002404093742371,-0.0047204107977449,0.3054236173629761,0.6186680197715759,-0.0164267979562282,0.1920054852962494,0.6292409300804138,-0.0319271050393581,0.1054863333702087,0.6214594841003418,-0.0538161732256412,0.5207581520080566,0.6293834447860718,-0.0452239699661731,0.3216404318809509,0.7625472545623779,-0.0470380745828151,0.396703690290451,0.8106613755226135,-0.0461753197014331,0.4731457233428955,0.7977852821350098,-0.0607568994164466,0.5326515436172485,0.6956121921539307,-0.0820583179593086,0.366872489452362,0.8327780961990356,-0.0782026275992393,0.4492914080619812,0.8638193607330322,-0.0639709457755088,0.515097439289093,0.8343167304992676,-0.073376789689064,0.5463793873786926,0.7750570178031921,-0.120554581284523,0.4195576310157776,0.8731702566146851,-0.1342744082212448,0.4843248128890991,0.8973744511604309,-0.1246350109577179,0.5430914759635925,0.878171443939209,-0.1218975484371185,Pointing_Left
IMG_9743.JPG,0.71189945936203,0.7113755941390991,-1.2847972641338856e-07,0.7551718354225159,0.6160392761230469,-0.0149773322045803,0.7668742537498474,0.5321025252342224,-0.0377567857503891,0.7803640365600586,0.4659265279769897,-0.0589721389114856,0.7911522388458252,0.4015117883682251,-0.0757674649357795,0.6795172095298767,0.490457147359848,-0.071081168949604,0.7658394575119019,0.4853378534317016,-0.1090240627527237,0.7989232540130615,0.5394827127456665,-0.1149210855364799,0.7979817390441895,0.5727532505989075,-0.1143007352948188,0.6655940413475037,0.5387272834777832,-0.0808812752366066,0.771247386932373,0.5276666879653931,-0.1176222488284111,0.794898271560669,0.5819135904312134,-0.1107321381568908,0.7826434969902039,0.6041185855865479,-0.1045432239770889,0.6665970683097839,0.5958477854728699,-0.0915285870432853,0.7684452533721924,0.5837119817733765,-0.1269371062517166,0.7868921160697937,0.6247877478599548,-0.1111157014966011,0.7706986665725708,0.6401275992393494,-0.0973041057586669,0.6740468740463257,0.6521671414375305,-0.1025164425373077,0.7485849261283875,0.6319317817687988,-0.1239161416888237,0.7660794258117676,0.648963212966919,-0.1148339584469795,0.7541927695274353,0.6565172672271729,-0.1067166998982429,Pointing_Left
IMG_9725.JPG,0.8747543096542358,0.7469959259033203,-8.095512953332218e-07,0.8122917413711548,0.6416675448417664,0.0017561513232067,0.796058714389801,0.5328048467636108,-0.0031632133759558,0.797287106513977,0.4369101524353027,-0.0082630803808569,0.7844220995903015,0.3697681725025177,-0.013901918195188,0.9144769310951232,0.4736932218074798,-0.0119528444483876,0.8949180841445923,0.4917696714401245,0.0091238673776388,0.8752003908157349,0.5298520922660828,0.0208506882190704,0.862341582775116,0.5558792352676392,0.024580093100667,0.9622288346290588,0.5134561061859131,-0.0122459633275866,0.9337167739868164,0.5366376042366028,0.0206085704267025,0.909277081489563,0.5678819417953491,0.0277998894453048,0.8981935977935791,0.5951694250106812,0.0203346647322177,0.9907281398773192,0.569889485836029,-0.007309908978641,0.967333436012268,0.5753197073936462,0.018318997696042,0.947434425354004,0.6057016849517822,0.0208315011113882,0.9315906763076782,0.6352773308753967,0.0116753578186035,1.0076667070388794,0.6225892305374146,-0.0016305557219311,1.0180281400680542,0.620803952217102,0.0192846953868865,1.0108095407485962,0.6373308897018433,0.0316943898797035,1.00081467628479,0.6531568765640259,0.0354047715663909,Pointing_Left
508661772433821_.pic_thumb.jpg,0.462584525346756,0.9665526151657104,-7.320840040847543e-07,0.6589639186859131,0.9035207033157348,0.0467453822493553,0.7658865451812744,0.7995812892913818,0.0662140175700187,0.8370864391326904,0.7064887881278992,0.0751559734344482,0.9225115776062012,0.6835281252861023,0.0827595666050911,0.6626775860786438,0.6193037629127502,0.0319386646151542,0.6928585171699524,0.5841751098632812,0.0501772128045558,0.700835108757019,0.6472166776657104,0.0527107454836368,0.6922943592071533,0.697918176651001,0.0517859831452369,0.5319900512695312,0.6084026098251343,0.0091956369578838,0.5615678429603577,0.6040996313095093,0.0486357174813747,0.5686878561973572,0.665546715259552,0.0592296831309795,0.558148980140686,0.7130088210105896,0.0531714484095573,0.4141179621219635,0.6375347375869751,-0.0059206839650869,0.4396442472934723,0.6500765085220337,0.0245732460170984,0.4594086408615112,0.701625406742096,0.0344510227441787,0.4560264945030212,0.7430434823036194,0.0278244744986295,0.3130292296409607,0.6783583760261536,-0.0164583045989274,0.3357671797275543,0.6849158406257629,0.0094871055334806,0.359868437051773,0.7264999747276306,0.0348162688314914,0.3639003336429596,0.7634204030036926,0.0494168996810913,Pointing_Right
508541772433809_.pic.jpg,0.8450769782066345,0.7546841502189636,-1.000668817141559e-06,0.725359320640564,0.6374509334564209,0.0553580597043037,0.5677886009216309,0.5873093605041504,0.0477146618068218,0.4283238649368286,0.6016169190406799,0.0205366946756839,0.3338538110256195,0.6529755592346191,-0.0178953427821397,0.4318172335624695,0.5075968503952026,0.0078728199005126,0.181864857673645,0.548936128616333,-0.0122041963040828,0.0397308468818664,0.5803897380828857,-0.0361088402569294,-0.0646626055240631,0.5879272222518921,-0.0621472038328647,0.406355082988739,0.5430789589881897,-0.0472720563411712,0.2506844997406006,0.6869675517082214,-0.0600052624940872,0.3454439640045166,0.7338845133781433,-0.065636433660984,0.4296737313270569,0.7218936681747437,-0.0784058943390846,0.4047032296657562,0.6155732870101929,-0.0948963463306427,0.2834467589855194,0.760395348072052,-0.0943820774555206,0.3859773278236389,0.7948685884475708,-0.0824588984251022,0.4622564911842346,0.7691183090209961,-0.0905205309391021,0.4104264676570892,0.6997821927070618,-0.1415034085512161,0.3356142044067383,0.8153318166732788,-0.1599224507808685,0.4229297041893005,0.8390524387359619,-0.151802197098732,0.489479660987854,0.8165913224220276,-0.1467302590608596,Pointing_Left
508251772433781_.pic_thumb.jpg,0.6775491833686829,0.6897172927856445,-3.351601378653868e-07,0.6091428995132446,0.6145233511924744,0.0154385361820459,0.5150430202484131,0.585152268409729,0.0099710403010249,0.4430164992809295,0.594598650932312,-0.0028021894395351,0.3966426849365234,0.624648928642273,-0.0206469539552927,0.4384274482727051,0.5444670915603638,0.0002952033828478,0.2999987006187439,0.5607786774635315,-0.0169293005019426,0.2119528949260711,0.5735239386558533,-0.0357075706124305,0.1477126181125641,0.5796300768852234,-0.0527969002723693,0.4143443703651428,0.5752831101417542,-0.0200529266148805,0.3343962430953979,0.6435163617134094,-0.0328684635460376,0.3860435485839844,0.670464277267456,-0.0385735407471656,0.4332956671714782,0.6662625074386597,-0.0440447255969047,0.4064471423625946,0.6220170855522156,-0.0382126607000827,0.3580892980098724,0.6934605240821838,-0.0451066233217716,0.4083445072174072,0.7077894806861877,-0.0412811003625392,0.4464952647686004,0.693239688873291,-0.0431648790836334,0.4045155048370361,0.6745891571044922,-0.056984893977642,0.3873740136623382,0.7351940274238586,-0.0735065713524818,0.4330063760280609,0.7485594153404236,-0.0714020356535911,0.4663837254047394,0.7360774874687195,-0.0670497566461563,Pointing_Left
IMG_9612.JPG,0.72840416431427,0.7905008792877197,-3.078847328197299e-07,0.6644723415374756,0.7609691619873047,0.0300601571798324,0.6306885480880737,0.698008120059967,0.0402265973389148,0.6284634470939636,0.6378834247589111,0.0489634498953819,0.6522771716117859,0.6091669797897339,0.055575918406248,0.6311662197113037,0.6258198022842407,-0.0074857249855995,0.6315938234329224,0.5224912762641907,-0.0094055281952023,0.6341068744659424,0.4649407565593719,-0.0135621083900332,0.6370536684989929,0.420192003250122,-0.0173814762383699,0.6732895970344543,0.6104355454444885,-0.0118999788537621,0.6761881113052368,0.5602263808250427,0.0099775996059179,0.6767516136169434,0.5951896905899048,0.0313159599900245,0.6752792596817017,0.6294240951538086,0.0399326086044311,0.7143080234527588,0.614922046661377,-0.0121547346934676,0.706990659236908,0.5880348682403564,0.0130255399271845,0.7081558108329773,0.6160059571266174,0.0287586245685815,0.7094060182571411,0.6484357714653015,0.0309971775859594,0.7482789158821106,0.6226388812065125,-0.0095213279128074,0.7373875379562378,0.6114284992218018,0.0112899774685502,0.737089991569519,0.6391133069992065,0.0237227715551853,0.7387977242469788,0.6651456356048584,0.0285743027925491,Pointing_Left
IMG_9666.JPG,0.7712448835372925,0.9110901355743408,6.733754958077043e-07,0.7865665555000305,0.8074678778648376,0.0219338089227676,0.8029326796531677,0.7157789468765259,0.0105929151177406,0.8249935507774353,0.6478735208511353,-0.011728735640645,0.8431988954544067,0.6106173992156982,-0.0318009331822395,0.7234159111976624,0.6602625846862793,-0.0029215908143669,0.7528342604637146,0.5661405920982361,-0.0267670191824436,0.7736946940422058,0.5034990906715393,-0.0406083799898624,0.7924889922142029,0.4543942213058471,-0.0501837022602558,0.7248039841651917,0.6783138513565063,-0.0339262448251247,0.7405272126197815,0.5611093044281006,-0.0666365548968315,0.7632636427879333,0.4877835214138031,-0.0812511071562767,0.7826209664344788,0.4312360882759094,-0.0901431888341903,0.7414225935935974,0.7138900756835938,-0.0627464577555656,0.8173632621765137,0.6190269589424133,-0.0896445587277412,0.8575130105018616,0.6561042070388794,-0.0790355205535888,0.8695821762084961,0.6953300833702087,-0.0663823634386062,0.7761074900627136,0.7547702193260193,-0.0908444672822952,0.8482402563095093,0.6908097863197327,-0.1039178147912025,0.8809024095535278,0.7130799293518066,-0.0938364490866661,0.891746997833252,0.7396087050437927,-0.0836019665002822,Pointing_Left
IMG_9569.JPG,0.7754929661750793,0.8801460266113281,-2.643321010964428e-07,0.7283230423927307,0.7944290637969971,0.019690116867423,0.7267141342163086,0.7096267342567444,0.0225880686193704,0.752297580242157,0.6511909365653992,0.0233138035982847,0.7810826897621155,0.6276484131813049,0.0223721805959939,0.7263907194137573,0.658448338508606,-0.0160806998610496,0.7535737752914429,0.5502291917800903,-0.0177144967019557,0.7714153528213501,0.4927156269550323,-0.014260584488511,0.7870067954063416,0.4478536546230316,-0.0128022199496626,0.7717350721359253,0.6656560897827148,-0.0245448220521211,0.8049117922782898,0.6055575013160706,-0.0163793861865997,0.8006590604782104,0.6371745467185974,-0.0015481289010494,0.7898241281509399,0.6677296161651611,0.0055180843919515,0.81549072265625,0.6910001635551453,-0.0289085991680622,0.8344887495040894,0.6449635028839111,-0.0163743328303098,0.8302470445632935,0.673607587814331,7.999449007911608e-05,0.8216133117675781,0.7029114961624146,0.0058911740779876,0.8523702621459961,0.7193937301635742,-0.0314407162368297,0.8614537715911865,0.6771758794784546,-0.0156600195914506,0.8542867302894592,0.7026153802871704,0.001081385067664,0.846184253692627,0.7300410866737366,0.0101720243692398,Pointing_Left
IMG_9573.JPG,0.7431713342666626,0.8094339966773987,-3.405509971798893e-07,0.683393120765686,0.7555554509162903,0.0116925369948148,0.6623814702033997,0.677813708782196,0.0184887684881687,0.6736314296722412,0.6155855655670166,0.0241548959165811,0.6976603269577026,0.5951303243637085,0.0290057975798845,0.6802344918251038,0.6179472804069519,0.0003776835219468,0.6838035583496094,0.5238276124000549,0.0059956852346658,0.6869226098060608,0.4755704402923584,0.0115086277946829,0.6901110410690308,0.4380903840065002,0.0136860990896821,0.7214701771736145,0.6144284009933472,-0.0001057354093063,0.7115828394889832,0.5663558840751648,0.0122202122583985,0.7022057175636292,0.5930073857307434,0.0243430621922016,0.6988478899002075,0.6198313236236572,0.0299436282366514,0.7572579383850098,0.627799391746521,0.0017371724825352,0.7380030751228333,0.592261552810669,0.0146841527894139,0.7309725880622864,0.6149816513061523,0.0242393370717763,0.7290065884590149,0.642928421497345,0.0265271533280611,0.7848316431045532,0.6443773508071899,0.0045768194831907,0.7651613354682922,0.6197201013565063,0.016940152272582,0.7580401301383972,0.6375977993011475,0.0254755523055791,0.7577351331710815,0.6614180207252502,0.0299757644534111,Pointing_Left
IMG_9575.JPG,0.7821117043495178,0.8304650187492371,-4.000865487796546e-07,0.735590398311615,0.7560335993766785,0.0262305811047554,0.7287429571151733,0.6870071887969971,0.0366099998354911,0.748964786529541,0.632722795009613,0.0446835048496723,0.770622730255127,0.6074939966201782,0.0511596091091632,0.7339962124824524,0.6271086931228638,0.0002227276272606,0.7346289157867432,0.5322805643081665,-0.0007971943123266,0.7371405959129333,0.4759252667427063,-0.0016363654285669,0.7415136098861694,0.4352450370788574,-0.0024251658469438,0.7755644917488098,0.6304981112480164,-0.0057639353908598,0.7937399744987488,0.5781747102737427,0.0094145210459828,0.7906416654586792,0.6091089248657227,0.0222256928682327,0.786726713180542,0.635056734085083,0.0266654789447784,0.8139355778694153,0.6487413644790649,-0.0079441014677286,0.8241881132125854,0.6114015579223633,0.0093866288661956,0.8179470300674438,0.6368911266326904,0.0199424736201763,0.8120689988136292,0.6604127287864685,0.0210423544049263,0.846261203289032,0.6692354679107666,-0.0074214348569512,0.8495838642120361,0.6409820914268494,0.0109413005411624,0.8431141376495361,0.6637276411056519,0.0239548571407794,0.8367366790771484,0.6865575313568115,0.0301682502031326,Pointing_Left
IMG_9610.JPG,0.7051510810852051,0.7802385091781616,-1.8487982345050114e-07,0.6423107981681824,0.7461182475090027,0.0197441261261701,0.6150883436203003,0.6800097227096558,0.0238090567290782,0.6193230152130127,0.6196088194847107,0.0259603038430213,0.6416887044906616,0.5900735259056091,0.0265485737472772,0.6082770228385925,0.6157321333885193,-0.0127189019694924,0.6097643971443176,0.5107091665267944,-0.0168110355734825,0.6149600744247437,0.4514622688293457,-0.019043268635869,0.619913637638092,0.4058831632137298,-0.0217827372252941,0.6490228772163391,0.5974290370941162,-0.018626743927598,0.6646077036857605,0.5475537776947021,-0.0091982865706086,0.6687023639678955,0.580781102180481,0.0049461834132671,0.6662660241127014,0.6146532297134399,0.0112732462584972,0.6914524435997009,0.599453330039978,-0.021162835881114,0.6967637538909912,0.5774636268615723,-0.005797843914479,0.6986352205276489,0.6035405397415161,0.0084848925471305,0.6972341537475586,0.6350500583648682,0.0120941214263439,0.727586030960083,0.60765141248703,-0.0223831739276647,0.7267811298370361,0.6043292284011841,-0.0079462798312306,0.726296603679657,0.6308454871177673,0.0027761000674217,0.7245745658874512,0.6553539037704468,0.0079519683495163,Pointing_Left
IMG_9764.JPG,0.7032292485237122,0.7030158638954163,1.3653449570938392e-07,0.6915226578712463,0.5966673493385315,-0.0429462380707263,0.6809518337249756,0.5315333604812622,-0.0837983787059784,0.6870856881141663,0.4932884871959686,-0.1218685135245323,0.7086471915245056,0.4613248705863952,-0.1561075001955032,0.582072913646698,0.5914775133132935,-0.0782533884048461,0.6347246170043945,0.5570824146270752,-0.1230711787939071,0.6787939667701721,0.5283538103103638,-0.1436947286128997,0.7045068144798279,0.5148329138755798,-0.1544185876846313,0.5925639271736145,0.6595451831817627,-0.0792599096894264,0.6822977662086487,0.601841151714325,-0.1207029893994331,0.7147157192230225,0.6005917191505432,-0.1240627467632293,0.7021299600601196,0.6069130301475525,-0.1250987648963928,0.617789626121521,0.715585470199585,-0.0839544087648391,0.7077064514160156,0.6581717133522034,-0.1205384656786918,0.7249384522438049,0.6454852223396301,-0.1099107041954994,0.7027764916419983,0.6455798149108887,-0.0999184101819992,0.6456151008605957,0.7598896026611328,-0.0934302806854248,0.7186235189437866,0.7143650054931641,-0.1150728613138198,0.7323793172836304,0.6958355903625488,-0.1079239919781684,0.7153069376945496,0.6964944005012512,-0.1008428037166595,Pointing_Right
508521772433807_.pic_thumb.jpg,0.7983770370483398,0.7273589968681335,-9.206671052197636e-07,0.6761871576309204,0.6057623624801636,0.061845775693655,0.5284779667854309,0.5547357797622681,0.063647374510765,0.4090293347835541,0.5699887275695801,0.0443269237875938,0.325868159532547,0.6206349730491638,0.0145147098228335,0.3891656994819641,0.4885478019714355,0.0340399593114852,0.1652508378028869,0.5213260650634766,0.022456532344222,0.0442547798156738,0.5444867014884949,0.0045408168807625,-0.0401611924171447,0.548401415348053,-0.0158460903912782,0.3597481250762939,0.5278659462928772,-0.0191014260053634,0.2162627279758453,0.661232054233551,-0.0255435910075902,0.2992931604385376,0.703729510307312,-0.0273607671260833,0.3706011772155761,0.6913138628005981,-0.0362025685608387,0.3563840687274933,0.598607063293457,-0.0659724920988082,0.2505917549133301,0.7350138425827026,-0.0638003945350647,0.343004822731018,0.7617251873016357,-0.0505863986909389,0.4075167179107666,0.7369585633277893,-0.0550043880939483,0.3626341223716736,0.6814022064208984,-0.1110042929649353,0.2952492237091064,0.7838602066040039,-0.1219031438231468,0.3766798973083496,0.8049811124801636,-0.1095214933156967,0.4397144019603729,0.7861173152923584,-0.1012799441814422,Pointing_Left
508161772433772_.pic.jpg,1.0453848838806152,0.7219961881637573,-4.913700308861735e-07,0.9755616188049316,0.6328392028808594,0.0048016821965575,0.8513518571853638,0.588729202747345,-0.0161392651498317,0.7342243194580078,0.5989295244216919,-0.0439179986715316,0.6599070429801941,0.6301742792129517,-0.0752300098538398,0.791878342628479,0.5148089528083801,-0.0296792704612016,0.6140461564064026,0.5420776009559631,-0.0637166202068328,0.513769268989563,0.5532501935958862,-0.0924525782465934,0.445372998714447,0.5440607666969299,-0.1179383173584938,0.7896261811256409,0.5377515554428101,-0.0595374964177608,0.6537109613418579,0.6447826027870178,-0.0766897350549697,0.707590639591217,0.6820372939109802,-0.080900028347969,0.7581186294555664,0.676425039768219,-0.0904391631484031,0.7979081273078918,0.5894761085510254,-0.0895768776535987,0.6978514194488525,0.7098716497421265,-0.0974512323737144,0.7685092687606812,0.7324550747871399,-0.0883959159255027,0.8206105828285217,0.7083195447921753,-0.0923383235931396,0.8068852424621582,0.6507968306541443,-0.1229859367012977,0.736911416053772,0.7429936528205872,-0.143044888973236,0.789677083492279,0.7581923007965088,-0.140523687005043,0.8344385623931885,0.7417731881141663,-0.1381120085716247,Pointing_Left
IMG_9824.JPG,0.7989527583122253,0.5969634652137756,9.098466335899502e-08,0.7565046548843384,0.6088170409202576,-0.0073411585763096,0.7279126048088074,0.6541582345962524,-0.0104716718196868,0.732025146484375,0.7018431425094604,-0.0146165397018194,0.7583186626434326,0.7248115539550781,-0.0198386516422033,0.7361912131309509,0.7211427092552185,-0.0023884449619799,0.7321982979774475,0.7808962464332581,-0.0131389647722244,0.7346640825271606,0.8218857645988464,-0.0230941101908683,0.7368071675300598,0.8564382791519165,-0.0315810739994049,0.7624635100364685,0.726937472820282,-0.0085279317572712,0.7598263621330261,0.7796674370765686,-0.023745622485876,0.764394998550415,0.7454673647880554,-0.0324330516159534,0.7656269669532776,0.7168610692024231,-0.0355913564562797,0.7889686822891235,0.7205571532249451,-0.0157086327672004,0.7910475730895996,0.7637760043144226,-0.0345689430832862,0.7899425625801086,0.7189029455184937,-0.0365319177508354,0.7845826745033264,0.6866166591644287,-0.0332828313112258,0.8155932426452637,0.7041351795196533,-0.0232183635234832,0.815994918346405,0.7407360672950745,-0.0373279675841331,0.8118675947189331,0.7084188461303711,-0.0350798144936561,0.8062427639961243,0.680571436882019,-0.0307592060416936,Pointing_Right
508111772433767_.pic_thumb.jpg,0.989479124546051,0.6575380563735962,-3.97064752633014e-07,0.8914671540260315,0.5798209309577942,0.0155782168731093,0.7741551995277405,0.5512024164199829,-0.0002449724124744,0.6742209792137146,0.569976806640625,-0.026780953630805,0.6032592058181763,0.6080415844917297,-0.0614080280065536,0.7111362218856812,0.4834555685520172,0.002757583046332,0.556632936000824,0.5117324590682983,-0.0221588313579559,0.4601606428623199,0.5239959359169006,-0.0485273972153663,0.3923214972019195,0.5233929753303528,-0.0721403062343597,0.7021343111991882,0.5051695108413696,-0.0281755942851305,0.5742512345314026,0.6078383922576904,-0.0466109402477741,0.6257238984107971,0.6448162794113159,-0.0579377301037311,0.6766649484634399,0.6430389881134033,-0.0685823112726211,0.7069836854934692,0.5519281625747681,-0.0582489296793937,0.6133760213851929,0.6610720157623291,-0.0706033483147621,0.6770970225334167,0.6863440275192261,-0.0704789087176323,0.7261298894882202,0.6707279682159424,-0.0758514329791069,0.7147059440612793,0.6086286306381226,-0.0895790010690689,0.6583953499794006,0.6939135193824768,-0.109496995806694,0.7095836400985718,0.7120190262794495,-0.1087462157011032,0.755457878112793,0.6983414888381958,-0.1060525104403495,Pointing_Left
508571772433812_.pic.jpg,0.9906258583068848,0.8075571060180664,-7.322426540667948e-07,0.8557724356651306,0.7058654427528381,0.0308333840221166,0.6886005997657776,0.6700007915496826,0.0134442038834095,0.5369526743888855,0.6905009150505066,-0.0200372133404016,0.4286855161190033,0.7254741191864014,-0.0611371472477912,0.6009295582771301,0.5432298183441162,0.0092845875769853,0.3804476261138916,0.5785171389579773,-0.0130662880837917,0.2475680708885193,0.5958707332611084,-0.042434349656105,0.1528905630111694,0.5915657877922058,-0.0740671306848526,0.5947010517120361,0.5650733113288879,-0.0369006805121898,0.4098388850688934,0.7121556401252747,-0.0447969920933246,0.4901915192604065,0.7563406825065613,-0.0530746802687644,0.5692707896232605,0.7436810731887817,-0.0710177347064018,0.6060681939125061,0.6264923214912415,-0.08135636895895,0.4713535606861114,0.7843355536460876,-0.0804042443633079,0.5638652443885803,0.8121374845504761,-0.0721376463770866,0.6317741870880127,0.7814986705780029,-0.0833418369293212,0.621308445930481,0.7047442197799683,-0.1282423436641693,0.5280023813247681,0.8237255811691284,-0.1477814018726349,0.6015854477882385,0.8453136682510376,-0.1452087610960006,0.6652715802192688,0.8238357305526733,-0.1450908184051513,Pointing_Left
508271772433783_.pic_thumb.jpg,0.7786360383033752,0.7278510332107544,-5.061053229837853e-07,0.7000558376312256,0.6339566111564636,0.0113638481125235,0.5914880037307739,0.5947391390800476,-0.0049392813816666,0.4875794351100921,0.6106178760528564,-0.0291264876723289,0.4169908761978149,0.6486919522285461,-0.060213629156351,0.5125477910041809,0.5433985590934753,-0.0177665445953607,0.3382928669452667,0.5651079416275024,-0.0446917451918125,0.2268343865871429,0.5835572481155396,-0.072000578045845,0.1455861032009124,0.5890524983406067,-0.0974865853786468,0.496794044971466,0.5730704069137573,-0.0445620566606521,0.3665579259395599,0.6681104898452759,-0.0624312050640583,0.4279599487781524,0.7056217789649963,-0.072488896548748,0.4854388833045959,0.6990997791290283,-0.0846825242042541,0.496814489364624,0.6244456768035889,-0.0688638016581535,0.3971414566040039,0.7276048064231873,-0.0793601423501968,0.470944881439209,0.750737190246582,-0.076013445854187,0.5255875587463379,0.7303327322006226,-0.0820858031511306,0.4998949766159057,0.6852247714996338,-0.0945562124252319,0.4404354393482208,0.7696146965026855,-0.1187931671738624,0.5006221532821655,0.7890782356262207,-0.1172783747315406,0.5477660298347473,0.772942066192627,-0.114430271089077,Pointing_Left
508011772433758_.pic.jpg,0.9365966320037842,0.5936629176139832,-8.096070587271242e-07,0.8310831785202026,0.5371904373168945,0.0224000494927167,0.714094877243042,0.5189725160598755,0.0061884000897407,0.607714831829071,0.5430966019630432,-0.0211261361837387,0.5349888801574707,0.579892635345459,-0.0540309324860572,0.630505383014679,0.4146663546562195,-0.008055692538619,0.4588157534599304,0.4376605153083801,-0.0263978391885757,0.3649685680866241,0.446035772562027,-0.0491596385836601,0.2908281683921814,0.4382361471652984,-0.0732463598251342,0.6271492838859558,0.4283372163772583,-0.0417538098990917,0.5007498264312744,0.543541669845581,-0.0506188236176967,0.566454291343689,0.5768048763275146,-0.056121714413166,0.6231790781021118,0.5655620098114014,-0.0696882233023643,0.6365565061569214,0.4700337648391723,-0.0722982883453369,0.5428346991539001,0.5919708013534546,-0.067620038986206,0.6123027205467224,0.6083528995513916,-0.0579541437327861,0.6603167057037354,0.5845506191253662,-0.065868467092514,0.6457557678222656,0.5238345861434937,-0.10481958091259,0.5757614970207214,0.6148583889007568,-0.1098990142345428,0.628472089767456,0.6291074752807617,-0.1013506054878234,0.6709122061729431,0.6122432947158813,-0.0986935719847679,Pointing_Left
508501772433805_.pic.jpg,0.9993754029273988,0.754360020160675,-1.265174205400399e-06,0.8657310009002686,0.6435216665267944,0.0274705830961465,0.6817151308059692,0.594782829284668,0.0120067810639739,0.5109467506408691,0.6139713525772095,-0.0168242547661066,0.3903404176235199,0.6576343178749084,-0.0513803884387016,0.5818824768066406,0.4659490883350372,-0.0134317521005868,0.3357892334461212,0.4977076649665832,-0.042848564684391,0.2011574804782867,0.5244549512863159,-0.0738897994160652,0.1010246276855468,0.5282240509986877,-0.1022826135158538,0.5705001354217529,0.4984851479530334,-0.0583279468119144,0.379078060388565,0.6476233005523682,-0.0663024485111236,0.4709726572036743,0.7004604339599609,-0.0679519176483154,0.5557025671005249,0.6892830729484558,-0.081171415746212,0.5782393217086792,0.5674268007278442,-0.1001335754990577,0.4343458414077759,0.7267856597900391,-0.0967343896627426,0.5356113910675049,0.7560876607894897,-0.0809751972556114,0.6056405901908875,0.7226439714431763,-0.0873015746474266,0.5884166359901428,0.6521210074424744,-0.1444683969020843,0.4812522530555725,0.7707806825637817,-0.1542128622531891,0.5547205805778503,0.7939356565475464,-0.1378048509359359,0.6147692799568176,0.7733727693557739,-0.1283026337623596,Pointing_Left
IMG_9572.JPG,0.6793291568756104,0.8183164000511169,-3.555201999461133e-07,0.6249393224716187,0.7633229494094849,0.0119565026834607,0.6085128784179688,0.6876956820487976,0.0186892487108707,0.6198607683181763,0.6287944316864014,0.0255095362663269,0.6385390758514404,0.6054719090461731,0.0315839387476444,0.6185728907585144,0.6384328007698059,-0.0085443826392292,0.6206282377243042,0.5424203276634216,-0.0106510454788804,0.6235265135765076,0.4921588897705078,-0.0103611731901764,0.627877950668335,0.4534094929695129,-0.0107357874512672,0.6592391729354858,0.6327108144760132,-0.0080823563039302,0.6530884504318237,0.5754304528236389,0.002262802561745,0.6454563140869141,0.6027885675430298,0.0166414510458707,0.642101526260376,0.6299160718917847,0.0239328797906637,0.6943539977073669,0.6428163051605225,-0.0055470429360866,0.6802600622177124,0.5997504591941833,0.0059276632964611,0.6746934652328491,0.622519314289093,0.0174832101911306,0.6721503734588623,0.6502220630645752,0.0214128047227859,0.7216172218322754,0.657304048538208,-0.0018164628418162,0.7056092023849487,0.6285988688468933,0.0076885200105607,0.6989120244979858,0.6470691561698914,0.0155561044812202,0.6973584890365601,0.6701220273971558,0.0198379345238208,Pointing_Left
IMG_9554.JPG,0.7147877216339111,0.8786501884460449,-3.428305319630454e-07,0.6411902904510498,0.8428316116333008,0.0214916206896305,0.6004344820976257,0.767196536064148,0.0329046435654163,0.5981637835502625,0.7003113031387329,0.0433909222483634,0.6288420557975769,0.6735198497772217,0.0520456582307815,0.6075114011764526,0.6901952624320984,0.0001915473985718,0.6065102219581604,0.5807323455810547,0.0099861631169915,0.6070605516433716,0.5239557027816772,0.0170801877975463,0.6077464818954468,0.4791831970214844,0.0202266443520784,0.6526244282722473,0.6697812080383301,-0.000204845026019,0.6416705846786499,0.633548378944397,0.0259988810867071,0.6383159160614014,0.6683609485626221,0.0454298853874206,0.6391828656196594,0.7001737952232361,0.0531368218362331,0.6949716210365295,0.6729496121406555,0.0031057805754244,0.6739388704299927,0.6617169380187988,0.0281172432005405,0.6738864183425903,0.6922922730445862,0.0379767119884491,0.6772691607475281,0.722791314125061,0.0372009500861167,0.7294533848762512,0.6816282272338867,0.0086711756885051,0.7084192037582397,0.6759599447250366,0.0300467796623706,0.7086024284362793,0.7033354043960571,0.0400082394480705,0.7125012278556824,0.7316814064979553,0.043613065034151,Pointing_Left
507961772433753_.pic_thumb.jpg,0.8522822856903076,0.7424826622009277,-5.327250960363017e-07,0.755431056022644,0.6539343595504761,0.0219613630324602,0.6444887518882751,0.6172703504562378,0.0093364128842949,0.5479505062103271,0.6335075497627258,-0.0150832766667008,0.484304279088974,0.6757433414459229,-0.0456027314066886,0.5570224523544312,0.563494086265564,-0.0020731494296342,0.3949112594127655,0.5756435990333557,-0.0248802341520786,0.2967385351657867,0.5858166217803955,-0.0495409779250621,0.2212609946727752,0.587871789932251,-0.0731769725680351,0.5450757741928101,0.5925894379615784,-0.0360165424644947,0.4322075843811035,0.6906222701072693,-0.0526001565158367,0.4929526746273041,0.7211475372314453,-0.0611512064933776,0.5437803268432617,0.707252562046051,-0.0733599886298179,0.5502256751060486,0.6453365683555603,-0.0674381107091903,0.4587046205997467,0.7462565302848816,-0.0757105723023414,0.5241372585296631,0.7639303207397461,-0.0677409023046493,0.5712182521820068,0.7394027709960938,-0.0721753239631652,0.5607737302780151,0.7070050239562988,-0.099933348596096,0.5016801357269287,0.7883132100105286,-0.116441436111927,0.5594714879989624,0.800591230392456,-0.1086213439702987,0.6056918501853943,0.7800074815750122,-0.1031461358070373,Pointing_Left
IMG_9786.JPG,0.717337965965271,0.570347249507904,-5.427199880614353e-07,0.6577614545822144,0.6308724880218506,0.0001565075945109,0.5981066823005676,0.6602197885513306,-0.009299692697823,0.5556063055992126,0.6875879764556885,-0.0207074023783206,0.5362870097160339,0.7376954555511475,-0.0325210243463516,0.5453879833221436,0.5474236011505127,-0.0120715843513607,0.5565446615219116,0.5388177633285522,-0.0096217328682541,0.5830847024917603,0.5514812469482422,-0.0102171692997217,0.599319577217102,0.567107081413269,-0.0132156992331147,0.5605090856552124,0.4930421411991119,-0.0186701696366071,0.5791394710540771,0.4990615844726562,-0.0050739464350044,0.6008266806602478,0.5176665782928467,-0.0038335330318659,0.6149024367332458,0.5302453637123108,-0.0109261209145188,0.5891174077987671,0.4528331458568573,-0.0230305343866348,0.6034752130508423,0.467091292142868,-0.0102001512423157,0.6227694153785706,0.4849696457386017,-0.0079897390678524,0.6358903646469116,0.499345451593399,-0.0141554418951272,0.6212255358695984,0.422070562839508,-0.02830714546144,0.6320687532424927,0.4315629601478576,-0.0150912040844559,0.6467022895812988,0.4531672894954681,-0.0056573278270661,0.6561886072158813,0.4689741134643554,-0.0028117490001022,Pointing_Right
508831772433838_.pic_thumb.jpg,0.377942681312561,0.8214033246040344,-4.72170796683713e-07,0.5371569991111755,0.7386202216148376,-0.0086486358195543,0.6256815195083618,0.636590838432312,-0.0209159478545188,0.6790807247161865,0.5568514466285706,-0.0325045995414257,0.7525167465209961,0.5268262028694153,-0.0432656891644001,0.4416751861572265,0.5177156329154968,-0.0347424633800983,0.499350756406784,0.5313438773155212,-0.0533580966293811,0.5083878636360168,0.5863344669342041,-0.0784956067800521,0.4887278974056244,0.6225060224533081,-0.0979558452963829,0.326587438583374,0.5312367677688599,-0.0414213202893734,0.3989508152008056,0.5513185858726501,-0.0373760610818862,0.4166830778121948,0.5985520482063293,-0.0448957048356533,0.4007541835308075,0.6303475499153137,-0.0629976317286491,0.2405835390090942,0.5682551860809326,-0.0455058142542839,0.3042548894882202,0.5782648921012878,-0.0451424568891525,0.3230560719966888,0.6169742345809937,-0.0395168587565422,0.3111872673034668,0.6468945741653442,-0.0457936488091945,0.1751834750175476,0.6092123985290527,-0.0500666312873363,0.2279856503009796,0.6130661964416504,-0.0507905781269073,0.2511934041976928,0.6466085314750671,-0.0348273068666458,0.2483351677656173,0.6718186140060425,-0.0254378300160169,Pointing_Right
IMG_9787.JPG,0.7230047583580017,0.5668624639511108,-6.030159624970111e-07,0.6618178486824036,0.6397556662559509,0.0051595456898212,0.6001003980636597,0.6728692054748535,-0.0009414671803824,0.556061863899231,0.7019758820533752,-0.009726702235639,0.5393587350845337,0.7570898532867432,-0.0193978957831859,0.5401583313941956,0.562033474445343,-0.0056560561060905,0.5499878525733948,0.554826021194458,0.0007998861256055,0.5790284872055054,0.5662587881088257,0.0026076037902384,0.5975368618965149,0.580026388168335,0.0011487226001918,0.5522646903991699,0.503600537776947,-0.0131323281675577,0.5703640580177307,0.508024275302887,0.0052622398361563,0.5953798294067383,0.5258954763412476,0.0085412729531526,0.6104680299758911,0.5362458229064941,0.0022307701874524,0.5790719389915466,0.4589076638221741,-0.0178232844918966,0.5918667316436768,0.4747101068496704,-0.0005143375019542,0.6140989065170288,0.4906376004219055,0.0022701250854879,0.6287210583686829,0.5033854842185974,-0.004342705477029,0.6085478067398071,0.4250452220439911,-0.0229498241096735,0.6184746026992798,0.4367925822734833,-0.0054819956421852,0.636260986328125,0.4561806917190552,0.005405509378761,0.647555410861969,0.4710109233856201,0.008688953705132,Pointing_Right
507931772433750_.pic_thumb.jpg,0.9489789009094238,0.6731554269790649,-6.513748189718171e-07,0.8457657098770142,0.5980564951896667,0.0150564387440681,0.721785843372345,0.5634157061576843,0.0003535685827955,0.6046649813652039,0.5719808340072632,-0.0248191393911838,0.522459864616394,0.5930415391921997,-0.0539633631706237,0.6466725468635559,0.4858826994895935,-0.003471934935078,0.4769986867904663,0.5051258206367493,-0.0250328853726387,0.3838651180267334,0.5105180740356445,-0.0478637069463729,0.3169972002506256,0.5034590363502502,-0.0707358717918396,0.6435750722885132,0.5071407556533813,-0.0331577360630035,0.5252436399459839,0.6115617156028748,-0.0496964678168296,0.5881934762001038,0.641335129737854,-0.0583867505192756,0.6382854580879211,0.6265173554420471,-0.0716369897127151,0.6546593308448792,0.5531126856803894,-0.0612186640501022,0.5615530014038086,0.6639553904533386,-0.0692351683974266,0.6307408809661865,0.6790052056312561,-0.0621883273124694,0.6784548163414001,0.6544559001922607,-0.0679556876420974,0.6670346260070801,0.6086726188659668,-0.0910273492336273,0.5985276699066162,0.6885941028594971,-0.1071812212467193,0.65413898229599,0.7014888525009155,-0.1017582342028617,0.6995927691459656,0.6842656135559082,-0.0986323729157447,Pointing_Left
IMG_9591.JPG,0.9676225781440736,0.8365354537963867,-4.72328423484214e-07,0.8706669807434082,0.7819327712059021,0.0191944129765033,0.8180881142616272,0.6890971660614014,0.0308318547904491,0.8120830059051514,0.6001834869384766,0.0395045466721057,0.8364875316619873,0.5617614388465881,0.0477197095751762,0.835611879825592,0.5976412296295166,0.0172770489007234,0.8226974010467529,0.4795854687690735,0.0347786881029605,0.8191757798194885,0.4321242272853851,0.0498914197087287,0.818493127822876,0.3950598239898681,0.0578913241624832,0.8900108337402344,0.5743205547332764,0.0150480410084128,0.8642057776451111,0.5257729887962341,0.0356775484979152,0.8557608127593994,0.5645073652267456,0.049325693398714,0.8578894734382629,0.6007333993911743,0.0551169477403163,0.9410836100578308,0.5773509740829468,0.0161123406141996,0.9015342593193054,0.5515034794807434,0.035162728279829,0.895744264125824,0.5884795188903809,0.042822241783142,0.9008396863937378,0.6255678534507751,0.0426641181111335,0.9821981191635132,0.5871049761772156,0.0191654749214649,0.9467149972915648,0.5709744691848755,0.0410615280270576,0.9398841857910156,0.5969083905220032,0.0526302717626094,0.9444952011108398,0.6278567910194397,0.0581000410020351,Pointing_Left
508781772433833_.pic_thumb.jpg,0.2964898645877838,0.9768047332763672,-4.796441430698906e-07,0.5435982346534729,0.8672357797622681,-0.0039482926949858,0.6672306060791016,0.7257558107376099,-0.0097931213676929,0.75566565990448,0.6191135048866272,-0.0163879804313182,0.8552329540252686,0.5716528296470642,-0.0210285950452089,0.4635817408561706,0.5648612976074219,-0.0262327641248703,0.5518767237663269,0.596301257610321,-0.0325052067637443,0.5580725073814392,0.6725810766220093,-0.0504394173622131,0.5298981666564941,0.7124712467193604,-0.0682979822158813,0.3056183457374573,0.5807435512542725,-0.0368398614227771,0.4041406512260437,0.616883397102356,-0.0166319292038679,0.4248049855232239,0.6808808445930481,-0.020989540964365,0.3945895433425903,0.7178865075111389,-0.0455844923853874,0.1772539317607879,0.6347014904022217,-0.0438252240419387,0.2608862519264221,0.6557090282440186,-0.0341378860175609,0.2915856838226318,0.711693525314331,-0.0258875675499439,0.2722788155078888,0.7510026693344116,-0.0372608229517936,0.0773464739322662,0.6951062679290771,-0.0507088713347911,0.1442903280258178,0.7031524181365967,-0.0467299371957778,0.1802455484867096,0.7472991943359375,-0.0266895946115255,0.17803356051445,0.7814208269119263,-0.0182004049420356,Pointing_Right
509081772433864_.pic.jpg,0.1057589501142501,0.7422997355461121,9.14302447085902e-08,0.2566886842250824,0.678499162197113,-0.0565992146730423,0.3408748805522918,0.5952415466308594,-0.0721069201827049,0.4132952690124511,0.53059983253479,-0.0736924931406974,0.4859274327754974,0.5006640553474426,-0.0681922882795333,0.1501639783382415,0.5027740001678467,-0.0428222231566906,0.2780928313732147,0.5154045224189758,-0.0448582991957664,0.3178206086158752,0.5643032789230347,-0.0527984909713268,0.3174600899219513,0.5919405221939087,-0.0589886121451854,0.0810521990060806,0.5113550424575806,-0.0102980565279722,0.2203961014747619,0.5428429841995239,-0.0019821836613118,0.2606395781040191,0.5873127579689026,-0.0130993137136101,0.2578790485858917,0.6141444444656372,-0.0305372234433889,0.044782668352127,0.5405452847480774,0.0205677431076765,0.1631483286619186,0.5670342445373535,0.0250787287950515,0.2050443887710571,0.6043158173561096,0.0143512608483433,0.205779954791069,0.6340531706809998,0.0005386670236475,0.0219479650259017,0.5687852501869202,0.0477592647075653,0.1098705977201461,0.5822054147720337,0.0476168468594551,0.1425971388816833,0.6081499457359314,0.0442906245589256,0.1455983817577362,0.6321651935577393,0.0407570526003837,Pointing_Right
507951772433752_.pic.jpg,0.9708149433135986,0.7553460597991943,-8.700890816726314e-07,0.870758593082428,0.6666945219039917,0.0233421325683593,0.7511103749275208,0.606660008430481,0.0155597217381,0.6671384572982788,0.5648160576820374,-0.00259206793271,0.6205477118492126,0.5394217371940613,-0.0255279075354337,0.645065188407898,0.5451258420944214,-0.0054077357053756,0.4520485401153564,0.5648856163024902,-0.0226296726614236,0.349738746881485,0.5724025964736938,-0.0417104847729206,0.275932103395462,0.5657170414924622,-0.0634918063879013,0.6362545490264893,0.5692078471183777,-0.0378298535943031,0.493999183177948,0.6875922679901123,-0.0533233545720577,0.5616798996925354,0.7233380079269409,-0.0586541704833507,0.6197240352630615,0.7113471031188965,-0.0701012387871742,0.6400483846664429,0.6215859651565552,-0.0671184435486793,0.5345824956893921,0.7437863349914551,-0.0719835758209228,0.6071543097496033,0.7649545073509216,-0.0614467151463031,0.6584987044334412,0.7384145855903625,-0.0673351362347602,0.6473585963249207,0.6839790344238281,-0.0978429839015007,0.5811845064163208,0.7787388563156128,-0.1186430677771568,0.6451506018638611,0.7942899465560913,-0.1165721118450164,0.6911066770553589,0.7732861042022705,-0.1151206120848655,Pointing_Left
509051772433860_.pic_thumb.jpg,0.3914482891559601,0.8236653804779053,-2.81878129726465e-07,0.5514159202575684,0.7607440948486328,-0.023543544113636,0.6509913206100464,0.680745542049408,-0.0400235578417778,0.7109163403511047,0.6201490163803101,-0.0544898025691509,0.7759013175964355,0.5919481515884399,-0.0666702017188072,0.4818558096885681,0.5724160075187683,-0.032147005200386,0.5616006255149841,0.5957144498825073,-0.0587438941001892,0.5753307938575745,0.6398997902870178,-0.0925909578800201,0.5532751083374023,0.6634315252304077,-0.1184857934713363,0.3815919756889343,0.5827045440673828,-0.0348390042781829,0.4644230008125305,0.6041932106018066,-0.0491085425019264,0.4812767505645752,0.642987072467804,-0.069902628660202,0.4565841257572174,0.6654732823371887,-0.0929516926407814,0.3096433281898498,0.6133274435997009,-0.0379298366606235,0.3816730678081512,0.6195476055145264,-0.0525172650814056,0.3998168706893921,0.6516366004943848,-0.0536889620125293,0.3829677104949951,0.6731031537055969,-0.0596810020506382,0.2564150094985962,0.6486048698425293,-0.0428492873907089,0.3217899203300476,0.651373028755188,-0.0529785566031932,0.3430133461952209,0.6795113682746887,-0.0426422469317913,0.3356170058250427,0.6998941898345947,-0.0356496609747409,Pointing_Right
IMG_9865.JPG,0.8661562204360962,0.5018090009689331,-5.435533125819347e-07,0.8342406749725342,0.5796492099761963,-0.0186608582735061,0.7884966135025024,0.6465685367584229,-0.0451950021088123,0.7574594020843506,0.7159415483474731,-0.0671127364039421,0.7567137479782104,0.7813417911529541,-0.0867256373167038,0.7978023290634155,0.5553998947143555,-0.0892304554581642,0.693812370300293,0.5746551752090454,-0.1119499877095222,0.717159628868103,0.5843830108642578,-0.1070172637701034,0.7478980422019958,0.5776807069778442,-0.098714143037796,0.7938517928123474,0.482280284166336,-0.087310254573822,0.6838026642799377,0.5252860188484192,-0.106192946434021,0.7078114748001099,0.5411472916603088,-0.091803565621376,0.7391875386238098,0.5322046875953674,-0.0820551067590713,0.7841537594795227,0.4251149892807007,-0.0821386948227882,0.6795218586921692,0.47880819439888,-0.0925934016704559,0.7057385444641113,0.4923632740974426,-0.0697750672698021,0.736221969127655,0.4826277196407318,-0.0561075918376445,0.770025908946991,0.3846515715122223,-0.0772135853767395,0.6916964054107666,0.4308120608329773,-0.0795862525701522,0.7115818858146667,0.4458132982254028,-0.0627285093069076,0.737308144569397,0.4383778572082519,-0.0529401525855064,Pointing_Right
509181772433877_.pic.jpg,0.1919493526220321,0.4141064882278442,-2.443788105210843e-07,0.3385536670684814,0.3907568156719208,-0.0198587775230407,0.4318179190158844,0.341019332408905,-0.0303959716111421,0.4951618909835815,0.3069674372673034,-0.0380535908043384,0.5568295121192932,0.2971601784229278,-0.0444026738405227,0.2998080849647522,0.1968217939138412,-0.0338879190385341,0.3482899367809295,0.2304134666919708,-0.0346360132098197,0.3525149226188659,0.2751249074935913,-0.0438642427325248,0.3341268002986908,0.2991056144237518,-0.0544597990810871,0.2010986506938934,0.2024816572666168,-0.0326234363019466,0.2652998566627502,0.2353417873382568,-0.0191928204149007,0.2735638320446014,0.271767109632492,-0.0239260531961917,0.2514659166336059,0.2941737174987793,-0.0402709171175956,0.1273026764392852,0.2328538447618484,-0.0295254830271005,0.1868140697479248,0.2536073625087738,-0.0254036970436573,0.2017328292131424,0.2827358543872833,-0.0282039158046245,0.1859451532363891,0.3023743331432342,-0.0398875549435615,0.0720143914222717,0.2667118012905121,-0.0274398848414421,0.124637559056282,0.2824260294437408,-0.0270726550370454,0.1435359269380569,0.3079277575016022,-0.0196368731558322,0.1389720737934112,0.3255996704101562,-0.0183668304234743,Pointing_Right
509241772433885_.pic_thumb.jpg,0.1561166942119598,0.7709512710571289,3.2903177071830214e-08,0.3178092539310455,0.7031621336936951,-0.037297785282135,0.4139702022075653,0.6085129976272583,-0.0540021359920501,0.4831657707691192,0.5381554961204529,-0.0659330487251281,0.5635064840316772,0.5094254016876221,-0.0733017474412918,0.2097213119268417,0.5180960893630981,-0.0269401296973228,0.3232586979866028,0.5296001434326172,-0.0520972609519958,0.3542822003364563,0.575698733329773,-0.0835233107209205,0.3433850705623626,0.6009466648101807,-0.1070649251341819,0.1217758357524871,0.5353330969810486,-0.0195238795131444,0.2405076771974563,0.5494983792304993,-0.0312761031091213,0.2712539434432983,0.5868515372276306,-0.0528239384293556,0.2547428607940674,0.6091126799583435,-0.0768382549285888,0.0669471323490142,0.5711147785186768,-0.0151036204770207,0.169066846370697,0.573768675327301,-0.0294981002807617,0.1974767446517944,0.6038975715637207,-0.0354303829371929,0.1845890879631042,0.6240900158882141,-0.0440311357378959,0.0300148725509643,0.6088407039642334,-0.0134890852496027,0.1134924888610839,0.6064321398735046,-0.0226856172084808,0.1403311640024185,0.6314589977264404,-0.0164045840501785,0.1334436684846878,0.6525744199752808,-0.012855963781476,Pointing_Right
IMG_9611.JPG,0.7210375070571899,0.7743725776672363,-2.8407583840817097e-07,0.6579517126083374,0.7487589716911316,0.0289011448621749,0.6260693669319153,0.6872904896736145,0.038068164139986,0.6237387657165527,0.6239066123962402,0.0457537807524204,0.6448349952697754,0.5940525531768799,0.0516167841851711,0.6253675818443298,0.6194044947624207,-0.0094500081613659,0.6269638538360596,0.514923632144928,-0.014645948074758,0.6313571929931641,0.4560902416706085,-0.020280746743083,0.6365852355957031,0.4107729494571686,-0.0245720967650413,0.6668733954429626,0.6015888452529907,-0.0140345394611358,0.6724839806556702,0.5485276579856873,0.0033136929851025,0.6733925938606262,0.582214891910553,0.0233496855944395,0.6715917587280273,0.6166499853134155,0.0321850813925266,0.7078563570976257,0.6035454273223877,-0.0146112916991114,0.7029825448989868,0.5766820311546326,0.006112350616604,0.704154372215271,0.6028536558151245,0.0222617536783218,0.7057183980941772,0.6363582611083984,0.026273638010025,0.7428162693977356,0.6097768545150757,-0.0123442215844988,0.7339582443237305,0.6007677912712097,0.0062839994207024,0.7335271239280701,0.6283072829246521,0.0191870406270027,0.735063910484314,0.6545710563659668,0.0251744650304317,Pointing_Left
IMG_9698.JPG,0.6508903503417969,0.7975188493728638,2.2793190623815465e-07,0.7056682109832764,0.7113035917282104,0.0217887293547391,0.7202301025390625,0.6401393413543701,0.017948443070054,0.7360098361968994,0.5959961414337158,0.0034217122010886,0.7424066066741943,0.5625684261322021,-0.010863653384149,0.6403797268867493,0.5742138624191284,0.0044431444257497,0.6545107960700989,0.486701637506485,-0.0161683373153209,0.6720821857452393,0.4343690574169159,-0.0296006295830011,0.6789126396179199,0.3901519775390625,-0.03922925516963,0.6260818839073181,0.5875431895256042,-0.0238125473260879,0.6808951497077942,0.5010665655136108,-0.0543864294886589,0.7272815704345703,0.5333225727081299,-0.0614580623805522,0.7400795221328735,0.5717976093292236,-0.059130772948265,0.6295306086540222,0.6154534220695496,-0.0512552373111248,0.6894376873970032,0.5355305075645447,-0.0758199319243431,0.7326332926750183,0.5721021294593811,-0.0654032602906227,0.7401257753372192,0.6115239858627319,-0.0510740280151367,0.6454490423202515,0.6490755081176758,-0.078055091202259,0.6982153654098511,0.593100368976593,-0.0907886177301406,0.7291172742843628,0.6122822761535645,-0.080406978726387,0.7359806299209595,0.6404978036880493,-0.0687430053949356,Pointing_Left
IMG_9580.JPG,0.9157643914222716,0.8193877935409546,-5.245943270892894e-07,0.8390458226203918,0.7891596555709839,0.0273338165134191,0.7939467430114746,0.7209649085998535,0.0490873083472251,0.7819971442222595,0.6625291705131531,0.0758053734898567,0.7994764447212219,0.6313167810440063,0.1021222621202468,0.8144736289978027,0.6268760561943054,0.0062986044213175,0.8041441440582275,0.5397131443023682,0.0237127784639596,0.7945826649665833,0.4934607148170471,0.0267133191227912,0.7890841364860535,0.4540576934814453,0.0267139095813035,0.8595752120018005,0.6159639358520508,0.0175639186054468,0.8345952033996582,0.5964084267616272,0.0731780529022216,0.8290724754333496,0.6378310918807983,0.1026045531034469,0.8319226503372192,0.6686519384384155,0.1100240722298622,0.8956614136695862,0.6256101727485657,0.0327551662921905,0.8645761013031006,0.6141197085380554,0.0850133821368217,0.8614768981933594,0.6528791189193726,0.0912448391318321,0.868939995765686,0.6806043386459351,0.079817846417427,0.9252558946609496,0.6335741877555847,0.051503412425518,0.8995568752288818,0.6299247741699219,0.0915642902255058,0.8942744731903076,0.6596969962120056,0.098867192864418,0.898115873336792,0.6875357031822205,0.0946096330881118,Pointing_Left
508681772433823_.pic.jpg,0.3457355499267578,0.970212459564209,-4.6359164684872667e-07,0.5771979093551636,0.903672218322754,0.0243887901306152,0.6958707571029663,0.78582763671875,0.0355004370212554,0.7747188806533813,0.6933906674385071,0.0485055297613143,0.8476019501686096,0.6707732081413269,0.0618055425584316,0.5835766196250916,0.621418297290802,-0.0221689082682132,0.6479416489601135,0.6153132915496826,0.0154920099303126,0.656563937664032,0.6847309470176697,0.0424382388591766,0.6387184858322144,0.7314222455024719,0.056381668895483,0.4521646797657013,0.6251850128173828,-0.0268925670534372,0.5199847221374512,0.6258373260498047,0.0449083112180233,0.5375376343727112,0.6821683049201965,0.0764243155717849,0.5197597742080688,0.723213791847229,0.0721356868743896,0.3361349999904632,0.6609085202217102,-0.0209261234849691,0.3954307734966278,0.6523968577384949,0.0400284826755523,0.4237440228462219,0.7023507356643677,0.0631185099482536,0.4090551137924194,0.7443397045135498,0.0528337731957435,0.2437560558319091,0.7066584825515747,-0.0111057106405496,0.2885017693042755,0.6888754963874817,0.0340891331434249,0.3203337788581848,0.7250491380691528,0.0668034180998802,0.3143857717514038,0.7588105201721191,0.0785364955663681,Pointing_Right
508441772433799_.pic.jpg,1.000567078590393,0.90795636177063,-1.4226923212845577e-06,0.8553434610366821,0.8045406341552734,0.036704234778881,0.6904942989349365,0.7432754635810852,0.0218099616467952,0.5329590439796448,0.733229398727417,-0.0080296266824007,0.413186252117157,0.7500583529472351,-0.0446695946156978,0.6015124320983887,0.6195113658905029,-0.0217277761548757,0.3617320656776428,0.6413628458976746,-0.0531673394143581,0.2288757562637329,0.6589435338973999,-0.0807213634252548,0.1299618482589721,0.6543271541595459,-0.1085210517048835,0.6045845746994019,0.645912766456604,-0.0735112056136131,0.4096021354198456,0.8020961880683899,-0.0970756933093071,0.4893295168876648,0.8595218062400818,-0.1011550650000572,0.5631092190742493,0.8528653383255005,-0.1151294484734535,0.6210679411888123,0.7141804695129395,-0.121034987270832,0.4702475666999817,0.8816227912902832,-0.1328285038471222,0.5619551539421082,0.9198564291000366,-0.1181242540478706,0.6299905180931091,0.8907760381698608,-0.1239756196737289,0.6366780996322632,0.7974146008491516,-0.1691691577434539,0.5161329507827759,0.9220699071884156,-0.1918336004018783,0.5815756916999817,0.9516891241073608,-0.1833190023899078,0.638264536857605,0.934472918510437,-0.1796262860298156,Pointing_Left
IMG_9552.JPG,0.7235355377197266,0.8889322280883789,-3.2328514976143197e-07,0.6495665311813354,0.8592249155044556,0.0212016198784112,0.6092000603675842,0.7853293418884277,0.0317171812057495,0.6078581809997559,0.7162591218948364,0.0413258671760559,0.6372315287590027,0.6850576996803284,0.0492119118571281,0.6167498230934143,0.7047913074493408,-0.0002066114830086,0.614572286605835,0.5954737067222595,0.0064794337376952,0.6150330305099487,0.5379540920257568,0.010874455794692,0.6163526773452759,0.49263596534729,0.0127075854688882,0.662871241569519,0.6843646764755249,-0.0006293726619333,0.6506406664848328,0.6439108848571777,0.0244580041617155,0.6461342573165894,0.6779834628105164,0.0447204113006591,0.6471619009971619,0.7117106914520264,0.053339522331953,0.7054890394210815,0.6882664561271667,0.0021069175563752,0.6838617920875549,0.672420084476471,0.0250628888607025,0.6822488903999329,0.7028898596763611,0.0353612899780273,0.6861197352409363,0.7344127297401428,0.0356514267623424,0.7409157156944275,0.6978192329406738,0.0072818156331777,0.7199145555496216,0.6889914870262146,0.0283315796405076,0.7174782752990723,0.7164896130561829,0.0393176823854446,0.7212812900543213,0.7450655698776245,0.0437025614082813,Pointing_Left
IMG_9707.JPG,0.6892303824424744,0.7888016104698181,4.478732407164898e-08,0.7372055649757385,0.7208752632141113,-0.005086753051728,0.7517479658126831,0.652474582195282,-0.0184690523892641,0.7629159092903137,0.6051527857780457,-0.0353029035031795,0.7590422034263611,0.5900098085403442,-0.0503471456468105,0.6645130515098572,0.5749561190605164,-0.0214897412806749,0.674906313419342,0.5005155801773071,-0.0492612607777118,0.6786597371101379,0.4458208680152893,-0.0658303499221801,0.6795032620429993,0.4003046154975891,-0.0773349106311798,0.6431304216384888,0.5941037535667419,-0.0370462946593761,0.7267181277275085,0.5616441369056702,-0.0722754374146461,0.7407079339027405,0.6201502680778503,-0.0750111192464828,0.7258087396621704,0.6432534456253052,-0.0701347440481185,0.6380851864814758,0.6233335137367249,-0.0543932802975177,0.7247104644775391,0.6067172884941101,-0.0886788889765739,0.7350083589553833,0.6609635353088379,-0.0788138955831527,0.7174001336097717,0.6749401092529297,-0.0652508288621902,0.6452564001083374,0.6593728065490723,-0.0729171335697174,0.7136658430099487,0.6480029225349426,-0.090560458600521,0.7224106788635254,0.6845037341117859,-0.0797276571393013,0.7049577236175537,0.7006160616874695,-0.0688140615820884,Pointing_Left
508401772433795_.pic.jpg,0.948867678642273,0.798430323600769,-7.92849618846958e-07,0.8349170088768005,0.6752693057060242,0.0362257994711399,0.6750872135162354,0.6182054281234741,0.0252394471317529,0.5282330513000488,0.6364895701408386,-0.0011536165839061,0.4255830645561218,0.6823275089263916,-0.0360032021999359,0.5864261388778687,0.5307911038398743,0.0019154679030179,0.3702887594699859,0.5527772903442383,-0.013960818760097,0.2441551983356475,0.5723007321357727,-0.037001971155405,0.1503170728683471,0.5768404006958008,-0.0627582222223281,0.5618918538093567,0.5744781494140625,-0.0415199398994445,0.4001623392105102,0.6917737722396851,-0.0461337119340896,0.4797155857086181,0.7330770492553711,-0.0523478016257286,0.553042471408844,0.7230182886123657,-0.0690051987767219,0.5579623579978943,0.6483632326126099,-0.0793225243687629,0.4334985017776489,0.77082359790802,-0.075894221663475,0.5182234048843384,0.7966864109039307,-0.066002681851387,0.582550048828125,0.7752282619476318,-0.0752032622694969,0.5580005645751953,0.7312045693397522,-0.1176332607865333,0.4740857779979706,0.8166732788085938,-0.1308069229125976,0.5448070764541626,0.839024543762207,-0.1202170774340629,0.6026985049247742,0.8247710466384888,-0.1148215904831886,Pointing_Left
IMG_9693.JPG,0.7155015468597412,0.7394240498542786,9.659668620543017e-08,0.6473719477653503,0.7107665538787842,0.0019606077112257,0.6120194792747498,0.645999550819397,0.0015937882708385,0.6148370504379272,0.5797619819641113,0.0029892863240092,0.6352089047431946,0.5497516989707947,0.0035514922346919,0.6353781223297119,0.5915059447288513,-0.0263952985405921,0.6289364695549011,0.4814810752868652,-0.0354471169412136,0.6265451908111572,0.4206885993480682,-0.034093040972948,0.6260066032409668,0.3767809271812439,-0.0310655683279037,0.6780428290367126,0.5776358842849731,-0.0289535596966743,0.6663216948509216,0.4578742086887359,-0.0399906039237976,0.6583375930786133,0.3911061584949493,-0.0385052040219306,0.6544339656829834,0.3438220620155334,-0.0345706455409526,0.7132646441459656,0.5752066969871521,-0.0295152589678764,0.6996548175811768,0.4666898846626282,-0.0396637693047523,0.69173264503479,0.4041145443916321,-0.0419159866869449,0.6851017475128174,0.359677791595459,-0.0403669625520706,0.7407737374305725,0.582587480545044,-0.0283809099346399,0.7304949760437012,0.4984582364559173,-0.0331459157168865,0.72320157289505,0.4524641036987304,-0.0320306979119777,0.7158127427101135,0.41745525598526,-0.0289576761424541,Pointing_Left
508231772433779_.pic.jpg,0.7902491092681885,0.7050685286521912,-5.446822228805104e-07,0.7184139490127563,0.6161174774169922,0.0238267499953508,0.6078485250473022,0.5810245275497437,0.0142431519925594,0.5059492588043213,0.5936340689659119,-0.0052669113501906,0.437793493270874,0.6290403008460999,-0.0307746808975934,0.5322977304458618,0.5315459370613098,-0.0067852050997316,0.3765825033187866,0.5492907166481018,-0.0241824463009834,0.281470239162445,0.5637139678001404,-0.0422231331467628,0.2109929919242859,0.567048192024231,-0.0617801398038864,0.5121629238128662,0.558377742767334,-0.0382979027926921,0.4049454927444458,0.6488629579544067,-0.0514315329492092,0.4656107723712921,0.6815178990364075,-0.0566305741667747,0.5213993191719055,0.675626277923584,-0.0658662393689155,0.5093299150466919,0.6090888381004333,-0.0661197528243064,0.4340071976184845,0.7048088312149048,-0.0723266825079917,0.4983595609664917,0.7256780862808228,-0.0662790089845657,0.5465770959854126,0.7079338431358337,-0.0715926513075828,0.5107099413871765,0.6667370796203613,-0.0942584201693534,0.4696571230888366,0.7431026697158813,-0.1139650493860244,0.5246261954307556,0.760256290435791,-0.1127292811870575,0.5660720467567444,0.7450674772262573,-0.1113250479102134,Pointing_Left
IMG_9758.JPG,0.9732598662376404,0.5685132145881653,-5.27279610196274e-07,0.900888204574585,0.6652553081512451,-0.0309865400195121,0.8300108313560486,0.7390628457069397,-0.0602124668657779,0.78659987449646,0.8140895366668701,-0.0835371911525726,0.7812077403068542,0.8950332999229431,-0.1044881343841552,0.7816198468208313,0.5596659183502197,-0.0703349113464355,0.7029193639755249,0.6482642889022827,-0.0703512281179428,0.7364711761474609,0.6741113662719727,-0.0614095218479633,0.7667906880378723,0.66847163438797,-0.0576431527733802,0.7801892757415771,0.4828603863716125,-0.0578365363180637,0.7021379470825195,0.5906456112861633,-0.0586952194571495,0.729549765586853,0.6232092976570129,-0.0507322363555431,0.7605380415916443,0.6178106665611267,-0.0509119182825088,0.7874943614006042,0.4367555975914001,-0.0415923930704593,0.712455153465271,0.5316765308380127,-0.0378289856016635,0.732627272605896,0.5666515231132507,-0.0296185724437236,0.7633195519447327,0.5738115310668945,-0.0304130036383867,0.7974392175674438,0.414424180984497,-0.0276757460087537,0.744928240776062,0.4740128517150879,-0.025942750275135,0.7565977573394775,0.5095835328102112,-0.0196967851370573,0.7754368782043457,0.5224143862724304,-0.0169695634394884,Pointing_Right
IMG_9719.JPG,0.6013442277908325,0.7253082394599915,-6.696236454217798e-08,0.6166147589683533,0.6582956910133362,-0.0159687642008066,0.6538001894950867,0.5790221095085144,-0.0436380393803119,0.6675624847412109,0.5117246508598328,-0.0664482191205024,0.6650692224502563,0.4500631690025329,-0.0864287614822387,0.662408173084259,0.5987204313278198,-0.0987676158547401,0.7568538188934326,0.6130704879760742,-0.1200753971934318,0.736733615398407,0.6283259391784668,-0.1112137138843536,0.7058583498001099,0.6267096400260925,-0.1013095155358314,0.6626538038253784,0.659375011920929,-0.1033893227577209,0.7656943798065186,0.6631441712379456,-0.1263046264648437,0.7391971945762634,0.6750088334083557,-0.1109939962625503,0.7026358246803284,0.6754264235496521,-0.0989894568920135,0.6660031080245972,0.719778835773468,-0.1041168197989463,0.7642306685447693,0.7136266827583313,-0.1168663203716278,0.7372611165046692,0.7201385498046875,-0.0904005244374275,0.7003702521324158,0.721713662147522,-0.0734190270304679,0.670769453048706,0.7748780250549316,-0.1050497666001319,0.7469084858894348,0.7661813497543335,-0.1131568476557731,0.7294290065765381,0.7628045082092285,-0.0971036925911903,0.6980880498886108,0.7606109380722046,-0.0863486304879188,Pointing_Left
509061772433862_.pic_thumb.jpg,0.2735296189785003,0.7551114559173584,-1.3509738039374497e-07,0.4342638254165649,0.7049803733825684,-0.0353375189006328,0.530404269695282,0.629307210445404,-0.0552195236086845,0.5939191579818726,0.5707495212554932,-0.0702250450849533,0.6561893224716187,0.5411930680274963,-0.0825016722083091,0.3588802814483642,0.524506151676178,-0.0477418154478073,0.4493646323680877,0.5422585010528564,-0.0746310576796531,0.4735856056213379,0.587426483631134,-0.1049417033791542,0.4600617885589599,0.6131888628005981,-0.1277602761983871,0.268859326839447,0.5315120816230774,-0.0439487434923648,0.3719781935214996,0.5541289448738098,-0.0586170852184295,0.3916611969470978,0.5892996788024902,-0.0771175548434257,0.3680310845375061,0.6104451417922974,-0.0990306884050369,0.2046767622232437,0.5608057975769043,-0.0414453670382499,0.2936252355575561,0.5707343220710754,-0.0589848235249519,0.3129369020462036,0.5974161028862,-0.0639987662434578,0.2958463728427887,0.6161960363388062,-0.0727617293596267,0.1567250192165374,0.5953242778778076,-0.0412818267941474,0.2290049344301223,0.6020688414573669,-0.0557860061526298,0.2494426369667053,0.6260499954223633,-0.0509877800941467,0.2398533374071121,0.6446085572242737,-0.0484799705445766,Pointing_Right
508761772433831_.pic_thumb.jpg,0.2823229432106018,0.8929297924041748,-2.848239546437981e-07,0.5041446089744568,0.773208498954773,-0.0080538345500826,0.6194541454315186,0.645658552646637,-0.0229224599897861,0.7055654525756836,0.5527148842811584,-0.0401950851082801,0.8108015656471252,0.5246411561965942,-0.0556904710829257,0.3825798332691192,0.509624719619751,-0.0346428602933883,0.4885581433773041,0.5285090208053589,-0.0607658773660659,0.5185498595237732,0.5922066569328308,-0.0942955464124679,0.4991094172000885,0.6259453296661377,-0.1214757710695266,0.2446477562189102,0.5378580093383789,-0.0489242598414421,0.351342499256134,0.5645005106925964,-0.0523344539105892,0.3869690299034118,0.6161296963691711,-0.0679609403014183,0.3705060482025146,0.6457504034042358,-0.0968396812677383,0.1423987746238708,0.5948501825332642,-0.0611637756228446,0.2307086735963821,0.6057642698287964,-0.0692153796553611,0.2642399072647095,0.649279773235321,-0.0623292662203311,0.2506384253501892,0.6802977323532104,-0.0699210837483406,0.0624298751354217,0.6545542478561401,-0.0740318372845649,0.1316841542720794,0.657018780708313,-0.0764843672513961,0.1701442599296569,0.6944218277931213,-0.0549185872077941,0.1695025563240051,0.7247484922409058,-0.0438640229403972,Pointing_Right
IMG_9715.JPG,0.6165788173675537,0.7391877770423889,-1.699169729363348e-07,0.6306754350662231,0.6569355130195618,-0.0051900129765272,0.6598228216171265,0.5742595195770264,-0.0279556587338447,0.6723428964614868,0.5024538636207581,-0.0485623925924301,0.6670322418212891,0.4416407346725464,-0.0671702846884727,0.6870829463005066,0.5898299813270569,-0.0797493979334831,0.7750288248062134,0.5903682708740234,-0.0910176411271095,0.7530957460403442,0.6159670948982239,-0.0777000188827514,0.7230557203292847,0.6210253834724426,-0.0659433379769325,0.6951563954353333,0.6511921286582947,-0.0876223370432853,0.7883867621421814,0.6405820250511169,-0.0976438894867897,0.7627893686294556,0.6620151996612549,-0.081360250711441,0.7283170819282532,0.667233943939209,-0.0712471678853035,0.7034440040588379,0.7126660943031311,-0.0906860828399658,0.7937849760055542,0.6934040784835815,-0.0926393046975135,0.7677747011184692,0.7099871635437012,-0.0695418342947959,0.7341200113296509,0.7170762419700623,-0.0580156072974205,0.7099000811576843,0.7693135738372803,-0.0932082161307334,0.7827460765838623,0.7501083612442017,-0.0965953171253204,0.7642800211906433,0.7532135844230652,-0.0816700980067253,0.7345449328422546,0.756001889705658,-0.0726088210940361,Pointing_Left
IMG_9827.JPG,0.8111495971679688,0.6654582619667053,7.706303506438418e-08,0.7682027816772461,0.6778982281684875,-0.0167068410664796,0.7409046292304993,0.7259294390678406,-0.025414615869522,0.7453540563583374,0.776371419429779,-0.0343959592282772,0.7664159536361694,0.8101674914360046,-0.0435604453086853,0.7417713403701782,0.8263943195343018,-0.01006814930588,0.7409971952438354,0.8979778289794922,-0.0273512732237577,0.7436200380325317,0.9444843530654908,-0.0410159900784492,0.7472373843193054,0.9824169278144836,-0.0514242500066757,0.7750473618507385,0.82957923412323,-0.0147054083645343,0.7753389477729797,0.8893885612487793,-0.0412685051560401,0.7794935703277588,0.8440154790878296,-0.0539848320186138,0.7792286276817322,0.8056755661964417,-0.0568812415003776,0.8070158958435059,0.8181081414222717,-0.0215466041117906,0.8130425214767456,0.8631596565246582,-0.0501471273601055,0.8096011877059937,0.8103761076927185,-0.0529458820819854,0.8020472526550293,0.77104651927948,-0.0473203100264072,0.8375451564788818,0.7963971495628357,-0.0295415967702865,0.8413543701171875,0.836512565612793,-0.0500149466097354,0.8334057331085205,0.8011841773986816,-0.0495123602449893,0.8222167491912842,0.7696861624717712,-0.0445079281926155,Pointing_Right
IMG_9772.JPG,0.869653046131134,0.5377843976020813,-2.0598029948359908e-08,0.8258328437805176,0.5359379053115845,-0.0161964204162359,0.7916080951690674,0.5680098533630371,-0.0288635566830635,0.7919824719429016,0.6026851534843445,-0.0425005406141281,0.8129831552505493,0.6360462307929993,-0.0566270872950553,0.7855104804039001,0.6757700443267822,-0.0271058268845081,0.7798052430152893,0.7525482177734375,-0.0550181232392787,0.7812270522117615,0.8079354763031006,-0.0760364681482315,0.7851834297180176,0.8550262451171875,-0.091061808168888,0.8244601488113403,0.6789714694023132,-0.0333537086844444,0.82579505443573,0.7040348649024963,-0.0700235366821289,0.8327991366386414,0.6435932517051697,-0.0842153578996658,0.833560585975647,0.6004639267921448,-0.088357962667942,0.8603712320327759,0.6705287098884583,-0.0412947498261928,0.8615541458129883,0.6869348287582397,-0.0765128806233406,0.858575165271759,0.6260353922843933,-0.0763292014598846,0.8521968722343445,0.583671510219574,-0.0692645013332367,0.8923789858818054,0.6550312638282776,-0.050483364611864,0.8898633718490601,0.661345362663269,-0.0767761170864105,0.8838890790939331,0.6131121516227722,-0.0752408653497695,0.8732331991195679,0.5792465806007385,-0.0689296647906303,Pointing_Right
508741772433829_.pic.jpg,0.3607637882232666,0.7561517953872681,-1.262894073761345e-07,0.5570996999740601,0.6468545198440552,-0.0080908956006169,0.6652392745018005,0.5442256927490234,-0.0238435380160808,0.7419030070304871,0.457785815000534,-0.0374977961182594,0.7861389517784119,0.4108244776725769,-0.047851450741291,0.465337187051773,0.3897377550601959,-0.0369772315025329,0.5387182831764221,0.3890419602394104,-0.0435312651097774,0.5546024441719055,0.4530728161334991,-0.0590423233807086,0.5384473204612732,0.4938311874866485,-0.0720358863472938,0.3364036083221435,0.4113633334636688,-0.0413581058382988,0.4178017675876617,0.4186066091060638,-0.0175747107714414,0.4389156401157379,0.4704798758029938,-0.0182451270520687,0.4302736520767212,0.5085986852645874,-0.0380281805992126,0.2305316627025604,0.457781583070755,-0.0418607890605926,0.3080013990402221,0.4551979303359985,-0.0231097564101219,0.3350166082382202,0.4989327788352966,-0.0134201105684041,0.3308479189872741,0.539906919002533,-0.0232123881578445,0.1490790247917175,0.5071872472763062,-0.0423487946391105,0.2180389165878296,0.5054605007171631,-0.0246756337583065,0.2531959414482116,0.5411338210105896,0.0003108574892394,0.2587161660194397,0.5742924213409424,0.0124599812552332,Pointing_Right
IMG_9592.JPG,1.0325099229812622,0.9022345542907716,-6.632371878367849e-07,0.9195097088813782,0.8507004380226135,0.0310811661183834,0.8721091747283936,0.749763548374176,0.0648641437292099,0.8663396239280701,0.6688103079795837,0.1097560450434684,0.8958155512809753,0.6136831045150757,0.154057502746582,0.8834725022315979,0.660286545753479,0.0036904686130583,0.8754330277442932,0.5327321887016296,0.0427778325974941,0.8723136186599731,0.4742039442062378,0.058962907642126,0.8741974234580994,0.418854296207428,0.067104235291481,0.9395704865455629,0.650836706161499,0.0266362261027097,0.9054923057556152,0.5927891135215759,0.1179734766483306,0.8950143456459045,0.6344187259674072,0.1583755314350128,0.8939404487609863,0.6731479167938232,0.1656601577997207,0.9848699569702148,0.6523762345314026,0.0560913123190403,0.939584732055664,0.6157411336898804,0.1459148079156875,0.9354691505432128,0.672557532787323,0.1492373645305633,0.943559229373932,0.7031129598617554,0.1251763254404068,1.0205888748168943,0.6467170119285583,0.0897740125656127,0.9823230504989624,0.6307291388511658,0.1634664237499237,0.9761545062065125,0.6672511100769043,0.1739575713872909,0.975772500038147,0.6974893808364868,0.1638336181640625,Pointing_Left
508001772433757_.pic_thumb.jpg,0.9273498058319092,0.618514895439148,-6.71060092827247e-07,0.8335288763046265,0.5447857975959778,0.0081727793440222,0.7170071005821228,0.5129168033599854,-0.0082992371171712,0.6078348755836487,0.5267497301101685,-0.0325152203440666,0.5339406728744507,0.5602304339408875,-0.062173381447792,0.640777051448822,0.4383684396743774,-0.0174349844455719,0.4686101675033569,0.4599998593330383,-0.0418066494166851,0.3704473376274109,0.4705658853054046,-0.0662003606557846,0.2964775264263153,0.4680897891521454,-0.0892554819583892,0.6321811079978943,0.4621983766555786,-0.0428085774183273,0.504157543182373,0.5646693706512451,-0.0603351779282093,0.5654127597808838,0.599644124507904,-0.0672076791524887,0.6203703284263611,0.5909023880958557,-0.077677696943283,0.6372470259666443,0.5087926387786865,-0.0665326565504074,0.5395069718360901,0.6149638891220093,-0.0754485130310058,0.6042523980140686,0.6370395421981812,-0.0684449672698974,0.6517736911773682,0.6181677579879761,-0.0724754184484481,0.6454936265945435,0.5645996928215027,-0.0925429910421371,0.5773593187332153,0.6448542475700378,-0.1095610707998275,0.6285333633422852,0.6627554893493652,-0.1037049815058708,0.6710521578788757,0.6496216654777527,-0.0991346538066864,Pointing_Left
508581772433813_.pic_thumb.jpg,0.9028578400611876,0.7993361353874207,-8.140659701894037e-07,0.7821655869483948,0.6896193027496338,0.0244380701333284,0.6351748108863831,0.6393555402755737,0.0034585988614708,0.4999787211418152,0.6580521464347839,-0.0309851318597793,0.406477689743042,0.7061607837677002,-0.0726298689842224,0.5278660655021667,0.5534753799438477,-0.0170237533748149,0.3093733191490173,0.5771621465682983,-0.049240056425333,0.1738382875919342,0.5988210439682007,-0.0839094072580337,0.072713017463684,0.6067683100700378,-0.1171218678355217,0.5134360790252686,0.5860211849212646,-0.0608582608401775,0.3504088521003723,0.7212561964988708,-0.0819935202598571,0.4315809607505798,0.765758216381073,-0.0957357063889503,0.5024558901786804,0.7525926828384399,-0.1156077608466148,0.5206253528594971,0.6530236601829529,-0.1005784273147583,0.3943615853786468,0.7974300384521484,-0.1068266779184341,0.4839955270290375,0.8232340812683105,-0.0974116623401641,0.5476258993148804,0.7932273149490356,-0.1070115938782692,0.5330600142478943,0.7317805886268616,-0.1423909813165664,0.448212593793869,0.8422918319702148,-0.1630863845348358,0.5211474299430847,0.8613696098327637,-0.1546097099781036,0.5796705484390259,0.8366799354553223,-0.1503935754299163,Pointing_Left
IMG_9813.JPG,0.7228712439537048,0.7248783111572266,8.371605986212671e-08,0.6837493181228638,0.7400600910186768,-0.0105654411017894,0.6603221297264099,0.7788490653038025,-0.0107870213687419,0.6566106081008911,0.8244766592979431,-0.0115916347131133,0.6725056767463684,0.8481162190437317,-0.0119652636349201,0.6576738953590393,0.8097438216209412,0.0127468388527631,0.6425420045852661,0.84615159034729,0.0085816169157624,0.6382168531417847,0.8721399903297424,0.0033109220676124,0.6352013945579529,0.892582356929779,-0.0009886140469461,0.6764060258865356,0.8221489787101746,0.012019170448184,0.6660457253456116,0.8633807301521301,0.0010151987662538,0.6725978255271912,0.8467182517051697,-0.0064967325888574,0.6784456968307495,0.8270313143730164,-0.0073701688088476,0.6974257826805115,0.8253723978996277,0.0088946586474776,0.6949317455291748,0.8605950474739075,-0.006169693544507,0.6987946033477783,0.8308009505271912,-0.0108548104763031,0.7017363905906677,0.8054272532463074,-0.0082929674535989,0.7206252217292786,0.821193277835846,0.0049005034379661,0.7166393399238586,0.8492392301559448,-0.0061281425878405,0.7176868915557861,0.8290790319442749,-0.006996898446232,0.7183776497840881,0.8066835403442383,-0.0044286279007792,Pointing_Right
IMG_9651.JPG,0.6808891892433167,0.7689359188079834,3.5242390339362835e-08,0.7194186449050903,0.6851466298103333,0.0577954351902008,0.7282835841178894,0.6228817701339722,0.0760607793927192,0.7432133555412292,0.5851467251777649,0.0799016132950782,0.7674618363380432,0.5566385388374329,0.0807158350944519,0.6632036566734314,0.5684836506843567,0.0393810868263244,0.67503821849823,0.4874947071075439,0.0307763367891311,0.6904237866401672,0.4321585893630981,0.0242362208664417,0.7064028978347778,0.3870068192481994,0.0173321403563022,0.6620622873306274,0.5756329894065857,-0.0033938481938093,0.6787160038948059,0.4746100306510925,-0.0228944905102252,0.6991925835609436,0.4121717810630798,-0.0357626117765903,0.7176151871681213,0.3649652898311615,-0.0443048104643821,0.672858715057373,0.5935220122337341,-0.0429640561342239,0.6866477727890015,0.4966997504234314,-0.0620260201394557,0.7048806548118591,0.4394300580024719,-0.0717992112040519,0.7215539813041687,0.3946722149848938,-0.0779771730303764,0.6955164074897766,0.6170067191123962,-0.0775728896260261,0.7091109752655029,0.544058084487915,-0.0960146188735961,0.7203381061553955,0.4964891672134399,-0.1051806360483169,0.7319643497467041,0.4572563171386719,-0.1118715330958366,Pointing_Left
508351772433790_.pic_thumb.jpg,0.9514557719230652,0.7855173349380493,-7.894882969594619e-07,0.8392350077629089,0.6666939854621887,0.0028803371824324,0.6695621013641357,0.6097749471664429,-0.0216959379613399,0.5088534951210022,0.6203442811965942,-0.0546449199318885,0.397695392370224,0.6543945074081421,-0.0929736644029617,0.5818431377410889,0.5114746689796448,-0.0352793745696544,0.3458285629749298,0.5426396727561951,-0.0704182684421539,0.2124132513999939,0.5617674589157104,-0.104817047715187,0.1135013103485107,0.5614518523216248,-0.1355410367250442,0.5653803944587708,0.5577226877212524,-0.0650115385651588,0.3982288241386413,0.6830286979675293,-0.0878984779119491,0.4824270606040954,0.7272560596466064,-0.0983624905347824,0.5626908540725708,0.7154027223587036,-0.1138827502727508,0.5687075257301331,0.6307596564292908,-0.0924168154597282,0.4531323909759521,0.7656952142715454,-0.1036517396569252,0.5374858975410461,0.7878111004829407,-0.09559828042984,0.6003016233444214,0.7592862844467163,-0.1021037548780441,0.5709262490272522,0.7110108137130737,-0.1232615113258361,0.4930983781814575,0.8122749328613281,-0.1433522552251815,0.5595175623893738,0.8330410718917847,-0.1338529139757156,0.6150658130645752,0.8137635588645935,-0.1267698407173156,Pointing_Left
IMG_9730.JPG,0.6357848644256592,0.8515726923942566,-5.185680720387609e-07,0.5856542587280273,0.7644205093383789,0.0345187038183212,0.5833852887153625,0.6785242557525635,0.0504588820040226,0.6106446981430054,0.615684986114502,0.0622980073094368,0.63602614402771,0.5919661521911621,0.0720675587654113,0.5978325605392456,0.5987886190414429,0.0107657024636864,0.6071059107780457,0.4924281537532806,0.0168634857982397,0.6131637096405029,0.4283133447170257,0.0216321889311075,0.6185338497161865,0.381753921508789,0.0234997570514678,0.6455515623092651,0.6085769534111023,0.0022706356830894,0.668947696685791,0.559323787689209,0.0233175046741962,0.6620467901229858,0.5973671674728394,0.0398794822394847,0.6555014848709106,0.6248744130134583,0.045337364077568,0.6890853643417358,0.637797474861145,-0.0015674962196499,0.7040591239929199,0.5967299938201904,0.0210396964102983,0.694221019744873,0.6265715956687927,0.0355628356337547,0.685504138469696,0.6525521874427795,0.0370903573930263,0.724554717540741,0.6679481863975525,-0.0023198926355689,0.7304549813270569,0.6390902996063232,0.0185204371809959,0.7209166288375854,0.6671745777130127,0.0327535718679428,0.7130491733551025,0.6918725967407227,0.0389531329274177,Pointing_Left
508601772433815_.pic.jpg,0.4140051603317261,0.8579907417297363,-3.210783745544177e-07,0.5833269953727722,0.7565593719482422,0.0043425797484815,0.6699131727218628,0.654984176158905,-0.0018106430070474,0.7435178160667419,0.5794694423675537,-0.0077780191786587,0.8264859318733215,0.5547540187835693,-0.0110627878457307,0.4898484051227569,0.5308061242103577,-0.0293480325490236,0.5871036648750305,0.52152419090271,-0.0293855313211679,0.6079416275024414,0.5773035287857056,-0.0331832058727741,0.5880358815193176,0.6179035902023315,-0.0368320494890213,0.372935950756073,0.5461558103561401,-0.0359297804534435,0.4800513386726379,0.5336348414421082,-0.0116035295650362,0.5043789148330688,0.577642560005188,-0.0022675301879644,0.4867990911006927,0.6144258975982666,-0.0115491142496466,0.2848330438137054,0.5846277475357056,-0.0378350205719471,0.3745282888412475,0.5665249228477478,-0.0148102389648556,0.4012909531593323,0.6036420464515686,0.000203237083042,0.3881143927574157,0.6413474082946777,-0.0050500771030783,0.2189195454120636,0.6276179552078247,-0.0392466858029365,0.2919670045375824,0.6133822202682495,-0.0204300936311483,0.3215917646884918,0.6457269191741943,0.0031085549853742,0.3178308606147766,0.6775955557823181,0.0141994785517454,Pointing_Right
508781772433833_.pic.jpg,0.2833952903747558,0.9962833523750304,-2.668178353815165e-07,0.5366340279579163,0.8756307363510132,0.0056539471261203,0.6618475914001465,0.7273005843162537,0.0098328571766614,0.7626215219497681,0.6229212284088135,0.016292717307806,0.8614674806594849,0.5832920670509338,0.0258812829852104,0.4607415199279785,0.5698728561401367,-0.016432711854577,0.5750877857208252,0.5823979377746582,0.0107351224869489,0.5962320566177368,0.6623483896255493,0.0226376038044691,0.5796228647232056,0.7086979746818542,0.0243351962417364,0.3082314431667328,0.586245059967041,-0.0196217875927686,0.4387056231498718,0.6121359467506409,0.0366132445633411,0.4687709808349609,0.6846071481704712,0.0499509014189243,0.4490140974521637,0.7275446057319641,0.0327576659619808,0.1833965480327606,0.6424358487129211,-0.0159704536199569,0.2875900268554687,0.6556079983711243,0.0289963353425264,0.3287151455879211,0.7182610630989075,0.0407275706529617,0.3118521571159363,0.7653734683990479,0.0241908859461545,0.0884096920490264,0.7049968838691711,-0.0107876844704151,0.1631288826465606,0.7024608850479126,0.0194158293306827,0.2095564007759094,0.7489104866981506,0.0429786331951618,0.2123617529869079,0.7914047837257385,0.049368068575859,Pointing_Right
509311772433894_.pic_thumb.jpg,0.4482974112033844,0.859898567199707,-5.589345164480619e-07,0.6281787753105164,0.7948856949806213,-0.0023544796276837,0.7309444546699524,0.703114926815033,-0.0076742619276046,0.7898977994918823,0.6261467337608337,-0.012309355661273,0.8617575168609619,0.6029942035675049,-0.0150306168943643,0.5651437044143677,0.5740625262260437,-0.033527061343193,0.6263548731803894,0.5842015147209167,-0.044173676520586,0.63951575756073,0.6405680775642395,-0.0595412328839302,0.6205897927284241,0.6784789562225342,-0.0720801055431366,0.4508818984031677,0.5811835527420044,-0.0388977341353893,0.5317249894142151,0.6077824831008911,-0.027356719598174,0.5474643707275391,0.6546494364738464,-0.0300571788102388,0.5289724469184875,0.6867613196372986,-0.0460292361676692,0.3647615313529968,0.6120613813400269,-0.0404131673276424,0.4380543231964111,0.6334946155548096,-0.0325557217001915,0.4535370469093323,0.6702918410301208,-0.0274111982434988,0.4364709258079529,0.6975514888763428,-0.0358439572155475,0.2972851097583771,0.647559404373169,-0.0418243072926998,0.3636348247528076,0.6601318120956421,-0.0359602011740207,0.381722092628479,0.6919752359390259,-0.0203421059995889,0.3707872629165649,0.7166302800178528,-0.0125795472413301,Pointing_Right
IMG_9781.JPG,0.7884753942489624,0.6989287734031677,3.3324022297165357e-07,0.7339074015617371,0.6911490559577942,-0.0153573127463459,0.6879022121429443,0.6858498454093933,-0.040965873748064,0.6605222225189209,0.6729697585105896,-0.0664282888174057,0.6457399129867554,0.6589442491531372,-0.0927439332008361,0.6941697597503662,0.7764649391174316,-0.0654930025339126,0.6723916530609131,0.7966589331626892,-0.1061593368649482,0.6524909138679504,0.8264632225036621,-0.132129967212677,0.6425189971923828,0.8554426431655884,-0.1482361853122711,0.724351167678833,0.7899869680404663,-0.0752167850732803,0.6839589476585388,0.6834203004837036,-0.1165290921926498,0.692130446434021,0.6417258381843567,-0.1218807399272918,0.7065417170524597,0.632392406463623,-0.1206567883491516,0.7593119144439697,0.7709982991218567,-0.0850931107997894,0.7209799885749817,0.6543101072311401,-0.1218837425112724,0.7226855754852295,0.6276149749755859,-0.1135365664958953,0.7313951253890991,0.6337840557098389,-0.1022772416472435,0.7913466691970825,0.7369628548622131,-0.096072606742382,0.7568292021751404,0.6551132798194885,-0.1197637468576431,0.7457336187362671,0.6282963156700134,-0.111507773399353,0.7432543039321899,0.6241729259490967,-0.1019560694694519,Pointing_Right
IMG_9640.JPG,0.685433030128479,0.7653553485870361,1.714373212280407e-07,0.636124849319458,0.7143539190292358,0.0313612557947635,0.6109466552734375,0.6577872037887573,0.0345366820693016,0.6050574779510498,0.5934675335884094,0.0310878455638885,0.6233788132667542,0.5610297322273254,0.0307225864380598,0.6229761838912964,0.5909559726715088,-0.0053607518784701,0.6335361003875732,0.4945135414600372,-0.021378630772233,0.6415774822235107,0.4397898614406585,-0.0285831857472658,0.6499283909797668,0.399221658706665,-0.0325618423521518,0.6515510082244873,0.5907737612724304,-0.0238482914865016,0.6628172993659973,0.4804767072200775,-0.0479395017027854,0.6732120513916016,0.4142984747886657,-0.0586442872881889,0.6783351302146912,0.3688850700855255,-0.064767800271511,0.6851612329483032,0.6039090752601624,-0.0361605174839496,0.7205820083618164,0.5193191170692444,-0.0430501624941825,0.7284026145935059,0.5482436418533325,-0.0247938763350248,0.7234891653060913,0.575973391532898,-0.0089261932298541,0.7190490365028381,0.6259638667106628,-0.0463307909667491,0.7520809769630432,0.5680137276649475,-0.0399857349693775,0.754962146282196,0.5903028845787048,-0.0213298089802265,0.7461710572242737,0.6122273206710815,-0.0050002168864011,Pointing_Left
IMG_9842.JPG,0.5812402367591858,0.5664680004119873,2.1862737753508554e-07,0.5355560779571533,0.5363465547561646,-0.0215839687734842,0.4828128218650818,0.5358862280845642,-0.0391184575855731,0.4411238431930542,0.5517607927322388,-0.0576145574450492,0.4468865394592285,0.5903945565223694,-0.0761909112334251,0.4492973685264587,0.6591382622718811,-0.0308916196227073,0.4076862037181854,0.7304085493087769,-0.0591335445642471,0.3825817108154297,0.7777360677719116,-0.0794144123792648,0.3648568987846374,0.8220148086547852,-0.0944020524621009,0.4752919673919678,0.6875415444374084,-0.0381867475807666,0.4341424703598022,0.7058162689208984,-0.0771714821457862,0.4541540741920471,0.6436736583709717,-0.0912229940295219,0.4740074872970581,0.6062019467353821,-0.0937996283173561,0.5077382326126099,0.7037284970283508,-0.047422993928194,0.4789292216300964,0.707931399345398,-0.0859254747629165,0.4947963654994964,0.6412366032600403,-0.0857216939330101,0.5111157894134521,0.6043301820755005,-0.0772533863782882,0.5439393520355225,0.7125117778778076,-0.0586250945925712,0.5250036716461182,0.7042309045791626,-0.0864474102854728,0.5329747200012207,0.6513590812683105,-0.0855063274502754,0.5442418456077576,0.6185754537582397,-0.0794503092765808,Pointing_Right
508311772433786_.pic.jpg,1.0770654678344729,0.8868294954299927,-1.180101776299125e-06,0.9680216312408448,0.759166955947876,0.0419665090739727,0.8018149733543396,0.6873069405555725,0.0321273617446422,0.6342736482620239,0.6804099082946777,0.0062376987189054,0.5153151750564575,0.7088074684143066,-0.0281271338462829,0.7144094109535217,0.5863255262374878,-0.0146263148635625,0.4668681919574737,0.6116300225257874,-0.0416680760681629,0.3280582726001739,0.625396728515625,-0.0615982711315155,0.230939507484436,0.609377920627594,-0.0833634957671165,0.7040677666664124,0.6130414009094238,-0.0663539245724678,0.5118521451950073,0.7582371234893799,-0.0800582766532898,0.5893039107322693,0.8140417337417603,-0.0766430348157882,0.665580153465271,0.8104043006896973,-0.0832865759730339,0.7040582299232483,0.6834433674812317,-0.1141066700220108,0.5597950220108032,0.8414663672447205,-0.1187054067850112,0.6562120914459229,0.8844429850578308,-0.1103896126151084,0.7328218817710876,0.8599199056625366,-0.1194361895322799,0.7042129635810852,0.766447901725769,-0.1622948944568634,0.6082225441932678,0.8977632522583008,-0.181688129901886,0.6767820119857788,0.9316843748092652,-0.182310089468956,0.732873797416687,0.9183050990104676,-0.1844456791877746,Pointing_Left
IMG_9866.JPG,0.8481537103652954,0.5175958871841431,-6.328793347165629e-07,0.8251853585243225,0.5993847250938416,-0.0249677449464797,0.7850610017776489,0.6713170409202576,-0.0593716353178024,0.7602162957191467,0.7438514828681946,-0.0874288454651832,0.7594646215438843,0.8179947137832642,-0.1141999438405036,0.8181484937667847,0.566980242729187,-0.1200391426682472,0.7034358382225037,0.5886426568031311,-0.147620752453804,0.728798508644104,0.6032386422157288,-0.1429194062948227,0.7634385228157043,0.5958378911018372,-0.1349592953920364,0.8181582689285278,0.48870849609375,-0.1168467327952385,0.6866841316223145,0.5386753678321838,-0.1405821293592453,0.7133204340934753,0.5591398477554321,-0.1220652535557746,0.7498131990432739,0.5464070439338684,-0.109788104891777,0.8062664866447449,0.429115355014801,-0.1091883555054664,0.6814360618591309,0.4869900643825531,-0.1221671774983406,0.7099159359931946,0.5058341026306152,-0.0943257138133049,0.7428627014160156,0.4924188256263733,-0.078008733689785,0.7870065569877625,0.3884235024452209,-0.1022098213434219,0.6971942782402039,0.4385369420051574,-0.1072873398661613,0.7168658971786499,0.4566709995269775,-0.0884141027927398,0.7458475232124329,0.4472947716712951,-0.0778459534049034,Pointing_Right
508951772433850_.pic.jpg,0.6700030565261841,0.482229471206665,-4.433587434959918e-07,0.7689501643180847,0.4569530487060547,0.0061842878349125,0.837462306022644,0.4176397919654846,0.00815343670547,0.891028106212616,0.386723905801773,0.0078764595091342,0.9402287602424622,0.3798850476741791,0.0061446675099432,0.7501804232597351,0.3063750863075256,-0.0042991833761334,0.7573968172073364,0.3301913142204284,0.0079622138291597,0.7592849731445312,0.3635090589523315,0.0085445456206798,0.7540314793586731,0.3835976421833038,0.0048949057236313,0.671890914440155,0.3074306547641754,-0.0116344476118683,0.687309980392456,0.3383436799049377,0.0129122361540794,0.6924123764038086,0.3661668300628662,0.0125073352828621,0.6892527937889099,0.3859820365905761,-0.0003961222828365,0.6078875064849854,0.3276554048061371,-0.0148348389193415,0.62254798412323,0.3516635596752167,0.0003103226481471,0.6349946856498718,0.3759313821792602,-0.0028269991744309,0.6354976296424866,0.3956109881401062,-0.0154077308252453,0.5533726811408997,0.3509021699428558,-0.0172629449516534,0.563010573387146,0.3685230612754822,-0.008273403160274,0.5794068574905396,0.3901450335979461,-0.0011029870947822,0.5865683555603027,0.4083664417266845,-0.0002443261037115,Pointing_Right
508461772433801_.pic_thumb.jpg,0.8736948370933533,0.8813579082489014,-1.0591459158604266e-06,0.7670761942863464,0.7725045084953308,0.0155973471701145,0.6172164082527161,0.7051093578338623,0.0038933889009058,0.4735574126243591,0.6951707005500793,-0.0171004030853509,0.3713746964931488,0.714199423789978,-0.0433767512440681,0.5157912373542786,0.5994798541069031,-0.0144408261403441,0.3111154437065124,0.6140973567962646,-0.039329670369625,0.1928485333919525,0.6256847977638245,-0.0663825944066047,0.1054037809371948,0.6264145374298096,-0.0919412896037101,0.5122556686401367,0.635991632938385,-0.0467997379601001,0.3198956251144409,0.7593652009963989,-0.0624546222388744,0.3835499584674835,0.8059448003768921,-0.0688040852546691,0.4534416198730469,0.7977930307388306,-0.0827745348215103,0.5207647681236267,0.7032971382141113,-0.07660873234272,0.3625061511993408,0.829168438911438,-0.0856876596808433,0.435202807188034,0.8570600152015686,-0.077093482017517,0.4998496472835541,0.8345861434936523,-0.0827558413147926,0.5328770279884338,0.7820517420768738,-0.1082391217350959,0.4150480628013611,0.870419979095459,-0.1265449374914169,0.4710524380207062,0.8931655287742615,-0.1172993630170822,0.5260677337646484,0.8802871704101562,-0.1108170449733734,Pointing_Left
509141772433872_.pic_thumb.jpg,0.3702352046966553,0.7082701921463013,-2.0528888455828564e-07,0.5143911838531494,0.678360641002655,-0.0352302007377147,0.6028777956962585,0.6214188933372498,-0.0629452541470527,0.6659955978393555,0.574997067451477,-0.0862092971801757,0.7322633862495422,0.5486123561859131,-0.1075695231556892,0.4766371250152588,0.5075820684432983,-0.0683164745569229,0.5452350378036499,0.5367526412010193,-0.103180356323719,0.5539478659629822,0.5831775069236755,-0.1338642984628677,0.5336976647377014,0.6056051254272461,-0.1560313701629638,0.3895595073699951,0.5139206647872925,-0.0677854195237159,0.4638601839542389,0.5425528883934021,-0.0883973538875579,0.4731997549533844,0.579524576663971,-0.1027514785528183,0.4490566551685333,0.5983697175979614,-0.1220709830522537,0.3231950402259826,0.5396408438682556,-0.0681503340601921,0.3880650997161865,0.5558334589004517,-0.092039443552494,0.4002846479415893,0.584999144077301,-0.0918998792767524,0.383713960647583,0.6014809608459473,-0.0972463712096214,0.2743193507194519,0.5697693824768066,-0.0706217959523201,0.3249555826187134,0.5852998495101929,-0.0898111388087272,0.3415972590446472,0.6117690205574036,-0.083429642021656,0.3346565961837768,0.6286989450454712,-0.0800745263695716,Pointing_Right
509151772433873_.pic_thumb.jpg,0.1438828855752945,0.681782066822052,-3.432517701185134e-07,0.2844243943691253,0.6252409815788269,-0.0071767964400351,0.3635622859001159,0.5478914976119995,-0.0179181266576051,0.4239280223846435,0.4912827610969543,-0.0302661340683698,0.4889653325080871,0.4709615111351013,-0.0412192456424236,0.2307480275630951,0.4612664878368377,-0.0174338538199663,0.2949244081974029,0.4738647937774658,-0.0394559912383556,0.3030146956443786,0.511589527130127,-0.0663318112492561,0.2829791903495788,0.5320842266082764,-0.0853099450469017,0.1458234637975692,0.4730795919895172,-0.0255474522709846,0.2149987071752548,0.4839813709259033,-0.0297038815915584,0.2258841395378112,0.5130478739738464,-0.0397919490933418,0.2050670087337494,0.5316304564476013,-0.0559600926935672,0.0827711671590805,0.5016535520553589,-0.0335591025650501,0.1428908854722976,0.5034326910972595,-0.0383687391877174,0.1568119972944259,0.5277759432792664,-0.0345298759639263,0.1419289112091064,0.5455632209777832,-0.0386533699929714,0.0364344418048858,0.5330930352210999,-0.0425082370638847,0.0881482511758804,0.5362535715103149,-0.0413526333868503,0.1046750098466873,0.5587525367736816,-0.0264353081583976,0.0978206098079681,0.5757541060447693,-0.0182999409735202,Pointing_Right
508711772433826_.pic_thumb.jpg,0.2395631372928619,1.0082244873046875,-7.61401395266148e-07,0.4416081011295318,0.8936378359794617,0.0170087236911058,0.547400176525116,0.7612100839614868,0.0203575585037469,0.6128166913986206,0.6642679572105408,0.0192357674241065,0.6861531734466553,0.6098412871360779,0.0183806978166103,0.3536460101604461,0.6051605939865112,-0.0115236844867467,0.3925906717777252,0.6256133913993835,-0.0234428308904171,0.4064493477344513,0.6924630403518677,-0.0479257814586162,0.3957078456878662,0.7345101833343506,-0.0671768710017204,0.2039119303226471,0.6279484629631042,-0.0311556458473205,0.2662670910358429,0.6569804549217224,-0.0164339132606983,0.2837740182876587,0.711117684841156,-0.0247506313025951,0.2649017572402954,0.7497597336769104,-0.0478338412940502,0.0893600285053253,0.6819173097610474,-0.0454333797097206,0.1518856585025787,0.6972604990005493,-0.0367301031947135,0.1739779710769653,0.741972804069519,-0.0289048533886671,0.1624864488840103,0.7792565822601318,-0.0375748537480831,-0.0012681484222412,0.7419275641441345,-0.0582088939845562,0.0551695823669433,0.742838978767395,-0.0528435483574867,0.0840782225131988,0.7844462990760803,-0.0276472959667444,0.0822832584381103,0.8186720609664917,-0.0124032981693744,Pointing_Right
IMG_9662.JPG,0.7030877470970154,0.7652920484542847,-1.2967045392997534e-07,0.6545542478561401,0.7137953639030457,0.0180879328399896,0.6164582967758179,0.6333926916122437,0.0118505703285336,0.5850890874862671,0.5721794962882996,0.0036205225624144,0.5497049689292908,0.540421724319458,-0.0070602581836283,0.6359478831291199,0.5815789103507996,-0.0386480428278446,0.6501480937004089,0.4748395383358001,-0.0505425296723842,0.6621323823928833,0.4156917929649353,-0.0537038743495941,0.6712551116943359,0.3710313439369201,-0.0563159957528114,0.6738274693489075,0.5848314762115479,-0.0495762079954147,0.7256459593772888,0.5027785301208496,-0.0510149076581001,0.7322781682014465,0.5458781123161316,-0.0343875996768474,0.71954745054245,0.5844941139221191,-0.0244103148579597,0.7138499617576599,0.6015409827232361,-0.0557623617351055,0.7597349882125854,0.532292366027832,-0.0547023117542266,0.7612807750701904,0.5733897686004639,-0.0353395007550716,0.7463391423225403,0.6104931235313416,-0.0255619399249553,0.7517748475074768,0.6216623783111572,-0.0590475536882877,0.7804316282272339,0.566968560218811,-0.0581344179809093,0.7765281200408936,0.6013370752334595,-0.0432621948421001,0.7624197602272034,0.632265567779541,-0.0342614129185676,Pointing_Left
IMG_9756.JPG,0.9826451539993286,0.5999419689178467,-5.653843118125224e-07,0.9148781895637512,0.7027021646499634,-0.0291369371116161,0.8462070226669312,0.7794318795204163,-0.0563216730952262,0.8052905201911926,0.8539268970489502,-0.078606940805912,0.8049033284187317,0.9340927600860596,-0.0987917408347129,0.7916772365570068,0.6045629978179932,-0.0599368587136268,0.71915203332901,0.683269739151001,-0.0619065351784229,0.7532329559326172,0.7099865674972534,-0.0566904135048389,0.7835234999656677,0.7048218250274658,-0.0548408962786197,0.7914977073669434,0.5285341143608093,-0.0484188981354236,0.7223554849624634,0.6243482828140259,-0.0488303527235984,0.7496187090873718,0.6558710336685181,-0.0423103161156177,0.7779465913772583,0.6503192782402039,-0.0429872944951057,0.8009540438652039,0.4813128411769867,-0.0340976119041442,0.7339206337928772,0.5688125491142273,-0.0301443487405776,0.7544429898262024,0.6012473106384277,-0.022441279143095,0.783484935760498,0.6052852869033813,-0.0228887796401977,0.8120033144950867,0.4554657936096191,-0.0220865495502948,0.764413595199585,0.5177962779998779,-0.0181747619062662,0.7774981260299683,0.5494669079780579,-0.0100978342816233,0.7963303327560425,0.5571715235710144,-0.0059117712080478,Pointing_Right
IMG_9780.JPG,0.7704313397407532,0.6658631563186646,2.976601081172703e-07,0.7130639553070068,0.6546499729156494,-0.0028748777695,0.6540393233299255,0.6194006204605103,-0.0219237096607685,0.6192168593406677,0.573983371257782,-0.0411877334117889,0.6206728219985962,0.5514026284217834,-0.0601516626775264,0.6563747525215149,0.6907512545585632,-0.0622374676167964,0.6236311793327332,0.6943545937538147,-0.0973259955644607,0.5981438755989075,0.6923725605010986,-0.1143533363938331,0.5849891901016235,0.7003472447395325,-0.1214846298098564,0.6866385340690613,0.6920291185379028,-0.0763186365365982,0.6418048739433289,0.5764079689979553,-0.1060078665614128,0.6539128422737122,0.5446324944496155,-0.0982567593455314,0.6729069352149963,0.5522260069847107,-0.0868526101112365,0.7201443314552307,0.6702682375907898,-0.0889057293534278,0.6780163645744324,0.5539196133613586,-0.111694224178791,0.686128556728363,0.5339051485061646,-0.0875812843441963,0.6984245181083679,0.55148845911026,-0.0647895485162735,0.7508439421653748,0.6373602747917175,-0.1021429151296615,0.7113900184631348,0.5422161817550659,-0.1092364937067031,0.7068456411361694,0.5290725231170654,-0.0878303945064544,0.7108859419822693,0.5447966456413269,-0.0689826607704162,Pointing_Right
IMG_9839.JPG,0.7347497344017029,0.5179110169410706,5.87809871888112e-08,0.6801577210426331,0.4975631833076477,-0.0120676169171929,0.6309735774993896,0.5053447484970093,-0.0245102066546678,0.6106510758399963,0.5242684483528137,-0.03933597356081,0.6386201977729797,0.5481395125389099,-0.0543010160326957,0.6147871017456055,0.6194732785224915,-0.027019839733839,0.5998474359512329,0.7005363702774048,-0.0548824183642864,0.5955190658569336,0.7488545775413513,-0.0770999267697334,0.5953354239463806,0.7983481884002686,-0.0934135541319847,0.6504189372062683,0.6407322883605957,-0.0371071249246597,0.6376636028289795,0.6657421588897705,-0.0708138793706893,0.6477883458137512,0.5958788990974426,-0.0849485322833061,0.6601850986480713,0.555824875831604,-0.0907609611749649,0.6879482269287109,0.6440563201904297,-0.0483094416558742,0.6841835975646973,0.6550676226615906,-0.0777151137590408,0.6884109377861023,0.5859193801879883,-0.0778116434812545,0.6932342648506165,0.5479642152786255,-0.0731173530220985,0.7227023839950562,0.6363115906715393,-0.0613551214337348,0.7242401242256165,0.6320057511329651,-0.0799260661005973,0.7208994030952454,0.5836047530174255,-0.0790174826979637,0.7170197367668152,0.5527991056442261,-0.0759992524981498,Pointing_Right
509231772433883_.pic.jpg,0.0998169332742691,0.6157920956611633,-4.025647228900198e-07,0.240654319524765,0.5501714944839478,-0.0452807061374187,0.3309510052204132,0.4619569480419159,-0.0630982890725135,0.4109915494918823,0.3982867896556854,-0.0738153979182243,0.493502527475357,0.3652366995811462,-0.0804922729730606,0.1415590196847915,0.3508661985397339,-0.0316023305058479,0.217733696103096,0.3750012814998626,-0.0415833815932273,0.2452927380800247,0.4191913306713104,-0.0634805187582969,0.2448234409093856,0.4429404139518738,-0.0820631831884384,0.0534365028142929,0.3655048310756683,-0.0172901563346385,0.1210379973053932,0.3936049938201904,-0.0114503083750605,0.1516372859477996,0.4315741062164306,-0.026692995801568,0.1500043869018554,0.4539936184883117,-0.0513464137911796,-0.0065264254808425,0.3984549343585968,-0.0052441065199673,0.0418513715267181,0.4128382205963135,-0.0080974055454134,0.0661042928695678,0.441534548997879,-0.0167869199067354,0.0623917579650878,0.4661023616790771,-0.0312200654298067,-0.0444280505180358,0.4290275871753692,0.002798663219437,-0.0193681269884109,0.4325760304927826,-0.0028372779488563,-0.0045022070407867,0.45744788646698,0.0006187062244862,-0.0080873221158981,0.4785009026527405,0.0004263665468897,Pointing_Right
508081772433764_.pic_thumb.jpg,0.7872308492660522,0.738937497138977,-4.636036692318158e-07,0.7021220326423645,0.6447250247001648,0.022907268255949,0.5966418385505676,0.6094255447387695,0.0079414658248424,0.507966935634613,0.6290664672851562,-0.0190268345177173,0.448267251253128,0.6718653440475464,-0.0523613095283508,0.523466169834137,0.5593150854110718,-0.0075297006405889,0.3552250862121582,0.5699124932289124,-0.0297892745584249,0.256135880947113,0.5832957625389099,-0.0528908744454383,0.1836320757865905,0.5871938467025757,-0.0755168721079826,0.502957820892334,0.5876184701919556,-0.0408573560416698,0.3916890025138855,0.6755943298339844,-0.0607104524970054,0.4535227417945862,0.7108862400054932,-0.069938801229,0.5095985531806946,0.7031656503677368,-0.0807800516486167,0.4960456192493438,0.6393377184867859,-0.0707446411252021,0.4108988046646118,0.7309738397598267,-0.0817269161343574,0.4764544069766998,0.7527258992195129,-0.0750530213117599,0.5267124772071838,0.7342987060546875,-0.0784305557608604,0.4941282570362091,0.6978663206100464,-0.1013009697198867,0.4524393081665039,0.7749994397163391,-0.120732381939888,0.5084983706474304,0.7926719188690186,-0.1155235171318054,0.5514239072799683,0.7786996960639954,-0.1106611564755439,Pointing_Left
509061772433862_.pic.jpg,0.2857822775840759,0.7632263898849487,-2.96429600865622e-08,0.4421633780002594,0.7032591104507446,-0.0377274118363857,0.5320513248443604,0.629193902015686,-0.0578839592635631,0.6047561764717102,0.5721593499183655,-0.071020096540451,0.6719155311584473,0.5436558723449707,-0.0803976207971572,0.3582320809364319,0.5225902795791626,-0.0463769026100635,0.4515931606292724,0.5349333882331848,-0.0583209544420242,0.481739193201065,0.5824015140533447,-0.0751064345240593,0.4756948351860046,0.6131296157836914,-0.0891156569123268,0.2688793540000915,0.5309934020042419,-0.0361629836261272,0.3777367770671844,0.5486068725585938,-0.0353540889918804,0.4060711860656738,0.5861246585845947,-0.0463220588862896,0.3930977582931518,0.6133682131767273,-0.0650617629289627,0.206362709403038,0.5626144409179688,-0.0263236798346042,0.2975761294364929,0.5664149522781372,-0.0315548852086067,0.3242995738983154,0.5943675637245178,-0.0368835628032684,0.3133286237716675,0.6205302476882935,-0.0481673367321491,0.1611218154430389,0.5996304750442505,-0.0185091700404882,0.2310944646596908,0.5992372632026672,-0.0254289209842681,0.2570904493331909,0.6232784986495972,-0.0209097992628812,0.2542816400527954,0.6471472978591919,-0.0195117313414812,Pointing_Right
IMG_9634.JPG,0.8320094347000122,0.7612940669059753,-1.609316626627333e-07,0.7579366564750671,0.7432447075843811,-0.0127956233918666,0.7074674963951111,0.6858471632003784,-0.0207642205059528,0.6684730648994446,0.6312567591667175,-0.0233256947249174,0.6494243741035461,0.5844740867614746,-0.02661969140172,0.7422897219657898,0.5880834460258484,-0.0317825488746166,0.7331801056861877,0.4890269041061401,-0.0323596782982349,0.7285283803939819,0.4348738193511963,-0.0329418219625949,0.7267805337905884,0.390704333782196,-0.0338394977152347,0.784500002861023,0.5665643215179443,-0.0154812829568982,0.752059817314148,0.5458129644393921,-0.0009697747300378,0.7436392903327942,0.5806801319122314,0.0138859255239367,0.7475524544715881,0.6108830571174622,0.020094221457839,0.8178544044494629,0.5698267221450806,0.0020498319063335,0.780760645866394,0.5568385124206543,0.015728760510683,0.7763272523880005,0.5892871618270874,0.0227980054914951,0.781817615032196,0.6173096299171448,0.0230117309838533,0.843421995639801,0.5756426453590393,0.019758865237236,0.8107789754867554,0.5634275078773499,0.0328616164624691,0.8018867373466492,0.5916372537612915,0.0401340723037719,0.8045382499694824,0.6179734468460083,0.0435063205659389,Pointing_Left
IMG_9684.JPG,0.7277699112892151,0.8116323947906494,1.9445023724529165e-07,0.7819197177886963,0.7137106657028198,0.0032941638492047,0.7955641746520996,0.6386385560035706,-0.0101603725925087,0.8116289973258972,0.5881215333938599,-0.0306202210485935,0.8145419955253601,0.5373932719230652,-0.0486223176121711,0.6932300925254822,0.5519320368766785,-0.0077012861147522,0.6954480409622192,0.4691065847873688,-0.0347044467926025,0.6965858936309814,0.4060267806053161,-0.0524660684168338,0.6922471523284912,0.355507880449295,-0.0644157752394676,0.6734749674797058,0.5663626194000244,-0.028500597923994,0.7584766149520874,0.490014374256134,-0.0660782679915428,0.7918686270713806,0.544830858707428,-0.0728331133723259,0.7920875549316406,0.5888161659240723,-0.0674737468361854,0.6764459609985352,0.5955689549446106,-0.0504395142197608,0.7693303823471069,0.5416473150253296,-0.0830160155892372,0.7991295456886292,0.5984691977500916,-0.0709049925208091,0.7946441173553467,0.6388473510742188,-0.0531278103590011,0.6946192383766174,0.6333997249603271,-0.073268711566925,0.7698360681533813,0.598469614982605,-0.0896273925900459,0.7940528988838196,0.6362561583518982,-0.0766235813498497,0.7918433547019958,0.6675412654876709,-0.0617102608084678,Pointing_Left
IMG_9738.JPG,0.6882106065750122,0.8191993236541748,-3.572729099232675e-07,0.6315069794654846,0.7526237368583679,0.0231630932539701,0.6196328997612,0.673531711101532,0.0309309270232915,0.6363563537597656,0.6104157567024231,0.0367809310555458,0.6575967073440552,0.5810256600379944,0.0412019193172454,0.620079755783081,0.607348620891571,-0.0040617450140416,0.6187073588371277,0.5039299726486206,-0.0053323130123317,0.61954265832901,0.4432138800621032,-0.0061509888619184,0.6215876936912537,0.396996259689331,-0.0077482089400291,0.6652938723564148,0.6030640006065369,-0.0093755098059773,0.6784352660179138,0.5488054752349854,0.0055915913544595,0.6772040724754333,0.5818290114402771,0.0207455437630414,0.6731743812561035,0.6100066900253296,0.0264680720865726,0.7079368829727173,0.618675708770752,-0.0110687529668211,0.7128242254257202,0.5752597451210022,0.0063348682597279,0.7101738452911377,0.6011752486228943,0.0211773458868265,0.7068902254104614,0.6293724775314331,0.0247351042926311,0.7432618141174316,0.6381099820137024,-0.0106272408738732,0.7410022020339966,0.6077896356582642,0.0053943223319947,0.737066388130188,0.6326971054077148,0.0185535475611686,0.7358990907669067,0.6577734351158142,0.0251816008239984,Pointing_Left
IMG_9605.JPG,0.8338039517402649,0.8210422396659851,-2.804426912916824e-07,0.7532041668891907,0.7837636470794678,0.0172837730497121,0.708930253982544,0.7002223134040833,0.0258058458566665,0.7060638666152954,0.6256927847862244,0.0337505564093589,0.7341106534004211,0.5925806164741516,0.0403143242001533,0.7227264642715454,0.6196878552436829,-0.0066128713078796,0.7251325249671936,0.497052788734436,0.000999592593871,0.728866696357727,0.4371537268161773,0.0097019067034125,0.7332243919372559,0.3911463320255279,0.0146164894104003,0.7728275656700134,0.6018849015235901,-0.0071059237234294,0.7622828483581543,0.5443476438522339,0.0132791576907038,0.75627601146698,0.5765777230262756,0.0340139344334602,0.7565183639526367,0.6133936643600464,0.0444639436900615,0.817820131778717,0.6068410873413086,-0.0043022613972425,0.7949705719947815,0.5773754119873047,0.0164778679609298,0.793647825717926,0.6059874296188354,0.0292133390903472,0.7973275184631348,0.6400719881057739,0.0317982472479343,0.853855550289154,0.6164624691009521,0.0002350001304876,0.8308749794960022,0.6001468300819397,0.0201137457042932,0.8295108079910278,0.6257758140563965,0.0315466485917568,0.8327986598014832,0.6557957530021667,0.036737136542797,Pointing_Left
IMG_9816.JPG,0.728975772857666,0.7742372155189514,1.2178560382380965e-07,0.6931532621383667,0.7883158326148987,-0.0157393850386142,0.6693869829177856,0.8312013149261475,-0.0228671673685312,0.6729300022125244,0.8758025169372559,-0.0298462901264429,0.6907781958580017,0.9065452218055724,-0.0366709046065807,0.6672458648681641,0.9003674983978271,-0.0045372359454631,0.6579985618591309,0.9583848714828492,-0.0175866317003965,0.6553199887275696,0.9956713914871216,-0.0268056634813547,0.6542079448699951,1.0226622819900513,-0.0333664193749427,0.6935444474220276,0.9077497124671936,-0.0070310477167367,0.689995527267456,0.9610530734062196,-0.0298575107008218,0.6962356567382812,0.9256749153137208,-0.0389904007315635,0.6981401443481445,0.8934632539749146,-0.0386630222201347,0.7206043601036072,0.902806043624878,-0.0119037572294473,0.7228442430496216,0.943465292453766,-0.0382513552904129,0.7225868105888367,0.8991358876228333,-0.0402538776397705,0.7200080752372742,0.8672194480895996,-0.0335281528532505,0.7483404874801636,0.8890390992164612,-0.0176793374121189,0.7467144131660461,0.9211726784706116,-0.0375004410743713,0.7435373067855835,0.8896313905715942,-0.0369373485445976,0.7402377724647522,0.8628233075141907,-0.0313642658293247,Pointing_Right
IMG_9631.JPG,0.6330416202545166,0.8132388591766357,-4.30752351121555e-07,0.6124638319015503,0.7297738790512085,0.0304933115839958,0.6218267679214478,0.6540468335151672,0.0374368093907833,0.6550153493881226,0.60108882188797,0.0435382798314094,0.6849785447120667,0.5733731389045715,0.0489266626536846,0.6273139715194702,0.6099662184715271,-0.026986114680767,0.643463134765625,0.5136295557022095,-0.0454213730990886,0.6541508436203003,0.4542204737663269,-0.0574373714625835,0.6616573929786682,0.4078488051891327,-0.0636318251490593,0.6569592952728271,0.6343714594841003,-0.0385004207491874,0.7181234359741211,0.5777775049209595,-0.0358717031776905,0.7145028114318848,0.6145014762878418,-0.0201196167618036,0.6987136006355286,0.6394568085670471,-0.0117842173203825,0.6863454580307007,0.667712926864624,-0.045089241117239,0.7405509352684021,0.6184627413749695,-0.0401407480239868,0.7289243340492249,0.6493046879768372,-0.0220413301140069,0.7125940918922424,0.6713499426841736,-0.0128418430685997,0.714556872844696,0.7035993933677673,-0.0476068742573261,0.7502743005752563,0.6607351303100586,-0.0362409427762031,0.7369124293327332,0.683057427406311,-0.015799032524228,0.7201890349388123,0.7026222348213196,-0.0033998449798673,Pointing_Left
508091772433765_.pic_thumb.jpg,0.9101920127868652,0.7551553845405579,-7.317317454180738e-07,0.8287447690963745,0.6619822382926941,0.021178999915719,0.7406888604164124,0.5977758765220642,0.0110228955745697,0.7011207938194275,0.5520394444465637,-0.0098848016932606,0.6978492140769958,0.5098637938499451,-0.0362470857799053,0.6113941669464111,0.5480806827545166,-0.0065021864138543,0.4371342658996582,0.5615853071212769,-0.0245096180588006,0.3340137600898742,0.5707200765609741,-0.0477305799722671,0.2585019171237945,0.5688550472259521,-0.0719556584954261,0.5934584736824036,0.5775158405303955,-0.0360106006264686,0.469207227230072,0.6818784475326538,-0.0520565025508403,0.5294400453567505,0.7163193225860596,-0.0631412863731384,0.5820558071136475,0.7074311971664429,-0.0780378133058548,0.5945813059806824,0.6309162974357605,-0.0615603290498256,0.5094107389450073,0.7367956638336182,-0.0664582476019859,0.5711010694503784,0.7569183707237244,-0.05928835272789,0.616853654384613,0.7365153431892395,-0.0659354254603385,0.6004942655563354,0.6918296813964844,-0.0883506387472152,0.5524711608886719,0.7753992080688477,-0.1063709482550621,0.6104509830474854,0.7905507683753967,-0.1028628647327423,0.6545708775520325,0.7744331955909729,-0.0999767705798149,Pointing_Left
509161772433874_.pic_thumb.jpg,0.1066726297140121,0.5912994146347046,-2.0856580817962825e-07,0.2611185610294342,0.550813615322113,-0.0276249945163726,0.3531139194965362,0.4799806773662567,-0.0438942052423954,0.4196849465370178,0.4268030226230621,-0.056686095893383,0.4830162525177002,0.400564044713974,-0.0664229840040206,0.2129246294498443,0.3783551752567291,-0.0406231358647346,0.2954005002975464,0.3993052840232849,-0.0653357207775116,0.3096164464950561,0.4417525231838226,-0.0899809673428535,0.2928560376167297,0.4641972184181213,-0.1078211218118667,0.1278977245092392,0.3851742148399353,-0.03832982853055,0.2184830605983734,0.4043513536453247,-0.0483344905078411,0.2320220321416854,0.4394374787807464,-0.059577003121376,0.2096025645732879,0.4608398377895355,-0.0761132463812828,0.0659102350473404,0.4127658307552337,-0.0371903851628303,0.142718955874443,0.4215860962867737,-0.0496926382184028,0.1572754085063934,0.4491861760616302,-0.0505178608000278,0.1406444013118744,0.4676119089126587,-0.0568762980401515,0.0219739377498626,0.444105327129364,-0.0379753001034259,0.0771935731172561,0.4540611207485199,-0.0470459721982479,0.0927099585533142,0.4777673482894897,-0.0405838005244731,0.0844950526952743,0.4947083294391632,-0.0379068329930305,Pointing_Right
IMG_9782.JPG,0.8085799813270569,0.6870440244674683,7.120089406953413e-08,0.7584714293479919,0.6803116202354431,-0.0177294109016656,0.7136133909225464,0.681739091873169,-0.0420388728380203,0.6814273595809937,0.6684805750846863,-0.0668338239192962,0.6668329238891602,0.6481754183769226,-0.0919544622302055,0.7134650945663452,0.7754331827163696,-0.0618703328073024,0.6902329325675964,0.80694979429245,-0.1005109176039695,0.6746081113815308,0.833081841468811,-0.1226188838481903,0.6621228456497192,0.8613793849945068,-0.1359633803367614,0.7495009899139404,0.792995810508728,-0.0701519250869751,0.7089499831199646,0.6933382153511047,-0.1105189993977546,0.7120583653450012,0.6461803913116455,-0.1133595779538154,0.7236454486846924,0.6318085193634033,-0.1096220687031745,0.7860240340232849,0.770000159740448,-0.0792331919074058,0.7425572872161865,0.6609762907028198,-0.1163479015231132,0.7424718141555786,0.6320070028305054,-0.1070596873760223,0.7534141540527344,0.6334882974624634,-0.0933781489729881,0.8155174851417542,0.733462929725647,-0.0899485945701599,0.7744932174682617,0.6528818011283875,-0.1132869124412536,0.7664080262184143,0.630595862865448,-0.1050115451216697,0.7712722420692444,0.6315093040466309,-0.0936125963926315,Pointing_Right
IMG_9616.JPG,0.6626265048980713,0.7927281260490417,-1.384932488690538e-07,0.5942888259887695,0.7528011798858643,0.0107967415824532,0.5670674443244934,0.6805018782615662,0.0120437685400247,0.5740317702293396,0.6175656318664551,0.0110751073807477,0.5973250865936279,0.5862350463867188,0.0093317655846476,0.5616507530212402,0.6126317977905273,-0.0080016897991299,0.5595554709434509,0.5089941024780273,-0.0099672796204686,0.5634864568710327,0.4492430090904236,-0.0092445546761155,0.5665016174316406,0.4039671123027801,-0.0098209651187062,0.6017459034919739,0.594418466091156,-0.0134981144219636,0.6170206069946289,0.547776997089386,-0.0095693450421094,0.6209617853164673,0.5765995383262634,-0.000388210377423,0.6189566254615784,0.6081792116165161,0.0047490680590271,0.6432546377182007,0.5951368808746338,-0.0166950821876525,0.6481771469116211,0.5740518569946289,-0.0080652767792344,0.6499013304710388,0.5974441766738892,0.0025626320857554,0.6483568549156189,0.6269490122795105,0.0062814224511384,0.6791291832923889,0.6021067500114441,-0.0197064597159624,0.6789677143096924,0.5989431738853455,-0.0094787878915667,0.679939329624176,0.62165367603302,-0.0002231411781394,0.6786625981330872,0.6460391283035278,0.0056424853391945,Pointing_Left
IMG_9851.JPG,0.8743663430213928,0.566856861114502,-4.375307867121592e-07,0.8110566735267639,0.6360651850700378,-0.0051723797805607,0.7498807907104492,0.6804794073104858,-0.0173677168786525,0.6992905735969543,0.7240342497825623,-0.028703985735774,0.6806164979934692,0.777645468711853,-0.0382888205349445,0.7190421223640442,0.6022971272468567,-0.0338160134851932,0.6583559513092041,0.5902969837188721,-0.0332891829311847,0.6834846138954163,0.5959604382514954,-0.0233555678278207,0.7088088393211365,0.6021320223808289,-0.0168927200138568,0.7234757542610168,0.5373587608337402,-0.0338789820671081,0.6632640361785889,0.537131667137146,-0.0286618452519178,0.6858667135238647,0.5516235828399658,-0.0183493681252002,0.7092952132225037,0.5567595362663269,-0.0159198902547359,0.734996497631073,0.4837537407875061,-0.0309592299163341,0.6767523884773254,0.4937866032123565,-0.0210681241005659,0.6968680620193481,0.5065785646438599,-0.0092656835913658,0.7209334969520569,0.5134803652763367,-0.007903816178441,0.7498668432235718,0.4434472620487213,-0.0285193007439374,0.7073277235031128,0.45933398604393,-0.0183616317808628,0.7219180464744568,0.474759966135025,-0.006854711100459,0.7403151392936707,0.4813615679740906,-0.0020518503151834,Pointing_Right
508081772433764_.pic.jpg,0.7917047142982483,0.7462437748908997,-5.86890223530645e-07,0.7075868844985962,0.6431207060813904,0.0452122837305069,0.5983936786651611,0.606051504611969,0.0391541980206966,0.4973090887069702,0.6197205185890198,0.0168084111064672,0.425602376461029,0.6576914191246033,-0.0144159058108925,0.523405909538269,0.5568870902061462,0.0164455473423004,0.3510057330131531,0.5747055411338806,0.0073449565097689,0.2466225922107696,0.5899304747581482,-0.0048599452711641,0.1706857681274414,0.5921275615692139,-0.0212787687778472,0.5041040778160095,0.5849227905273438,-0.0260346252471208,0.3872807919979095,0.6811347007751465,-0.0282972604036331,0.451806902885437,0.7202494740486145,-0.027977991849184,0.51075279712677,0.71282559633255,-0.0343314073979854,0.5000342130661011,0.6390129327774048,-0.0636506080627441,0.4137152731418609,0.7403131127357483,-0.059322889894247,0.48690265417099,0.7644906640052795,-0.0517877265810966,0.5421028137207031,0.7434727549552917,-0.0587671585381031,0.4968913197517395,0.6997550129890442,-0.1003898307681083,0.4503344595432281,0.7833285927772522,-0.1154445111751556,0.5100051164627075,0.8024346232414246,-0.1144523993134498,0.555828869342804,0.7850507497787476,-0.1142854243516922,Pointing_Left
IMG_9726.JPG,0.7179340124130249,0.7977569103240967,-7.866451596783008e-07,0.6959017515182495,0.665816068649292,0.0067633972503244,0.7156481146812439,0.5615317225456238,0.0039755525067448,0.7472547292709351,0.4762254357337951,0.0008570878999307,0.7532339096069336,0.4096689224243164,-0.0020940050017088,0.842222273349762,0.570679247379303,-0.0081898458302021,0.8336070775985718,0.5858153700828552,0.0152564700692892,0.8028905987739563,0.6134688854217529,0.0313884988427162,0.780109703540802,0.6267690658569336,0.0379172787070274,0.8787785768508911,0.6329614520072937,-0.0098381806164979,0.853264331817627,0.6482155919075012,0.0262151081115007,0.8205399513244629,0.6684533357620239,0.0369454622268676,0.8014580011367798,0.6829949021339417,0.0324614085257053,0.8899255990982056,0.7029359340667725,-0.0062034330330789,0.8606734275817871,0.708599328994751,0.0253594350069761,0.8336379528045654,0.7259575128555298,0.0290809758007526,0.8121793866157532,0.7339857220649719,0.0191413406282663,0.889529287815094,0.7648079991340637,-0.0019564596004784,0.8727614879608154,0.7714172005653381,0.0234958380460739,0.8475161790847778,0.7778787612915039,0.0350769124925136,0.8254125118255615,0.776941180229187,0.0372853837907314,Pointing_Left
508311772433786_.pic_thumb.jpg,1.0616021156311035,0.87811279296875,-8.736764129935182e-07,0.9724266529083252,0.7522274255752563,0.0038955123163759,0.815065324306488,0.6815681457519531,-0.0207219198346138,0.6512433886528015,0.680668830871582,-0.0546391755342483,0.5350346565246582,0.712049126625061,-0.0951094105839729,0.7141715288162231,0.5828277468681335,-0.0313228853046894,0.4683111011981964,0.6075567603111267,-0.077500931918621,0.3191395699977875,0.6191070675849915,-0.1175600215792656,0.2124147415161132,0.6097065806388855,-0.1508038192987442,0.7019041776657104,0.6130399703979492,-0.0669902041554451,0.5094616413116455,0.7462558150291443,-0.0967625826597213,0.587409496307373,0.8012822866439819,-0.1102298870682716,0.6613488793373108,0.7994223833084106,-0.1247306317090988,0.7042868733406067,0.6825236678123474,-0.1023825109004974,0.554714024066925,0.8301134705543518,-0.1235609352588653,0.6516699194908142,0.8716262578964233,-0.12232206761837,0.7272007465362549,0.8490035533905029,-0.1298345476388931,0.7095901966094971,0.7657140493392944,-0.1410988122224807,0.6039463877677917,0.8863034844398499,-0.1703232228755951,0.6718850135803223,0.9188414216041564,-0.1677901595830917,0.7309188842773438,0.9079899787902832,-0.1631211787462234,Pointing_Left
IMG_9788.JPG,0.812900185585022,0.5676494836807251,-3.554078489287349e-07,0.7474135756492615,0.6411701440811157,-0.0054967552423477,0.6846815943717957,0.6962339282035828,-0.0219264309853315,0.6357477903366089,0.7523341774940491,-0.0401130989193916,0.617885172367096,0.8192838430404663,-0.0579222030937671,0.623890221118927,0.6083054542541504,-0.0222558099776506,0.567318856716156,0.5909560322761536,-0.0278801824897527,0.5843200087547302,0.5916473865509033,-0.0269788112491369,0.6071630716323853,0.5942983031272888,-0.0266851149499416,0.6297851800918579,0.5431324243545532,-0.0271113533526659,0.5631662011146545,0.5442877411842346,-0.0251014996320009,0.5742086172103882,0.5524280667304993,-0.021666295826435,0.5946380496025085,0.5530247688293457,-0.0236257426440715,0.6432680487632751,0.4874972999095917,-0.0310207661241292,0.568131148815155,0.4964718520641327,-0.0268395915627479,0.5737148523330688,0.5099022388458252,-0.018904011696577,0.5913443565368652,0.5163264274597168,-0.0181158371269702,0.6613152623176575,0.439596563577652,-0.0357244946062564,0.5994722843170166,0.4550889432430267,-0.0295095015317201,0.5909668207168579,0.4720429480075836,-0.0183187536895275,0.5930233001708984,0.4810288846492767,-0.0122202252969145,Pointing_Right
IMG_9831.JPG,0.8219008445739746,0.6033679842948914,1.475811899354085e-07,0.7829501032829285,0.6096422672271729,-0.0269466824829578,0.7534231543540955,0.6455118656158447,-0.0455763712525367,0.7594501972198486,0.6824471354484558,-0.0631971135735511,0.7854940295219421,0.714884877204895,-0.0811902061104774,0.7531748414039612,0.7563273906707764,-0.0303975529968738,0.7526624202728271,0.8288271427154541,-0.0576348900794982,0.7557967305183411,0.8790620565414429,-0.0768496319651603,0.7617573738098145,0.9202606678009032,-0.090619184076786,0.7902482748031616,0.7583892941474915,-0.0344449095427989,0.7899460196495056,0.8066237568855286,-0.0738465413451194,0.7964503169059753,0.7469452023506165,-0.0897019878029823,0.7979943752288818,0.7038757801055908,-0.0927842035889625,0.8254522681236267,0.747392475605011,-0.0413135513663291,0.8325757384300232,0.7828928828239441,-0.0813575685024261,0.8290098905563354,0.7215091586112976,-0.0833889096975326,0.8222968578338623,0.6795786619186401,-0.0753510817885398,0.8578070998191833,0.7265791893005371,-0.0499864891171455,0.862706184387207,0.7544480562210083,-0.0783604830503463,0.8545970916748047,0.7121343612670898,-0.0775158256292343,0.8437015414237976,0.6819239854812622,-0.0711270570755004,Pointing_Right
IMG_9556.JPG,0.7118936777114868,0.8841121196746826,-3.669374564196915e-07,0.6372594833374023,0.8476629257202148,0.0260511506348848,0.5973622798919678,0.7713066935539246,0.0408743545413017,0.5941585302352905,0.7054675817489624,0.0544151104986667,0.6230186223983765,0.6775888800621033,0.0660938397049903,0.6029613018035889,0.6947500705718994,0.0075149200856685,0.601107656955719,0.585824728012085,0.020727751776576,0.6006205081939697,0.5295947790145874,0.0291480030864477,0.6008374094963074,0.4845612049102783,0.0330837815999984,0.6474491357803345,0.6740037202835083,0.007117249071598,0.6360552310943604,0.6361111402511597,0.0385731644928455,0.6322112679481506,0.6711247563362122,0.0595708526670932,0.6330306529998779,0.7037622332572937,0.0676559880375862,0.6898483037948608,0.6768859028816223,0.0106601370498538,0.6683034896850586,0.6620270609855652,0.0406665056943893,0.6673892736434937,0.6934031844139099,0.0503653809428215,0.6706463694572449,0.7242915034294128,0.0484907329082489,0.7243428230285645,0.6848752498626709,0.0169166475534439,0.702774703502655,0.6779415607452393,0.0425239093601703,0.7020147442817688,0.7055485844612122,0.0529277175664901,0.7057620286941528,0.7343298196792603,0.0560143180191516,Pointing_Left
509081772433864_.pic_thumb.jpg,0.1011009812355041,0.7210232019424438,1.8244888266849557e-08,0.250870943069458,0.6718992590904236,-0.0460186563432216,0.3400054275989532,0.591373085975647,-0.0622463896870613,0.4117371439933777,0.5301151871681213,-0.0704652294516563,0.4815379381179809,0.4996077418327331,-0.072318710386753,0.1586435139179229,0.5059778690338135,-0.0313319899141788,0.2732545435428619,0.5059184432029724,-0.0527092330157756,0.3038109838962555,0.5493424534797668,-0.075817696750164,0.2939702570438385,0.5749946236610413,-0.0911837443709373,0.0883987247943878,0.5095536708831787,-0.0133454278111457,0.2094208598136901,0.516071617603302,-0.0249511133879423,0.2391120940446853,0.552769124507904,-0.0413546524941921,0.22607421875,0.576119601726532,-0.0585775971412658,0.0480450093746185,0.5286628007888794,0.0005235571297816,0.1557589173316955,0.5295642018318176,-0.0129987839609384,0.1852668970823288,0.5588565468788147,-0.0193440970033407,0.1770697236061096,0.5825609564781189,-0.0255338158458471,0.024176150560379,0.5487494468688965,0.0110439984127879,0.1067685484886169,0.5415255427360535,0.0014575613895431,0.1322784423828125,0.5631272196769714,0.003051410196349,0.1297128796577453,0.5843430757522583,0.0048083905130624,Pointing_Right
508231772433779_.pic_thumb.jpg,0.7872344255447388,0.701118528842926,-5.130250997353869e-07,0.7164673209190369,0.614172101020813,0.0215002205222845,0.6092643737792969,0.575154185295105,0.0149549013003706,0.5132243037223816,0.5884569883346558,-0.0006350473267957,0.4511721730232239,0.6251941919326782,-0.0223014652729034,0.5285332202911377,0.532220184803009,-0.0046800444833934,0.3750606179237366,0.547062337398529,-0.0205718930810689,0.2832855880260467,0.5594336986541748,-0.0383600033819675,0.2149324119091034,0.5648109316825867,-0.0565285980701446,0.5044164061546326,0.5638678669929504,-0.0322673469781875,0.4058047533035278,0.6393579840660095,-0.0440491996705532,0.4610571563243866,0.6676519513130188,-0.0477334558963775,0.5122733116149902,0.6623768210411072,-0.0547532923519611,0.4986443221569061,0.6152993440628052,-0.0563287176191806,0.4268668591976166,0.6922414302825928,-0.0614395700395107,0.484026551246643,0.7107248902320862,-0.0525880493223667,0.5282893180847168,0.6947922706604004,-0.0544341951608657,0.5013830065727234,0.6729835271835327,-0.0807623788714408,0.4646345376968384,0.7364242076873779,-0.0954276770353317,0.5183433890342712,0.7508175373077393,-0.0893706157803535,0.559177577495575,0.736763596534729,-0.0841996967792511,Pointing_Left
IMG_9717.JPG,0.6520731449127197,0.8109772801399231,-5.511012091119483e-07,0.6439822316169739,0.692543625831604,0.0200309418141841,0.6581619381904602,0.5979827046394348,0.0156061742454767,0.668956458568573,0.5109834671020508,0.0092526357620954,0.6623718738555908,0.4482435584068298,0.0033913734368979,0.7367261648178101,0.5955778360366821,-0.0149677796289324,0.7886815667152405,0.591189980506897,0.0108842076733708,0.7632967829704285,0.6169405579566956,0.0373472422361373,0.7397022843360901,0.6300281882286072,0.0516182854771614,0.7684783935546875,0.6551215648651123,-0.022563736885786,0.808490514755249,0.6346147656440735,0.0124734863638877,0.7842000722885132,0.6504387855529785,0.0350160673260688,0.7605929374694824,0.6665987968444824,0.0390683598816394,0.7848231792449951,0.7167442440986633,-0.0232294555753469,0.8197370767593384,0.681964099407196,0.0128105645999312,0.7965856194496155,0.6999576687812805,0.0315117239952087,0.7719981074333191,0.7160090208053589,0.0295102670788764,0.7954519987106323,0.7721409201622009,-0.0217775031924247,0.8262677788734436,0.7378376722335815,0.0065927794203162,0.8040980100631714,0.7476170063018799,0.0257670581340789,0.7819429039955139,0.7602919340133667,0.0312211476266384,Pointing_Left
508941772433849_.pic.jpg,0.669487476348877,0.5829262733459473,-5.428151439446083e-07,0.7671805620193481,0.5434476137161255,-0.0006210065912455,0.834088146686554,0.4938072562217712,-0.0082212127745151,0.8874647617340088,0.4508551359176636,-0.0163147002458572,0.9425539970397948,0.4350383281707763,-0.024998240172863,0.7402897477149963,0.3929878771305084,-0.0273816082626581,0.7445651888847351,0.4156143069267273,-0.0262704100459814,0.7474092245101929,0.4506919384002685,-0.0292482450604438,0.7425452470779419,0.47306028008461,-0.03395651653409,0.6646500825881958,0.394863873720169,-0.0346396677196025,0.6789149641990662,0.4236116111278534,-0.0216429363936185,0.6855028867721558,0.4543066620826721,-0.0217717066407203,0.6826045513153076,0.4758524298667907,-0.0331998541951179,0.6025515198707581,0.414621889591217,-0.0372544266283512,0.6189678311347961,0.4365287721157074,-0.0309578441083431,0.6308271884918213,0.4640859365463257,-0.0281547624617815,0.6303851008415222,0.4861746430397033,-0.0351777113974094,0.5492395162582397,0.4384883940219879,-0.0395706444978714,0.5696774125099182,0.4523823857307434,-0.0374488942325115,0.584884762763977,0.4787400364875793,-0.0260753668844699,0.5892117619514465,0.4992089867591858,-0.0201532114297151,Pointing_Right
IMG_9796.JPG,0.7597097754478455,0.5726030468940735,-5.428028657661343e-07,0.6969459652900696,0.6231191158294678,0.0073844301514327,0.6406797766685486,0.6481801271438599,-0.0001551663444843,0.5964634418487549,0.6704680919647217,-0.0103169344365596,0.5727041959762573,0.7135740518569946,-0.0204945225268602,0.5704126358032227,0.5698860883712769,-0.0116165895015001,0.5578910708427429,0.56008380651474,-0.0082791000604629,0.5888422727584839,0.5664291381835938,-0.0035918883513659,0.6150495409965515,0.5779072046279907,-0.0020210959482938,0.5793044567108154,0.5162485837936401,-0.0207415204495191,0.5741946697235107,0.5178256034851074,-0.0089577604085206,0.6033415794372559,0.5309783816337585,-0.0036488315090537,0.6276471614837646,0.5416638255119324,-0.0063858204521238,0.6039237380027771,0.4717106223106384,-0.0269418526440858,0.5982043743133545,0.4767358601093292,-0.0155550437048077,0.6260199546813965,0.4900557100772857,-0.009942433796823,0.6504559516906738,0.5048837661743164,-0.0130091477185487,0.6346756815910339,0.4347438514232635,-0.0328952632844448,0.6319818496704102,0.4357195198535919,-0.0218138471245765,0.6505303978919983,0.4534564018249511,-0.0116470986977219,0.6673066020011902,0.4699301421642303,-0.0071235373616218,Pointing_Right
508431772433798_.pic_thumb.jpg,1.0415953397750854,0.9699596762657166,-1.1417375844757771e-06,0.9645716547966005,0.8399701118469238,-0.0077495351433753,0.7845630049705505,0.7587043642997742,-0.0360257774591445,0.5961729884147644,0.7623391151428223,-0.0707719773054122,0.4742771089076996,0.7863026857376099,-0.1080632954835891,0.7031417489051819,0.6199855804443359,-0.0538960061967372,0.4361507296562195,0.6219263672828674,-0.1047026515007019,0.2898746430873871,0.6336404085159302,-0.1505168378353119,0.1823206543922424,0.6289412975311279,-0.1870881468057632,0.7118371725082397,0.6711629629135132,-0.0854188203811645,0.4764493107795715,0.7839187383651733,-0.110141709446907,0.5605961084365845,0.82930588722229,-0.1185115575790405,0.6529096364974976,0.8160812854766846,-0.1372480243444442,0.721955418586731,0.7548338174819946,-0.1180654093623161,0.519701361656189,0.8824629783630371,-0.1297295987606048,0.6132324934005737,0.907229781150818,-0.1152581647038459,0.6922724843025208,0.8741304874420166,-0.1202508956193924,0.7324063181877136,0.8488278985023499,-0.1559192687273025,0.5800997614860535,0.947636067867279,-0.1748514771461486,0.6549817323684692,0.9632364511489868,-0.1601342856884002,0.7244912385940552,0.9450061321258544,-0.1511745601892471,Pointing_Left
509201772433879_.pic.jpg,0.1460456252098083,0.3529009521007538,-2.805236078984308e-07,0.3012789785861969,0.3257099390029907,-0.0227671358734369,0.4008808135986328,0.273256242275238,-0.0361297540366649,0.4729263186454773,0.2388488352298736,-0.046058390289545,0.5397286415100098,0.2306556403636932,-0.0537678897380828,0.2513561844825744,0.123309314250946,-0.0450854413211345,0.3077100217342376,0.160574197769165,-0.0488777048885822,0.3147641122341156,0.2118045687675476,-0.0583432056009769,0.2979146838188171,0.2408888638019561,-0.0691670551896095,0.1470207422971725,0.1316174864768982,-0.0430908091366291,0.2212346494197845,0.1680676192045211,-0.0320273078978061,0.2335253357887268,0.2084906697273254,-0.0363413803279399,0.2156500220298767,0.2352550774812698,-0.0536717139184474,0.0722672641277313,0.1669376045465469,-0.0388147756457328,0.1370448619127273,0.1894190162420272,-0.0368574373424053,0.1563353836536407,0.2212874293327331,-0.0390342026948928,0.1445759534835815,0.2450640499591827,-0.0513903461396694,0.0163275599479675,0.2044568657875061,-0.0356901474297046,0.0692372620105743,0.2247715294361114,-0.0367785990238189,0.0919902473688125,0.2515575289726257,-0.0296264253556728,0.0925372987985611,0.2706539034843445,-0.0293167605996131,Pointing_Right
508751772433830_.pic_thumb.jpg,0.3843121528625488,0.7997051477432251,-5.424539608611667e-07,0.5560803413391113,0.6874555349349976,-0.0002704394573811,0.6531436443328857,0.5815885066986084,-0.0183156803250312,0.7345731258392334,0.5141506195068359,-0.0407520122826099,0.8261747360229492,0.49436154961586,-0.0644038692116737,0.4471270740032196,0.44159996509552,-0.0427885428071022,0.5047784447669983,0.4605114758014679,-0.0695262476801872,0.5234034657478333,0.5186197757720947,-0.102271556854248,0.5121960639953613,0.5557839870452881,-0.1286108195781707,0.3095369935035705,0.4675306677818298,-0.0623731315135955,0.3815193474292755,0.4889558553695678,-0.0647971481084823,0.3998875021934509,0.5377023220062256,-0.0744364932179451,0.3853766322135925,0.5731996297836304,-0.0965063571929931,0.2052357643842697,0.5188590884208679,-0.0785563290119171,0.2751544415950775,0.5325912237167358,-0.0840076655149459,0.2982910871505737,0.5720272660255432,-0.0784804746508598,0.291265994310379,0.6053529977798462,-0.0862688794732093,0.1226609349250793,0.5758495330810547,-0.0951471030712127,0.1849707961082458,0.5837668180465698,-0.1015793904662132,0.2183195352554321,0.6200071573257446,-0.0848574563860893,0.2244866490364074,0.6478195786476135,-0.0751841738820076,Pointing_Right
508451772433800_.pic.jpg,0.9441614747047424,0.8947662115097046,-1.3438101404972258e-06,0.8414287567138672,0.7960088849067688,0.0307689160108566,0.6954366564750671,0.7295657396316528,0.0242983102798461,0.5684646368026733,0.6937674283981323,0.0061092590913176,0.4850481152534485,0.6787963509559631,-0.0170619431883096,0.581705629825592,0.6128684878349304,-0.0092829801142215,0.361303448677063,0.6328880190849304,-0.031359352171421,0.2428575158119201,0.6389318108558655,-0.0554533302783966,0.1549881100654602,0.6230766773223877,-0.0814121887087822,0.5799186825752258,0.637336015701294,-0.0511098653078079,0.4005536735057831,0.7733842730522156,-0.0606443881988525,0.4766111969947815,0.8189166784286499,-0.0624580644071102,0.5488929748535156,0.8108062744140625,-0.0762710943818092,0.5891014337539673,0.6962735652923584,-0.0896794125437736,0.4478935003280639,0.8407458066940308,-0.0879664272069931,0.5309790372848511,0.8712731599807739,-0.0733914300799369,0.5933963656425476,0.8449018001556396,-0.0810317322611808,0.6015257239341736,0.76923006772995,-0.1303118914365768,0.4918399453163147,0.8757591843605042,-0.142170175909996,0.5535249710083008,0.9001703858375549,-0.133438378572464,0.6062194108963013,0.8862572908401489,-0.1304531693458557,Pointing_Left
509361772433901_.pic_thumb.jpg,0.4723380804061889,0.7888166904449463,-5.396556730374868e-07,0.6496604681015015,0.7338792085647583,-0.0095759499818086,0.7596972584724426,0.6505009531974792,-0.0221265871077775,0.8311600685119629,0.5775258541107178,-0.0331530608236789,0.91132390499115,0.5544255971908569,-0.0420023128390312,0.6037092208862305,0.4954620599746704,-0.0418422631919384,0.6697197556495667,0.5153196454048157,-0.0541972927749156,0.6828089952468872,0.5785082578659058,-0.0715401545166969,0.6625068187713623,0.6202161908149719,-0.0859102830290794,0.4925407767295837,0.5009085536003113,-0.0459714047610759,0.5754376649856567,0.5349050760269165,-0.0378551930189132,0.5891767740249634,0.5857257843017578,-0.0438908822834491,0.566036581993103,0.6197389364242554,-0.0622381418943405,0.4075641334056854,0.5323833227157593,-0.046420756727457,0.4821266531944275,0.5585560202598572,-0.0428367890417575,0.499551773071289,0.5996706485748291,-0.0388576164841651,0.4822583794593811,0.6304788589477539,-0.0476334914565086,0.3402681648731231,0.5682463645935059,-0.0470138378441333,0.4023836255073547,0.587536633014679,-0.0451512522995471,0.4216415882110595,0.6232824325561523,-0.0303519945591688,0.4133077263832092,0.6505446434020996,-0.0226978715509176,Pointing_Right
IMG_9804.JPG,0.8612074851989746,0.6382428407669067,4.9953623459941816e-08,0.8051203489303589,0.6327450275421143,-0.016981016844511,0.7560250759124756,0.6645302772521973,-0.0295866653323173,0.7346466183662415,0.7074564695358276,-0.0436783544719219,0.7608734965324402,0.7489883303642273,-0.0589206404983997,0.7388598918914795,0.791048526763916,-0.0245533250272274,0.7283574342727661,0.8841613531112671,-0.0526371449232101,0.7245439291000366,0.9441349506378174,-0.0739824399352073,0.7217415571212769,0.996453583240509,-0.0897393152117729,0.7803699374198914,0.8027999401092529,-0.0340465232729911,0.7641327381134033,0.8508424758911133,-0.0751702785491943,0.7799685001373291,0.7813765406608582,-0.0923079028725624,0.7909408807754517,0.731486439704895,-0.0964388996362686,0.8239543437957764,0.8020740747451782,-0.0453060008585453,0.8190351128578186,0.8302502036094666,-0.0860682427883148,0.8222967386245728,0.7553483843803406,-0.0892360210418701,0.8208716511726379,0.7017629742622375,-0.0819740667939186,0.8657197952270508,0.79358971118927,-0.0576071850955486,0.8607404232025146,0.822763979434967,-0.0848005935549736,0.8583545088768005,0.771177351474762,-0.0835117921233177,0.8521003127098083,0.7288484573364258,-0.0772513076663017,Pointing_Right
508031772433760_.pic_thumb.jpg,0.9175768494606018,0.7641630172729492,-7.46952878216689e-07,0.8268791437149048,0.6636853218078613,0.0216925088316202,0.7087326645851135,0.6014044284820557,0.0109654031693935,0.6137076616287231,0.5835800766944885,-0.0096468403935432,0.5548116564750671,0.5896105766296387,-0.0363186039030551,0.6193423271179199,0.5284953117370605,-0.0163903813809156,0.4253439605236053,0.5354374051094055,-0.0375973656773567,0.3156569600105285,0.5411301255226135,-0.0624050311744213,0.238407552242279,0.5382353067398071,-0.0869546234607696,0.5993984937667847,0.5614921450614929,-0.0472937934100627,0.4473233819007873,0.6615338325500488,-0.0608781725168228,0.5048828125,0.6967501640319824,-0.0687207132577896,0.5626510381698608,0.6869436502456665,-0.0833971872925758,0.5947809219360352,0.6197201609611511,-0.073631428182125,0.4804051518440246,0.723703920841217,-0.0756682977080345,0.5418114066123962,0.7429549694061279,-0.0660987347364425,0.5916556715965271,0.7202224135398865,-0.0727970153093338,0.5953060984611511,0.6869679689407349,-0.1013371124863624,0.5230509042739868,0.7630742192268372,-0.1162822321057319,0.5787882208824158,0.7795253992080688,-0.1083955690264701,0.625024676322937,0.7637184858322144,-0.1035167798399925,Pointing_Left
IMG_9837.JPG,0.827725887298584,0.5270893573760986,1.8806600721177347e-08,0.7742412090301514,0.5105268359184265,-0.0288292188197374,0.7244732975959778,0.5234001278877258,-0.0502317734062671,0.7258687615394592,0.560461163520813,-0.0709633380174636,0.7608836889266968,0.5899972915649414,-0.0911323726177215,0.7148228287696838,0.6763033270835876,-0.0412565022706985,0.7033153176307678,0.7664967775344849,-0.0774554014205932,0.7052018642425537,0.8232435584068298,-0.1036991998553276,0.7120110392570496,0.8772170543670654,-0.1223329380154609,0.7611863613128662,0.6894713044166565,-0.0466476120054721,0.7609522938728333,0.7194412350654602,-0.0909914895892143,0.7735776901245117,0.6405593156814575,-0.1072410270571708,0.7760397791862488,0.5993776321411133,-0.112700380384922,0.805143415927887,0.6856083869934082,-0.0550340823829174,0.8133663535118103,0.700874388217926,-0.0981227681040763,0.815612256526947,0.6225107908248901,-0.0954294875264167,0.809714674949646,0.5799214243888855,-0.0859880223870277,0.8449972867965698,0.6705406904220581,-0.0659746825695037,0.8509979844093323,0.6775705218315125,-0.0939901918172836,0.8483362197875977,0.618515133857727,-0.0891536772251129,0.8383926153182983,0.5852438807487488,-0.0811918526887893,Pointing_Right
IMG_9657.JPG,0.6948866248130798,0.7644199132919312,3.454228760801925e-07,0.7422201633453369,0.6835658550262451,0.008941700682044,0.7556501030921936,0.6216329336166382,0.0035077575594186,0.7670183181762695,0.58351069688797,-0.0099362982437014,0.7796825766563416,0.5480912923812866,-0.0218253508210182,0.6894975304603577,0.5534124374389648,0.0036925023887306,0.7005994319915771,0.4735280275344848,-0.0128892585635185,0.707338809967041,0.4266301393508911,-0.0250476263463497,0.7100418210029602,0.3816693425178528,-0.0347607061266899,0.6688616275787354,0.5644230246543884,-0.0191383808851242,0.6748148798942566,0.4662708640098572,-0.0468030571937561,0.6859219074249268,0.4061734676361084,-0.0644228607416153,0.6923518180847168,0.3577766418457031,-0.0749472305178642,0.6610996723175049,0.5909357666969299,-0.0422087535262107,0.7043689489364624,0.5102106928825378,-0.0762942060828208,0.7484970688819885,0.5368452072143555,-0.0832629054784774,0.7722018361091614,0.5680109262466431,-0.0806857869029045,0.6707448959350586,0.6261252760887146,-0.0644523426890373,0.7182150483131409,0.5728474259376526,-0.0906236171722412,0.7562931776046753,0.586766242980957,-0.0943403244018554,0.7809383869171143,0.608486533164978,-0.0925654992461204,Pointing_Left
IMG_9822.JPG,0.7341794371604919,0.5159938931465149,6.772564375978618e-08,0.6946271061897278,0.5261134505271912,-0.0076992064714431,0.6671297550201416,0.5688208937644958,-0.0105229029431939,0.66725754737854,0.6130606532096863,-0.0143770603463053,0.6887636184692383,0.6370788216590881,-0.0190580412745475,0.6700054407119751,0.6330128908157349,-0.0022919671609997,0.6623933911323547,0.6899942755699158,-0.0127687891945242,0.6623238325119019,0.7270775437355042,-0.0214737094938755,0.6629461050033569,0.7578970193862915,-0.0284624565392732,0.694008469581604,0.638679027557373,-0.0074044223874807,0.6881864666938782,0.6867512464523315,-0.0249331649392843,0.6943086981773376,0.6508288383483887,-0.0336449518799781,0.6973440647125244,0.620037317276001,-0.0353787429630756,0.7190153002738953,0.6340672969818115,-0.0136127080768346,0.7179571390151978,0.6728662848472595,-0.0336991846561431,0.7187086343765259,0.6308241486549377,-0.0360675863921642,0.7164203524589539,0.5993630290031433,-0.0319766029715538,0.744439959526062,0.6214296221733093,-0.0200867261737585,0.7429935932159424,0.6544997096061707,-0.0344983898103237,0.7392775416374207,0.6248041987419128,-0.0334020629525184,0.7346015572547913,0.5980174541473389,-0.0292620416730642,Pointing_Right
IMG_9641.JPG,0.6652747988700867,0.7800503969192505,2.9089063602327773e-08,0.6520764231681824,0.6959478259086609,0.0558156557381153,0.6551498174667358,0.6312809586524963,0.0682339519262313,0.6711097359657288,0.5780519247055054,0.0681487768888473,0.6919434070587158,0.5480313301086426,0.0706822499632835,0.6347651481628418,0.585029125213623,0.018636105582118,0.6485529541969299,0.4884401559829712,0.0115174725651741,0.657320499420166,0.4386443793773651,0.0102681796997785,0.664908230304718,0.3974088430404663,0.0082928463816642,0.6532490253448486,0.5921294689178467,-0.0148884309455752,0.6691802740097046,0.479103684425354,-0.0362498648464679,0.683682382106781,0.4159972965717315,-0.0438771955668926,0.6913439035415649,0.3713263869285583,-0.0476921759545803,0.67652428150177,0.609948992729187,-0.0408039912581443,0.7295026183128357,0.5287917852401733,-0.0448666624724864,0.7476038932800293,0.5626950860023499,-0.0191315058618783,0.750601589679718,0.5921359062194824,0.0013650370528921,0.7067034244537354,0.6360049247741699,-0.0632210075855255,0.7523269653320312,0.5824792981147766,-0.0571182183921337,0.7705488801002502,0.5978519916534424,-0.0359296686947345,0.7770257592201233,0.6132994294166565,-0.0175229180604219,Pointing_Left
IMG_9652.JPG,0.6690259575843811,0.7623536586761475,1.1480359773941019e-07,0.7063405513763428,0.6857107281684875,0.0329943038523197,0.7143728733062744,0.6163365244865417,0.0414260551333427,0.7303237915039062,0.5743281245231628,0.0402322299778461,0.7555290460586548,0.5466929078102112,0.0379039570689201,0.6509419679641724,0.5644488334655762,0.0193382389843463,0.6679282784461975,0.4751012623310089,0.0069305589422583,0.687940239906311,0.4200111031532287,-0.0006290751625783,0.706472635269165,0.3751012086868286,-0.0066319024190306,0.6506494283676147,0.5689167976379395,-0.0091428952291607,0.6713060736656189,0.4644648432731628,-0.0285274386405944,0.696483850479126,0.4045585393905639,-0.0392369851469993,0.718029260635376,0.3582469522953033,-0.0448270477354526,0.6636686325073242,0.5859401822090149,-0.0360777974128723,0.683925211429596,0.4837929308414459,-0.0531477145850658,0.706788957118988,0.4275991320610046,-0.0604306384921073,0.7262477278709412,0.38438481092453,-0.0634707361459732,0.6889931559562683,0.6110252141952515,-0.0603823401033878,0.7042807936668396,0.5361462831497192,-0.0746455863118171,0.7178517580032349,0.486964613199234,-0.0806702226400375,0.7313010692596436,0.4462195634841919,-0.0838552936911583,Pointing_Left
508381772433793_.pic_thumb.jpg,0.9008665084838868,0.8368803858757019,-7.212208288365218e-07,0.8094983696937561,0.7053622007369995,0.0080863013863563,0.6470956802368164,0.634080708026886,-0.0180133655667305,0.5033930540084839,0.6367415189743042,-0.0508675351738929,0.4190710186958313,0.6658975481987,-0.0911736860871315,0.5604279041290283,0.5593696236610413,-0.0622805319726467,0.3174928426742553,0.5881613492965698,-0.0943399667739868,0.1723153889179229,0.6121553778648376,-0.1251022666692733,0.0661267042160034,0.6180780529975891,-0.1553976535797119,0.5389743447303772,0.6145418882369995,-0.093656025826931,0.3605592250823974,0.7280902862548828,-0.1036175936460495,0.4435350894927978,0.7699291706085205,-0.1068534478545188,0.524234414100647,0.7601373791694641,-0.1235196962952613,0.5407810807228088,0.6968821287155151,-0.1188484281301498,0.4074990153312683,0.8169879913330078,-0.1177507117390632,0.4924530386924743,0.8399777412414551,-0.1023299023509025,0.5597921013832092,0.8148011565208435,-0.1095359325408935,0.5464681386947632,0.7852047681808472,-0.146281287074089,0.4545877277851105,0.8750882148742676,-0.1615912318229675,0.5226066708564758,0.8922818899154663,-0.1460121721029281,0.5820236802101135,0.8737733364105225,-0.1373429298400879,Pointing_Left
IMG_9754.JPG,0.9638301134109496,0.5654657483100891,-5.819439365950529e-07,0.8771709203720093,0.6403450965881348,-0.0053990134038031,0.7929658889770508,0.6786179542541504,-0.0197611916810274,0.7164124846458435,0.705758810043335,-0.0328314043581485,0.6742962598800659,0.7584677934646606,-0.0427734330296516,0.7468950152397156,0.5639829635620117,-0.0364413000643253,0.6619961261749268,0.5480926632881165,-0.0364925526082515,0.6926859021186829,0.5641667246818542,-0.0242942180484533,0.7284876704216003,0.5762584805488586,-0.0151364868506789,0.7603154182434082,0.4825441241264343,-0.0344782806932926,0.6765707731246948,0.4776264429092407,-0.0297542158514261,0.7041766047477722,0.5067551136016846,-0.0168045349419116,0.7367173433303833,0.5203726291656494,-0.0117526585236191,0.7843811511993408,0.4186055660247803,-0.0288623552769422,0.7088980674743652,0.4237207174301147,-0.0206742696464061,0.7335331439971924,0.4505435526371002,-0.0069922152906656,0.7668638825416565,0.4696917533874511,-0.0034148378763347,0.8121159076690674,0.3723315000534057,-0.0231225974857807,0.7601304054260254,0.3883750736713409,-0.0143337044864892,0.7778975963592529,0.4169157743453979,-0.0018119694432243,0.8025325536727905,0.4324347674846649,0.0051040058024227,Pointing_Right
IMG_9655.JPG,0.7370634078979492,0.7583244442939758,-1.3888201522149757e-07,0.6763677000999451,0.7161065936088562,0.0216309074312448,0.6416531801223755,0.6530678272247314,0.0252155996859073,0.6391598582267761,0.5882648825645447,0.0283907689154148,0.6608486771583557,0.5549941658973694,0.0326431840658187,0.6696486473083496,0.5919812917709351,-0.0231591835618019,0.6613788604736328,0.4846445918083191,-0.030207859352231,0.659991979598999,0.4288383424282074,-0.0260780174285173,0.6611184477806091,0.389776349067688,-0.0203679762780666,0.7106057405471802,0.5876228213310242,-0.0291395690292119,0.715167760848999,0.4727886915206909,-0.0333134941756725,0.7140340805053711,0.4451502561569214,-0.0179434455931186,0.7126120924949646,0.4423805773258209,-0.0034886398352682,0.750891387462616,0.5947283506393433,-0.0298289954662323,0.7522610425949097,0.5011007189750671,-0.0233857296407222,0.7403783202171326,0.5103375315666199,0.0015446486650034,0.7339185476303101,0.5372130870819092,0.0212726704776287,0.7821040749549866,0.6123906373977661,-0.0283919107168912,0.7817379832267761,0.5369297862052917,-0.0139723373576998,0.7656322121620178,0.5413579940795898,0.0081442920491099,0.7577646374702454,0.5639444589614868,0.0266412161290645,Pointing_Left
508251772433781_.pic.jpg,0.6756598353385925,0.6921604871749878,-4.761777177009208e-07,0.6039592027664185,0.6050646901130676,0.0385716259479522,0.5099580883979797,0.5743713974952698,0.0414774566888809,0.430448979139328,0.5858318209648132,0.0330309011042118,0.3760693669319153,0.6197298765182495,0.0168569907546043,0.4410412311553955,0.5399174094200134,0.0174133330583572,0.2990227937698364,0.5579996109008789,0.0115450024604797,0.2106837630271911,0.5753911137580872,0.000577334780246,0.14568492770195,0.5823301672935486,-0.0132089788094162,0.4163768887519836,0.5684821009635925,-0.0128165651112794,0.3242013156414032,0.6415493488311768,-0.0110104568302631,0.377269297838211,0.6734479665756226,-0.0108214421197772,0.4271687269210815,0.6731849312782288,-0.0157840400934219,0.4094704389572143,0.6161590814590454,-0.0383993722498416,0.3500275611877441,0.6931163668632507,-0.0321976207196712,0.4072728753089905,0.7110992670059204,-0.026033641770482,0.449580430984497,0.6978597044944763,-0.0309206638485193,0.4065804481506347,0.6711585521697998,-0.0626454725861549,0.3817249536514282,0.7328765392303467,-0.0732884854078292,0.4317047297954559,0.7476993799209595,-0.0710401311516761,0.4673852622509002,0.7353142499923706,-0.0689275041222572,Pointing_Left
IMG_9576.JPG,0.8582671880722046,0.8396919965744019,-3.353279964812828e-07,0.7935686111450195,0.7933831214904785,0.0099501078948378,0.7650856971740723,0.713282585144043,0.0190494619309902,0.7711890935897827,0.6466904282569885,0.0291093718260526,0.798529326915741,0.6313592195510864,0.0387631393969059,0.7918757796287537,0.6484918594360352,-0.0015756435459479,0.7900691032409668,0.549812912940979,0.0026068647857755,0.7904687523841858,0.4972773194313049,0.0051145208999514,0.792900025844574,0.4561275839805603,0.005384013056755,0.8365198373794556,0.6436871886253357,0.0018498273566365,0.8188421726226807,0.5943535566329956,0.0190674662590026,0.8085950613021851,0.6212875843048096,0.0340162701904773,0.8060817718505859,0.6486490368843079,0.0408199578523635,0.8733092546463013,0.6558251976966858,0.0070372787304222,0.8474395871162415,0.6207578778266907,0.0231230407953262,0.8387640714645386,0.6427998542785645,0.0320449769496917,0.8367860317230225,0.6714252233505249,0.0337458476424217,0.9012157917022704,0.6722425818443298,0.013208326883614,0.8760706186294556,0.6464182138442993,0.0261777769774198,0.8656822443008423,0.6647984981536865,0.0329616144299507,0.8635455965995789,0.6902520656585693,0.0362303927540779,Pointing_Left
508141772433770_.pic_thumb.jpg,0.956942856311798,0.7055359482765198,-5.611948949990619e-07,0.8618805408477783,0.6176745891571045,0.0167477317154407,0.7333540916442871,0.577699601650238,0.0013700940180569,0.6150234937667847,0.5900301933288574,-0.0246719159185886,0.5299066305160522,0.6225586533546448,-0.056522462517023,0.6614284515380859,0.4986688792705536,-0.0071409344673156,0.486184298992157,0.5210530757904053,-0.0332618467509746,0.3801705241203308,0.5350344181060791,-0.0607362054288387,0.3030823469161987,0.532797634601593,-0.0860880091786384,0.6539835929870605,0.5239757299423218,-0.0394633337855339,0.5154528021812439,0.6280367374420166,-0.0545220375061035,0.571907639503479,0.6651420593261719,-0.0629594326019287,0.6272636651992798,0.6575926542282104,-0.075757198035717,0.6613397002220154,0.5765028595924377,-0.0701577067375183,0.5604027509689331,0.6888210773468018,-0.0775974169373512,0.6300238966941833,0.7075108885765076,-0.0701304599642753,0.6838357448577881,0.6842199563980103,-0.0744442343711853,0.6703290939331055,0.6389646530151367,-0.1026373133063316,0.6020731925964355,0.7211304903030396,-0.11978380382061,0.6577747464179993,0.7361354231834412,-0.1130547299981117,0.7075608372688293,0.720278799533844,-0.1074853986501693,Pointing_Left
IMG_9853.JPG,0.641531229019165,0.5229331851005554,-4.345089905655186e-07,0.5851812362670898,0.5859217047691345,-0.0055017662234604,0.5281388163566589,0.6233240365982056,-0.0189653299748897,0.4879412949085235,0.6596860885620117,-0.032627698034048,0.4733844697475433,0.7135758399963379,-0.045702289789915,0.4682577848434448,0.5215966105461121,-0.0239157136529684,0.4796813130378723,0.5061166882514954,-0.0266461018472909,0.5083516240119934,0.511614203453064,-0.0296078529208898,0.525972306728363,0.5259741544723511,-0.0336366407573223,0.4798986911773681,0.4643373787403106,-0.0284389238804578,0.4982169866561889,0.4637768864631653,-0.0185748301446437,0.5215556025505066,0.4747782349586487,-0.0166585519909858,0.5363285541534424,0.4844478666782379,-0.022772753611207,0.5048429369926453,0.4202019870281219,-0.0312210228294134,0.5202519297599792,0.4312070906162262,-0.0189940184354782,0.5390965342521667,0.4443009495735168,-0.0153766274452209,0.5516625046730042,0.45627161860466,-0.0208979174494743,0.5336368680000305,0.3856270313262939,-0.0358128771185874,0.5474089980125427,0.3965322375297546,-0.0232136081904172,0.5630707740783691,0.4130150973796844,-0.0151106975972652,0.5727508664131165,0.4251036345958709,-0.0132738649845123,Pointing_Right
IMG_9643.JPG,0.6722887754440308,0.7830008268356323,-2.3268584925517646e-07,0.6678717136383057,0.6974640488624573,0.054137147963047,0.6790176033973694,0.6227017045021057,0.0617206282913684,0.7066736221313477,0.5764862895011902,0.0577807016670703,0.7333055734634399,0.5513131022453308,0.0520362444221973,0.6584428548812866,0.5635943412780762,0.0098361847922205,0.6818141937255859,0.4773381650447845,0.0031715505756437,0.6958969831466675,0.426633358001709,-0.0008579542627558,0.7055181860923767,0.3825772404670715,-0.005530085414648,0.6705558896064758,0.5766862630844116,-0.0230121873319149,0.748786985874176,0.5235009789466858,-0.0216937754303216,0.755726158618927,0.5748128890991211,-0.0085790436714887,0.7429360151290894,0.6014286875724792,-0.0022426659706979,0.69099360704422,0.6017405986785889,-0.0503419525921344,0.7689653635025024,0.560231626033783,-0.0430888421833515,0.769993782043457,0.6080480217933655,-0.0204131957143545,0.7526343464851379,0.6334894299507141,-0.010618912987411,0.7168207168579102,0.6289584040641785,-0.0735436305403709,0.7789328694343567,0.6059408187866211,-0.0620052404701709,0.7770645618438721,0.6426070928573608,-0.0415316671133041,0.7608435750007629,0.6642755270004272,-0.0309316124767065,Pointing_Left
IMG_9674.JPG,0.725033164024353,0.8571546077728271,4.608900212588196e-07,0.7814564108848572,0.747678279876709,0.0211473684757947,0.7896815538406372,0.6521829962730408,0.0112093240022659,0.7973963022232056,0.5780585408210754,-0.0106227966025471,0.7972122430801392,0.5273650884628296,-0.0321146957576274,0.6898348331451416,0.5950092673301697,0.0006498569855466,0.7136027216911316,0.5013070106506348,-0.0260970443487167,0.7358471751213074,0.4400623738765716,-0.0420598499476909,0.7460305094718933,0.3886809945106506,-0.0537410750985145,0.6778751611709595,0.6164073348045349,-0.0319724828004837,0.7544865012168884,0.523075520992279,-0.0667196214199066,0.8030334115028381,0.5769169330596924,-0.0708070620894432,0.8101192712783813,0.622296154499054,-0.066026322543621,0.6923362612724304,0.6575388312339783,-0.0641259178519249,0.7738202810287476,0.5706303715705872,-0.0921495854854583,0.8160785436630249,0.6262059807777405,-0.0739568918943405,0.8106552958488464,0.6707643270492554,-0.0550912991166114,0.7167176008224487,0.6967588067054749,-0.0960989445447921,0.7966768741607666,0.6530938148498535,-0.1110351085662841,0.8279911279678345,0.6809362173080444,-0.0973586738109588,0.8246809840202332,0.7069739103317261,-0.0839670971035957,Pointing_Left
IMG_9677.JPG,0.7721074819564819,0.9093971848487854,3.695983252782753e-07,0.818109929561615,0.7921024560928345,0.0287645328789949,0.8256251215934753,0.6948559284210205,0.0229139681905508,0.8356161117553711,0.6283407211303711,0.0048255855217576,0.8447259068489075,0.5804834961891174,-0.0127553064376115,0.7421584129333496,0.6310338973999023,-0.0007787445792928,0.7453410625457764,0.5292321443557739,-0.0286890380084514,0.7568408250808716,0.4646316170692444,-0.0436628498136997,0.7611950635910034,0.4124893546104431,-0.0516543351113796,0.7329110503196716,0.6502379775047302,-0.0332713350653648,0.8064476251602173,0.5416308045387268,-0.067663162946701,0.8607004284858704,0.5809772610664368,-0.0690767392516136,0.8792558312416077,0.6307507753372192,-0.0589190274477005,0.7462762594223022,0.687865138053894,-0.0640486851334571,0.8339936137199402,0.6027759313583374,-0.0906774699687957,0.8720679879188538,0.6548027396202087,-0.0708546638488769,0.8708308935165405,0.7035772204399109,-0.0467750802636146,0.7713098526000977,0.7311458587646484,-0.0936803221702575,0.850467324256897,0.6900548338890076,-0.1038557514548301,0.881608247756958,0.7180809378623962,-0.0860614404082298,0.8828920125961304,0.7483932971954346,-0.0663140788674354,Pointing_Left
IMG_9607.JPG,0.7682374715805054,0.7944114208221436,-1.9511028881424866e-07,0.698922872543335,0.7643935680389404,0.0203699208796024,0.664480984210968,0.6949904561042786,0.0270457044243812,0.6627508997917175,0.6333754658699036,0.0320575013756752,0.6887810230255127,0.607342004776001,0.0349829010665416,0.6669146418571472,0.6216544508934021,-0.0072139301337301,0.6704174280166626,0.5153444409370422,-0.0064582293853163,0.6745645999908447,0.4559381604194641,-0.0059680808335542,0.6789846420288086,0.4094183444976806,-0.0070759877562522,0.7105326056480408,0.6044908165931702,-0.0111478632315993,0.7120213508605957,0.5525892376899719,0.0042902948334813,0.7097852826118469,0.5841056704521179,0.020982863381505,0.7084457278251648,0.6194283366203308,0.0287155900150537,0.7526519894599915,0.6075745820999146,-0.011751146055758,0.7432309985160828,0.5843032598495483,0.0072650238871574,0.7437899708747864,0.6093595027923584,0.0199484303593635,0.7454749941825867,0.6416241526603699,0.0223933812230825,0.7871952056884766,0.6157541871070862,-0.0107492133975029,0.7758336663246155,0.606526255607605,0.0065059326589107,0.7759711742401123,0.6324304938316345,0.017120748758316,0.7788422107696533,0.6588543057441711,0.0219088289886713,Pointing_Left
IMG_9658.JPG,0.6684293150901794,0.781635046005249,-2.594178454273788e-07,0.6364639401435852,0.7041321992874146,0.0230722427368164,0.6369185447692871,0.622917890548706,0.0235358942300081,0.6647686958312988,0.5687745809555054,0.021045297384262,0.6953732967376709,0.5442749261856079,0.0177845526486635,0.6308395266532898,0.5715967416763306,-0.0211208686232566,0.6476848125457764,0.4752043485641479,-0.0333012081682682,0.6601242423057556,0.4199801981449127,-0.0406606085598468,0.6697546243667603,0.3756231665611267,-0.0464017018675804,0.661652684211731,0.5815107226371765,-0.0349144898355007,0.7209961414337158,0.5291402339935303,-0.0345667153596878,0.7236534953117371,0.5690281987190247,-0.0232591293752193,0.710008978843689,0.5947906374931335,-0.018472671508789,0.6950677037239075,0.6049250364303589,-0.0447785705327987,0.7491140365600586,0.5590107440948486,-0.0393557548522949,0.74489825963974,0.5948293209075928,-0.0210529323667287,0.7299840450286865,0.6197438836097717,-0.0134871825575828,0.7268677949905396,0.630853533744812,-0.0525329262018203,0.7638823986053467,0.5930870175361633,-0.0435338467359542,0.7565653324127197,0.6233344674110413,-0.0258729644119739,0.7426015138626099,0.6455314755439758,-0.0160609241575002,Pointing_Left
509171772433875_.pic_thumb.jpg,0.1612419337034225,0.5221554040908813,-2.9115693678249954e-07,0.310246080160141,0.487448126077652,-0.0186887271702289,0.4054975509643554,0.4256846904754638,-0.0340107269585132,0.4708388447761535,0.3785992264747619,-0.0480360314249992,0.5367754101753235,0.3570081889629364,-0.0608139783143997,0.2735832631587982,0.3056565523147583,-0.0335585437715053,0.3391144871711731,0.3395710587501526,-0.0521718077361583,0.3479771912097931,0.3794146776199341,-0.0783901959657669,0.3283941745758056,0.3973393738269806,-0.0991298854351043,0.1816980689764022,0.3131484091281891,-0.0365627445280551,0.2509458363056183,0.3437565565109253,-0.037756398320198,0.2629403173923492,0.3742995262145996,-0.0503604933619499,0.2423397600650787,0.3903367519378662,-0.0711582005023956,0.111790582537651,0.3418275415897369,-0.0391640402376651,0.172831505537033,0.3564263582229614,-0.045703250914812,0.1886686533689499,0.3818503320217132,-0.0476679243147373,0.1750484406948089,0.3970345854759216,-0.0572005622088909,0.0606520473957061,0.3732903301715851,-0.0427305251359939,0.110590636730194,0.3855974078178406,-0.0461935587227344,0.1291079372167587,0.4094506502151489,-0.0364988148212432,0.1250617802143097,0.4259547591209411,-0.032957199960947,Pointing_Right
IMG_9814.JPG,0.7061009407043457,0.7502842545509338,8.235497972464145e-08,0.6675828695297241,0.7661702632904053,-0.0095865009352564,0.6442922353744507,0.8046520948410034,-0.0100991800427436,0.6409281492233276,0.8495197892189026,-0.0111984694376587,0.654593825340271,0.8744746446609497,-0.0121734840795397,0.6432756781578064,0.8338165283203125,0.008981542661786,0.628406286239624,0.8704227209091187,0.0037316035013645,0.6237478256225586,0.8968863487243652,-0.0021550920791924,0.6197789311408997,0.9182722568511964,-0.0070308134891092,0.6616507768630981,0.8469414710998535,0.0075030154548585,0.6502842903137207,0.8881048560142517,-0.0041271732188761,0.6546087861061096,0.8766143321990967,-0.0119730988517403,0.6596023440361023,0.8605435490608215,-0.0136431865394115,0.6828051805496216,0.8503015637397766,0.0040155411697924,0.6783689260482788,0.8883749842643738,-0.0116786221042275,0.6823660135269165,0.8582600951194763,-0.0158986393362283,0.6857972741127014,0.8310927152633667,-0.0132834445685148,0.7061935663223267,0.8457309603691101,-0.0001618223031982,0.701187789440155,0.8760197758674622,-0.0122254723682999,0.7017165422439575,0.8561615943908691,-0.0131467776373028,0.7025741934776306,0.8327485918998718,-0.0106526250019669,Pointing_Right
IMG_9852.JPG,0.7787308692932129,0.5373822450637817,-5.382744916460069e-07,0.7136844992637634,0.5997904539108276,0.0047677257098257,0.6543282270431519,0.634437084197998,-0.0035282084718346,0.6090725064277649,0.6742836236953735,-0.0146376779302954,0.5876865983009338,0.7291406393051147,-0.0260542891919612,0.6085151433944702,0.5327045321464539,-0.010502110235393,0.5587803721427917,0.5341723561286926,-0.0087525462731719,0.5773956179618835,0.5622371435165405,-0.0047657825052738,0.6010868549346924,0.5746589303016663,-0.0030199061147868,0.6173629760742188,0.4783298969268799,-0.0158670451492071,0.5663089752197266,0.4932812750339508,-0.008012848906219,0.581020712852478,0.523003876209259,-0.0011714160209521,0.6045403480529785,0.5309349894523621,-0.0011114354711025,0.6370737552642822,0.4370308816432953,-0.0186802074313163,0.5854844450950623,0.4561719298362732,-0.0076461276039481,0.5982446670532227,0.4836716949939728,0.0022590020671486,0.621555507183075,0.4965910911560058,0.0031041279435157,0.659689724445343,0.4051778316497803,-0.0214739646762609,0.6226531863212585,0.4229603409767151,-0.0084514264017343,0.629650354385376,0.4496621489524841,0.0045507801696658,0.6462985873222351,0.4630709588527679,0.0109309656545519,Pointing_Right
IMG_9815.JPG,0.7111550569534302,0.7666984796524048,7.64907284178662e-08,0.6721600890159607,0.7832371592521667,-0.0099903065711259,0.6486133337020874,0.8229371905326843,-0.010366691276431,0.6456810235977173,0.8698242902755737,-0.0115476874634623,0.6625303626060486,0.8954319953918457,-0.0125427264720201,0.6466591358184814,0.860779881477356,0.0123569350689649,0.6334306001663208,0.899407148361206,0.0074480944313108,0.6298253536224365,0.9271216988563538,0.0011532234493643,0.6274988651275635,0.9500927925109864,-0.0040885633789002,0.6659306883811951,0.8725985288619995,0.0108923017978668,0.6549732685089111,0.91624915599823,-0.0006899186992086,0.6599583029747009,0.8991578221321106,-0.0087636625394225,0.6656389236450195,0.8794479966163635,-0.0102365929633378,0.6877323985099792,0.8745226860046387,0.0071300682611763,0.6842133402824402,0.9120022058486938,-0.0085835782811045,0.6873277425765991,0.8803204894065857,-0.0127544580027461,0.6907046437263489,0.8542822599411011,-0.0099062398076057,0.7123573422431946,0.8690832257270813,0.0025300686247646,0.7074379920959473,0.9000165462493896,-0.0092466035857796,0.7073157429695129,0.878278374671936,-0.0096859643235802,0.7081164717674255,0.8546394109725952,-0.0067790257744491,Pointing_Right
508621772433817_.pic.jpg,0.4871918261051178,0.8357024788856506,-6.760297424079909e-07,0.6383845806121826,0.7457422018051147,0.0355733633041381,0.7142403721809387,0.6554722189903259,0.0460233353078365,0.7838877439498901,0.5883733630180359,0.048667062073946,0.8622362613677979,0.5660027265548706,0.0497043542563915,0.5644158124923706,0.5139655470848083,0.0218204334378242,0.6143310070037842,0.5216098427772522,0.0346071831882,0.6247391104698181,0.571283757686615,0.0283605214208364,0.6157649755477905,0.6087875366210938,0.0209926534444093,0.4438942372798919,0.5236951112747192,0.0031059470493346,0.5035140514373779,0.5339508652687073,0.0405543558299541,0.5148051381111145,0.5766837000846863,0.0440737307071685,0.5048884153366089,0.6139234304428101,0.0315571352839469,0.3492349684238434,0.5614204406738281,-0.0091289114207029,0.3959671258926391,0.5611221790313721,0.0198216196149587,0.4184688925743103,0.5980042219161987,0.0241680294275283,0.4183554053306579,0.634283185005188,0.0138741517439484,0.2732539474964142,0.6064755916595459,-0.0179553031921386,0.3153261244297027,0.6003440022468567,0.0034870712552219,0.3451105952262878,0.6335153579711914,0.0241419170051813,0.3556927740573883,0.6660528779029846,0.0350428000092506,Pointing_Right
IMG_9789.JPG,0.8648040294647217,0.5351285934448242,-4.093956533779419e-07,0.8052324056625366,0.6197880506515503,-0.0074701248668134,0.7464975714683533,0.6815831065177917,-0.0271528903394937,0.6961564421653748,0.7432677745819092,-0.0448773503303527,0.6787080764770508,0.811190128326416,-0.060636255890131,0.7126345038414001,0.6055145263671875,-0.0530189201235771,0.6419142484664917,0.6019973158836365,-0.0557343512773513,0.66910719871521,0.5985652208328247,-0.044023759663105,0.6988540887832642,0.5988394618034363,-0.0354737304151058,0.712039589881897,0.5326008796691895,-0.0536878518760204,0.6407516598701477,0.5403763055801392,-0.0496400631964206,0.6641519069671631,0.5474836230278015,-0.0364192500710487,0.68992680311203,0.5481334328651428,-0.0327457338571548,0.7168874740600586,0.4695853590965271,-0.0503461435437202,0.6460113525390625,0.4871091842651367,-0.0425066836178302,0.668696403503418,0.4949755668640136,-0.027874119579792,0.6962433457374573,0.4972696006298065,-0.0250461511313915,0.7239423990249634,0.4201458692550659,-0.047085765749216,0.6674547791481018,0.4396548569202423,-0.0400269217789173,0.6847389936447144,0.4535326659679413,-0.026759622618556,0.707453727722168,0.4570678770542145,-0.0203919112682342,Pointing_Right
IMG_9694.JPG,0.7624198794364929,0.7399329543113708,3.7418161014102225e-07,0.6867675185203552,0.7240011096000671,-0.0356569401919841,0.6380398869514465,0.6710182428359985,-0.0579293258488178,0.604647696018219,0.6076661348342896,-0.070189855992794,0.5766564607620239,0.558358907699585,-0.0821301713585853,0.685364305973053,0.5853244662284851,-0.0774218216538429,0.6709527969360352,0.4739411771297455,-0.0961636751890182,0.6609059572219849,0.4094464778900146,-0.103042222559452,0.6558204293251038,0.3577515184879303,-0.1056181415915489,0.7260875105857849,0.5681066513061523,-0.0594994835555553,0.7126545310020447,0.4496347904205322,-0.080644890666008,0.7019631266593933,0.3778575658798218,-0.0876041874289512,0.6952570676803589,0.3231444358825683,-0.0907674431800842,0.7557789087295532,0.5659077763557434,-0.039472047239542,0.7466811537742615,0.460815817117691,-0.0548826679587364,0.7397275567054749,0.3954676985740661,-0.0633857175707817,0.7329371571540833,0.3482208549976349,-0.0669258907437324,0.7751164436340332,0.5680302381515503,-0.0198518969118595,0.767246663570404,0.4897363185882568,-0.0264776777476072,0.7616733312606812,0.4403376877307892,-0.0294635668396949,0.7564820051193237,0.4015476703643799,-0.0306270401924848,Pointing_Left
509051772433860_.pic.jpg,0.40106001496315,0.8313910961151123,-1.9668954109874906e-07,0.5606675148010254,0.7628378868103027,-0.0240962859243154,0.6509740948677063,0.6868689656257629,-0.0418358445167541,0.7135921716690063,0.6233646273612976,-0.0566802211105823,0.7804090976715088,0.5962247848510742,-0.0685508921742439,0.4811206459999084,0.575129508972168,-0.0398654229938983,0.5808781385421753,0.5744113326072693,-0.0547615066170692,0.6039382815361023,0.6224583387374878,-0.0734326243400573,0.5881111025810242,0.6533641815185547,-0.0880759060382843,0.3834694623947143,0.5830150842666626,-0.0366350151598453,0.4853005409240722,0.5915993452072144,-0.038857813924551,0.5040014386177063,0.6317592263221741,-0.0467641688883304,0.4823070168495178,0.658926784992218,-0.0626339763402938,0.3142620325088501,0.6132329106330872,-0.0329055972397327,0.4017314612865448,0.613602876663208,-0.0357117280364036,0.4191529154777527,0.6436577439308167,-0.032519157975912,0.401338517665863,0.6702591180801392,-0.0384382605552673,0.2649386525154114,0.6465680003166199,-0.0309481658041477,0.3334275484085083,0.6424331665039062,-0.032476857304573,0.3545968532562256,0.6678879261016846,-0.0216638725250959,0.3493807315826416,0.6916382312774658,-0.0162082370370626,Pointing_Right
IMG_9667.JPG,0.7372892498970032,0.9018627405166626,-4.9937096235908036e-08,0.6955087780952454,0.8153050541877747,0.0141789093613624,0.6942917108535767,0.7184961438179016,0.0091293593868613,0.7194733023643494,0.6517720818519592,0.001085075433366,0.752171516418457,0.6153495907783508,-0.0062245340086519,0.6668055057525635,0.6753139495849609,-0.0224751885980367,0.6877445578575134,0.5667519569396973,-0.0402293018996715,0.706615686416626,0.5023192167282104,-0.0488445088267326,0.7198445796966553,0.4512079656124115,-0.0549551658332347,0.6981096863746643,0.6880044341087341,-0.0388227477669715,0.7674976587295532,0.6008344888687134,-0.0538687482476234,0.7773183584213257,0.6460086703300476,-0.0475835539400577,0.761445939540863,0.6825944781303406,-0.0412588156759738,0.7390665411949158,0.7117215394973755,-0.0526668727397918,0.802935004234314,0.6343326568603516,-0.0601342767477035,0.8062894940376282,0.6786023378372192,-0.0398680008947849,0.7903653383255005,0.7129620313644409,-0.0259426180273294,0.7786030173301697,0.739596962928772,-0.0657725557684898,0.8272871971130371,0.6815217733383179,-0.0654608532786369,0.8262593746185303,0.718566358089447,-0.0477460250258445,0.8110970854759216,0.7479754686355591,-0.0350871905684471,Pointing_Left
IMG_9805.JPG,0.8558823466300964,0.6142889857292175,1.1385031228883237e-07,0.8020475506782532,0.6085602045059204,-0.0238162837922573,0.7562549114227295,0.639053225517273,-0.0427599847316741,0.7369270920753479,0.6758312582969666,-0.0633734017610549,0.7593160271644592,0.7163129448890686,-0.0850448906421661,0.7354105710983276,0.7697736620903015,-0.0302378926426172,0.7268333435058594,0.8648703694343567,-0.0626814290881156,0.7226795554161072,0.9246540069580078,-0.0863381773233413,0.7222059965133667,0.9767918586730956,-0.102756068110466,0.7768130898475647,0.7820444107055664,-0.0390661172568798,0.7638771533966064,0.824207603931427,-0.0842174738645553,0.7752195000648499,0.7528048157691956,-0.1024633944034576,0.7834522724151611,0.7046529650688171,-0.1068688258528709,0.8210175633430481,0.7804734706878662,-0.0507110618054866,0.8191770315170288,0.8064598441123962,-0.0960328206419944,0.820789635181427,0.7274454236030579,-0.0984707251191139,0.8200047016143799,0.674058735370636,-0.0899499878287315,0.864571213722229,0.7701810598373413,-0.0641522258520126,0.8607597947120667,0.7979916334152222,-0.0946560725569725,0.8562556505203247,0.743341863155365,-0.0927894562482833,0.8500491976737976,0.7007386684417725,-0.085488885641098,Pointing_Right
508371772433792_.pic_thumb.jpg,1.0110288858413696,0.8288677334785461,-8.887083708941645e-07,0.8895125985145569,0.6948808431625366,0.0098884804174304,0.6996459364891052,0.6259534358978271,-0.0125291617587208,0.5235548615455627,0.6333553791046143,-0.0444678477942943,0.4087381958961487,0.6654671430587769,-0.0815541967749595,0.6430082321166992,0.535510241985321,-0.0344657450914382,0.3910287618637085,0.5510079264640808,-0.0672931596636772,0.2516674995422363,0.5707985162734985,-0.0999989062547683,0.1434840559959411,0.5745221376419067,-0.1308217346668243,0.6285704970359802,0.589484691619873,-0.0695153251290321,0.4388665854930877,0.7017962336540222,-0.0897810831665992,0.5216071605682373,0.7425863742828369,-0.0986067578196525,0.5976196527481079,0.7277041077613831,-0.1163802072405815,0.6279047727584839,0.672500729560852,-0.101050429046154,0.4859815835952759,0.7940129637718201,-0.1103700622916221,0.5714586973190308,0.8142710328102112,-0.0992874428629875,0.6359521746635437,0.7816013097763062,-0.1066430732607841,0.6281702518463135,0.7614609003067017,-0.1351490318775177,0.5388914346694946,0.8547650575637817,-0.1537766307592392,0.604448676109314,0.872355580329895,-0.141788825392723,0.6573362350463867,0.8523090481758118,-0.1355916708707809,Pointing_Left
508211772433777_.pic.jpg,0.944377303123474,0.7456387877464294,-7.379699695775344e-07,0.8535308837890625,0.646967887878418,0.0289619900286197,0.7273687124252319,0.5991833806037903,0.0209953673183918,0.619107186794281,0.60008305311203,0.0004759830480907,0.5421882271766663,0.6213153600692749,-0.0253375880420207,0.6471724510192871,0.5239602327346802,0.0022844581399112,0.4596965909004211,0.5426771640777588,-0.0155845433473587,0.3560369610786438,0.5569379925727844,-0.0389649122953414,0.2793730795383453,0.5590250492095947,-0.0623281821608543,0.6281763315200806,0.5568837523460388,-0.0334150083363056,0.4911506474018097,0.6574234962463379,-0.043440818786621,0.5540165901184082,0.6891366243362427,-0.0514051839709281,0.6137105226516724,0.67561936378479,-0.0659399628639221,0.6232565641403198,0.6132251620292664,-0.0652890726923942,0.525824785232544,0.7223429679870605,-0.0645824894309043,0.5951701998710632,0.7371131181716919,-0.0568600110709667,0.6492206454277039,0.7086998820304871,-0.0648639276623725,0.6237634420394897,0.6752554178237915,-0.098489798605442,0.5641524791717529,0.7564742565155029,-0.1103567257523536,0.623117208480835,0.7714617848396301,-0.1032915934920311,0.6692892909049988,0.7517514228820801,-0.0998457893729209,Pointing_Left
IMG_9535.JPG,0.9727100133895874,0.968838095664978,-4.533239916781895e-07,0.8894355297088623,0.9406450986862184,0.0051716123707592,0.8386869430541992,0.870151937007904,0.012707345187664,0.8190173506736755,0.8134918808937073,0.0300087146461009,0.8208336234092712,0.7642605900764465,0.0470453538000583,0.8531674146652222,0.8025152087211609,-0.0503253601491451,0.8336111307144165,0.6853787899017334,-0.0473227649927139,0.8223715424537659,0.6228786706924438,-0.0459303222596645,0.8128513097763062,0.5714141130447388,-0.0460262708365917,0.9003760814666748,0.7841702699661255,-0.032572541385889,0.8653503656387329,0.7312363982200623,0.000311234005494,0.8631066083908081,0.766323983669281,0.0290585495531559,0.8659483790397644,0.7984935641288757,0.0381299704313278,0.9402300119400024,0.7745292782783508,-0.0097445445135235,0.895779550075531,0.7385103702545166,0.0285467747598886,0.8967308402061462,0.7742003798484802,0.0486060492694377,0.9021489024162292,0.8014631867408752,0.0482335835695266,0.967900276184082,0.7655196785926819,0.0143713392317295,0.9276384711265564,0.7501735091209412,0.0434763506054878,0.922074556350708,0.7787871360778809,0.0558892078697681,0.9241908192634584,0.8034153580665588,0.0569951981306076,Pointing_Left
IMG_9760.JPG,0.8572044372558594,0.5318078398704529,-5.069261987955542e-07,0.7955671548843384,0.6196088790893555,-0.0303230844438076,0.7315598726272583,0.686388373374939,-0.0668732374906539,0.6791151165962219,0.75863116979599,-0.095528244972229,0.662618100643158,0.840918779373169,-0.1210142448544502,0.7219911217689514,0.5320398807525635,-0.1039123982191085,0.5989710092544556,0.5906326174736023,-0.119171604514122,0.6323210597038269,0.6141571998596191,-0.1115216240286827,0.6702792644500732,0.6064896583557129,-0.1049651131033897,0.7168007493019104,0.4497280120849609,-0.0939173474907875,0.5937796235084534,0.5274352431297302,-0.1046932712197303,0.6218792796134949,0.5578343272209167,-0.0911956503987312,0.6536747217178345,0.549040675163269,-0.0867810994386673,0.7130215167999268,0.3921008706092834,-0.078980803489685,0.5983453989028931,0.4689478576183319,-0.0802213102579116,0.6237325668334961,0.4961801767349243,-0.0620267242193222,0.6557888388633728,0.4885527789592743,-0.0569396652281284,0.7069963812828064,0.3574282824993133,-0.0655601248145103,0.6268852353096008,0.4160857498645782,-0.0679274797439575,0.6463961005210876,0.4444420337677002,-0.0567569881677627,0.6738420724868774,0.4403843283653259,-0.0512398034334182,Pointing_Right
509131772433870_.pic_thumb.jpg,0.2837700247764587,0.7120326161384583,-2.615176697418065e-07,0.4232038259506225,0.6686279773712158,-0.0267928596585989,0.5056770443916321,0.6088409423828125,-0.0478981807827949,0.5640579462051392,0.5597895383834839,-0.0673611089587211,0.6226670742034912,0.5304162502288818,-0.0855388343334198,0.3686947524547577,0.5002021789550781,-0.0456417463719844,0.439837247133255,0.521196186542511,-0.0768250599503517,0.4544277191162109,0.5628317594528198,-0.1095186099410057,0.4375692307949066,0.585866391658783,-0.1330351680517196,0.2836676239967346,0.5091423392295837,-0.048113964498043,0.3664708435535431,0.5285714268684387,-0.0646100342273712,0.3799519836902618,0.5620278716087341,-0.0806135833263397,0.3575804531574249,0.5834639668464661,-0.1001092940568924,0.2196858674287796,0.5365452766418457,-0.0517970509827137,0.2920113503932953,0.5444093346595764,-0.0704578384757042,0.307861328125,0.5720654726028442,-0.0721930414438247,0.2921545207500458,0.5910363793373108,-0.0785906389355659,0.1706813871860504,0.5669518709182739,-0.0574290715157985,0.2260216176509857,0.5768848657608032,-0.0727142021059989,0.2453851550817489,0.6017962694168091,-0.0668796822428703,0.2400087267160415,0.6197313070297241,-0.0635739639401435,Pointing_Right
508701772433825_.pic.jpg,0.2557748854160309,1.005913019180298,-5.824492177453067e-07,0.4394716024398803,0.8800353407859802,0.0219851359724998,0.536068856716156,0.7566858530044556,0.0287682022899389,0.6039286851882935,0.6627314686775208,0.0311964266002178,0.6727765798568726,0.6078174114227295,0.0351676233112812,0.3349050283432007,0.6094508171081543,0.0087567400187253,0.3972448706626892,0.6128832697868347,0.0166523214429616,0.4169686138629913,0.6783711314201355,0.0068865143693983,0.4056412577629089,0.7228142023086548,-0.0034462159965187,0.1972742825746536,0.6350027322769165,-0.0071427095681428,0.2783674299716949,0.6406341791152954,0.0254241451621055,0.3006985187530517,0.6924997568130493,0.0247093308717012,0.2829756140708923,0.7337536811828613,0.0057808021083474,0.0927966237068176,0.6899375319480896,-0.0174221638590097,0.1641929745674133,0.6834226846694946,0.0078012463636696,0.19231978058815,0.7266149520874023,0.0167138744145631,0.1830514669418335,0.7684313058853149,0.0066418591886758,0.0110010504722595,0.7485121488571167,-0.0254276283085346,0.0678473711013794,0.732082188129425,-0.0070623592473566,0.099736139178276,0.7693393230438232,0.0194068420678377,0.1026230007410049,0.8063206672668457,0.0337949953973293,Pointing_Right
509101772433866_.pic_thumb.jpg,0.1768801808357238,0.7023605108261108,8.155321751246447e-08,0.3341901898384094,0.651315450668335,-0.042788065969944,0.4203498065471649,0.5708500146865845,-0.0569160841405391,0.4839079976081848,0.509799063205719,-0.0641792193055152,0.5485978722572327,0.4767597913742065,-0.0655485019087791,0.238664299249649,0.4884856641292572,-0.0234477538615465,0.3544363975524902,0.494371235370636,-0.0480015836656093,0.3828326761722564,0.5343851447105408,-0.0748876705765724,0.3698820769786834,0.5548235177993774,-0.0930218398571014,0.1697562336921692,0.4928276538848877,-0.0080499090254306,0.2932287454605102,0.4972485899925232,-0.0256177838891744,0.3192830383777618,0.5322672724723816,-0.046196412295103,0.2996168136596679,0.5530834794044495,-0.0648965835571289,0.1306357979774475,0.5127211213111877,0.0028267970774322,0.236904039978981,0.5090378522872925,-0.0139629319310188,0.2641764283180237,0.5369159579277039,-0.0217842031270265,0.2504854202270508,0.5580296516418457,-0.0283600036054849,0.1084030419588089,0.5340954661369324,0.0104253767058253,0.1847086697816848,0.5258397459983826,-0.0012303757248446,0.2044848203659057,0.5456588268280029,-0.0015587855596095,0.1946191489696502,0.5636616945266724,-0.0014313155552372,Pointing_Right
508821772433837_.pic.jpg,0.3936444818973541,0.9088889360427856,-5.531033480110636e-07,0.566620409488678,0.7902017831802368,0.0213558170944452,0.6542326807975769,0.6792118549346924,0.0247551184147596,0.7182084321975708,0.5869063138961792,0.0256586652249097,0.7887709140777588,0.5486107468605042,0.0291416496038436,0.4750902056694031,0.5406419634819031,-0.0058364961296319,0.5439370274543762,0.5307247042655945,0.0072119263932108,0.5619058012962341,0.5981422662734985,0.0058808233588933,0.5493587255477905,0.6450702548027039,0.0016002284828573,0.3437739014625549,0.5618136525154114,-0.0166324023157358,0.4321713149547577,0.5557131767272949,0.024241529405117,0.4561489224433899,0.6068870425224304,0.0338495932519435,0.4443385004997253,0.6472344398498535,0.0203080810606479,0.2455976605415344,0.6091265082359314,-0.0205482542514801,0.3267377614974975,0.6008923053741455,0.0141616482287645,0.3536101579666137,0.6428885459899902,0.0274769701063632,0.3407538831233978,0.6844805479049683,0.0178996119648218,0.1713215708732605,0.6587311625480652,-0.022512562572956,0.2390065193176269,0.6447585821151733,0.0052579729817807,0.270733505487442,0.6779752373695374,0.0316811427474021,0.2714804410934448,0.7138780355453491,0.0436193458735942,Pointing_Right
508971772433852_.pic.jpg,0.6529622673988342,0.3910815119743347,-3.369962087163003e-07,0.7626959085464478,0.3657394051551819,0.0170305594801902,0.8335531949996948,0.3290264308452606,0.0278647653758525,0.8905761241912842,0.3000790476799011,0.0353720337152481,0.9411391615867616,0.2954040169715881,0.0421749465167522,0.7496521472930908,0.2110722512006759,0.0263829492032527,0.7513666152954102,0.2285499423742294,0.0484572276473045,0.7496453523635864,0.2627269923686981,0.0508364662528038,0.7429176568984985,0.2847224175930023,0.0479585565626621,0.6689766049385071,0.2119988799095153,0.0187011118978261,0.67774498462677,0.2358347475528717,0.0563940964639186,0.6804143786430359,0.2653589248657226,0.0553628839552402,0.6766541004180908,0.2854482233524322,0.0407852791249752,0.601780116558075,0.2323571443557739,0.0151167968288064,0.6132076978683472,0.2505708634853363,0.0423702895641326,0.624689519405365,0.2758529782295227,0.0381877794861793,0.6244736313819885,0.2955195605754852,0.0233827773481607,0.5480418801307678,0.2556534707546234,0.0131655521690845,0.5612972378730774,0.2721372246742248,0.0333163551986217,0.5758390426635742,0.2946802675724029,0.0433074049651622,0.5802834033966064,0.3116309642791748,0.0452937632799148,Pointing_Right
IMG_9753.JPG,0.972444236278534,0.528182327747345,-6.184789071994601e-07,0.8963695764541626,0.6278076767921448,-0.028788486495614,0.819572389125824,0.6951187252998352,-0.0574492253363132,0.7639312744140625,0.7591614723205566,-0.0800994113087654,0.7410139441490173,0.8342375159263611,-0.1001368686556816,0.7766735553741455,0.5054959654808044,-0.0671183690428733,0.6945714950561523,0.586074709892273,-0.0685942098498344,0.7258501648902893,0.6133621335029602,-0.0611889287829399,0.7573357820510864,0.6089453101158142,-0.0579966641962528,0.780727744102478,0.4255868196487427,-0.0554931685328483,0.6959577202796936,0.5236301422119141,-0.0573972910642623,0.7217820882797241,0.5610882639884949,-0.0507773496210575,0.7532007694244385,0.5592010021209717,-0.0518194176256656,0.7940482497215271,0.3776488304138183,-0.0399053059518337,0.718597412109375,0.4703444838523865,-0.0363280847668647,0.7394896745681763,0.5090382099151611,-0.0272312890738248,0.7698795199394226,0.5177941918373108,-0.0278321374207735,0.8097418546676636,0.3540967106819153,-0.0262125674635171,0.7562329769134521,0.4172320961952209,-0.0237496960908174,0.771057665348053,0.4561121761798858,-0.0153871160000562,0.7915620803833008,0.4703089296817779,-0.0114554287865757,Pointing_Right
IMG_9817.JPG,0.7459718585014343,0.6445478796958923,5.853083706597318e-08,0.7094640135765076,0.6550820469856262,-0.0138282785192132,0.6843551993370056,0.6962981224060059,-0.0209183972328901,0.6939204931259155,0.7391233444213867,-0.0282883867621421,0.7146843075752258,0.7657583355903625,-0.0358758494257926,0.6859755516052246,0.7726402282714844,-0.0082779191434383,0.678905725479126,0.8345077037811279,-0.0237796679139137,0.6799085140228271,0.8768952488899231,-0.0352657660841941,0.6818521618843079,0.9102518558502196,-0.0436610504984855,0.7145305275917053,0.7770830988883972,-0.0123348534107208,0.7129310965538025,0.8306048512458801,-0.0367129407823085,0.7190428972244263,0.7916456460952759,-0.0476783104240894,0.7198536396026611,0.7565027475357056,-0.0494055896997451,0.7424260377883911,0.7698330879211426,-0.0181904509663581,0.745895266532898,0.8084505200386047,-0.0448711775243282,0.7445988059043884,0.7619137763977051,-0.0469448007643222,0.7400930523872375,0.7265722751617432,-0.0409407280385494,0.7695817947387695,0.7540324926376343,-0.024825295433402,0.7696261405944824,0.7862151861190796,-0.043620478361845,0.7647935152053833,0.7526420950889587,-0.0420295894145965,0.7585306167602539,0.723852276802063,-0.0363904982805252,Pointing_Right
IMG_9766.JPG,0.790173351764679,0.539103090763092,5.969052097043459e-08,0.7340762615203857,0.529468834400177,-0.0271717999130487,0.681932806968689,0.5505444407463074,-0.0502099469304084,0.6602025032043457,0.5873717069625854,-0.0737802535295486,0.6912975907325745,0.6205993890762329,-0.0964310690760612,0.6595812439918518,0.6893677115440369,-0.0438859835267066,0.6394311785697937,0.7816638946533203,-0.08118786662817,0.6316252946853638,0.8444572687149048,-0.1071311682462692,0.6290575265884399,0.901971697807312,-0.125093013048172,0.7045344114303589,0.711219072341919,-0.0508753359317779,0.6983877420425415,0.7227708697319031,-0.0999010428786277,0.7131462097167969,0.6455914378166199,-0.1142587140202522,0.7220847010612488,0.5960404872894287,-0.1158901900053024,0.7479329705238342,0.7137763500213623,-0.0606107674539089,0.7458720207214355,0.7028393745422363,-0.1034759953618049,0.748972475528717,0.628166675567627,-0.0999864563345909,0.7491670250892639,0.5830304622650146,-0.0887640640139579,0.7877583503723145,0.7054717540740967,-0.0734868645668029,0.7833721041679382,0.6891413927078247,-0.100439541041851,0.7815033197402954,0.6339377760887146,-0.0968445241451263,0.7754096984863281,0.5992023944854736,-0.0886870548129081,Pointing_Right
508301772433786_.pic.jpg,1.090632677078247,0.896876871585846,-1.1732444136214326e-06,0.9660826921463012,0.7857430577278137,0.0022696161177009,0.7900379300117493,0.7154227495193481,-0.0159220229834318,0.6244478821754456,0.6962481737136841,-0.0418865829706192,0.5096052885055542,0.7037937641143799,-0.071060873568058,0.7269015312194824,0.597675085067749,-0.029847864061594,0.4939540028572082,0.6140589118003845,-0.0651030167937278,0.3649129271507263,0.6236177682876587,-0.097782053053379,0.2700329422950744,0.6088775992393494,-0.1296123564243316,0.7292085886001587,0.628524899482727,-0.0643801912665367,0.5358637571334839,0.7696174383163452,-0.0883358120918273,0.6124697327613831,0.8180179595947266,-0.0976117029786109,0.6910605430603027,0.8059842586517334,-0.114945039153099,0.7431660294532776,0.6968357563018799,-0.0991826355457305,0.5893377065658569,0.8486431837081909,-0.1126997768878936,0.6739614009857178,0.8835688829421997,-0.0992765799164772,0.7432095408439636,0.8539890646934509,-0.1045637801289558,0.7598602771759033,0.780185341835022,-0.138788491487503,0.6413570046424866,0.8974882364273071,-0.165452092885971,0.7061400413513184,0.922537088394165,-0.1599750220775604,0.7671082019805908,0.9036688804626464,-0.1567185670137405,Pointing_Left
509341772433898_.pic_thumb.jpg,0.4270822405815124,0.7869797348976135,-5.20230116762832e-07,0.6030048131942749,0.7372946739196777,-0.0093310670927166,0.7123312950134277,0.6509101986885071,-0.0184590816497802,0.7866649031639099,0.5783821940422058,-0.0258179269731044,0.8659452199935913,0.5610256195068359,-0.0313199274241924,0.5687599182128906,0.502780020236969,-0.0317403003573417,0.6361910104751587,0.5254318714141846,-0.043355006724596,0.642738938331604,0.5849806666374207,-0.0616325549781322,0.6169065237045288,0.6231500506401062,-0.0756537616252899,0.4617110788822174,0.5038983821868896,-0.0345277152955532,0.543912410736084,0.5332825183868408,-0.0261407252401113,0.5538462400436401,0.581456184387207,-0.0335673131048679,0.5264849662780762,0.6128498315811157,-0.051125168800354,0.3788653314113617,0.5306904911994934,-0.0342683792114257,0.4529374539852142,0.5527604222297668,-0.0301393698900938,0.4678113758563995,0.5928696393966675,-0.0290528014302253,0.4482463896274566,0.6225911974906921,-0.0384244509041309,0.3130794167518616,0.5632010698318481,-0.0340081937611103,0.370532751083374,0.5759372711181641,-0.0329110473394393,0.3877521455287933,0.6112254858016968,-0.0201667584478855,0.3770499527454376,0.6393998861312866,-0.0129984952509403,Pointing_Right
509251772433886_.pic_thumb.jpg,0.1917176395654678,0.8237711191177368,1.8467678941647137e-08,0.3499659597873688,0.7409968376159668,-0.0440828762948513,0.4372353553771972,0.6361557245254517,-0.0664595365524292,0.5062699317932129,0.5648855566978455,-0.0816261544823646,0.5877591371536255,0.5334846377372742,-0.0915118306875228,0.2131627053022384,0.5502995848655701,-0.0487675406038761,0.343849241733551,0.5478087067604065,-0.074759617447853,0.381042867898941,0.5942918062210083,-0.1038674041628837,0.3681467473506927,0.626250684261322,-0.1258598715066909,0.12202949821949,0.575751781463623,-0.038558080792427,0.2621968388557434,0.5723722577095032,-0.0487773492932319,0.2975431978702545,0.6053016781806946,-0.0652404502034187,0.2800637185573578,0.6319555044174194,-0.0870122238993644,0.0700504779815673,0.6190536022186279,-0.0309605132788419,0.1877501308917999,0.6061817407608032,-0.0429693385958671,0.2236482352018356,0.6316978931427002,-0.0469633042812347,0.2141737043857574,0.6559420824050903,-0.056012962013483,0.0390383452177047,0.66424560546875,-0.0266806483268737,0.1336585879325866,0.6517181992530823,-0.0342888310551643,0.1671764254570007,0.6712695360183716,-0.0287269335240125,0.1653303503990173,0.6920743584632874,-0.0271089673042297,Pointing_Right
IMG_9752.JPG,0.9846868515014648,0.5073699355125427,-6.206900025063078e-07,0.9093384742736816,0.6078141927719116,-0.0444519855082035,0.8300281763076782,0.6794102191925049,-0.0769590362906456,0.776578962802887,0.7473892569541931,-0.0988618731498718,0.7582550048828125,0.8230456113815308,-0.1169052273035049,0.7825107574462891,0.4592085480690002,-0.0865134745836258,0.704485297203064,0.5627790093421936,-0.0825012624263763,0.7443965077400208,0.5954595804214478,-0.0692989081144332,0.7784761190414429,0.5884050130844116,-0.0630537420511245,0.7905847430229187,0.3863449394702911,-0.0650216490030288,0.7128931283950806,0.5003011226654053,-0.0636331140995025,0.7442218065261841,0.5409281253814697,-0.0546074174344539,0.77846759557724,0.5407963991165161,-0.0545993782579898,0.8081583976745605,0.3494431376457214,-0.0391925610601902,0.7385230660438538,0.4475980699062347,-0.0325256548821926,0.7620437145233154,0.4870166182518005,-0.0238307155668735,0.794758141040802,0.4982584118843078,-0.025212999433279,0.8270320296287537,0.3362327814102173,-0.0164909083396196,0.7765551805496216,0.39577716588974,-0.0142368618398904,0.7923418283462524,0.433262825012207,-0.008196597918868,0.8144015073776245,0.4480986893177032,-0.0054934821091592,Pointing_Right
IMG_9722.JPG,0.6406217217445374,0.7490644454956055,-3.357621949362511e-07,0.6571651697158813,0.6587297320365906,-0.0228478852659463,0.6504548788070679,0.5756143927574158,-0.0420629642903804,0.6444288492202759,0.5112492442131042,-0.0576401315629482,0.6349344849586487,0.4475964903831482,-0.0711113959550857,0.5740243792533875,0.6090553402900696,-0.0723417997360229,0.6555735468864441,0.6103397607803345,-0.1012659594416618,0.6803101897239685,0.6339414715766907,-0.1117431595921516,0.6667284369468689,0.6481691598892212,-0.1194248124957084,0.5637631416320801,0.6725872755050659,-0.0765199959278106,0.6619820594787598,0.6691581010818481,-0.1029410511255264,0.6781892776489258,0.6807904839515686,-0.1060878410935401,0.6600797772407532,0.6912642121315002,-0.113895833492279,0.5701363682746887,0.7314469218254089,-0.0802349969744682,0.657630205154419,0.7261010408401489,-0.10418401658535,0.6722779870033264,0.7286465167999268,-0.0965397283434867,0.6532043218612671,0.7304072976112366,-0.0948878303170204,0.5808157920837402,0.78150874376297,-0.0860299095511436,0.6453625559806824,0.7750167846679688,-0.1055561006069183,0.6589231491088867,0.768756628036499,-0.1037998721003532,0.6445717811584473,0.770902693271637,-0.103801317512989,Pointing_Left
508051772433762_.pic.jpg,0.9529975056648254,0.6992024779319763,-6.859236805212277e-07,0.8483145833015442,0.6192808747291565,0.0215763598680496,0.7178592681884766,0.5830295085906982,0.0078382063657045,0.5997380614280701,0.5923762321472168,-0.0181249398738145,0.5135201811790466,0.6213627457618713,-0.0490209981799125,0.6354356408119202,0.4827233850955963,0.0025616325438022,0.4460238218307495,0.5089900493621826,-0.0155036943033337,0.3471083343029022,0.5203143954277039,-0.0369808860123157,0.2741426229476928,0.5112177729606628,-0.0592933967709541,0.6288012862205505,0.5060240626335144,-0.0330863706767559,0.4929205775260925,0.6192510724067688,-0.0390156768262386,0.5632508397102356,0.653972864151001,-0.0427114628255367,0.6239564418792725,0.6402549743652344,-0.0543216578662395,0.635059654712677,0.5582740306854248,-0.067220963537693,0.532576322555542,0.6805248260498047,-0.0647236928343772,0.6109908223152161,0.7003645300865173,-0.0563116259872913,0.6664401888847351,0.6720488667488098,-0.0641060620546341,0.6423478126525879,0.619951605796814,-0.1036887094378471,0.5691843628883362,0.7123836278915405,-0.1139254346489906,0.6327290534973145,0.7283650636672974,-0.1073866263031959,0.6841897964477539,0.7095034122467041,-0.104435309767723,Pointing_Left
508981772433853_.pic.jpg,0.6404099464416504,0.4128444790840149,-4.309711414407502e-07,0.7519465684890747,0.3874727189540863,0.0166203863918781,0.8273751735687256,0.3463512063026428,0.0249659605324268,0.8856533765792847,0.3155504167079925,0.0303731337189674,0.9348105192184448,0.3112943172454834,0.0348590090870857,0.7535042762756348,0.2274642586708068,0.015279428102076,0.7574137449264526,0.2483126074075698,0.0321919545531272,0.7536218166351318,0.2836682796478271,0.0321135744452476,0.744245707988739,0.3056769967079162,0.0279060546308755,0.6713266372680664,0.2262710183858871,0.0064055072143673,0.6870183348655701,0.2551616132259369,0.0396028198301792,0.689270555973053,0.2861029505729675,0.0378467254340648,0.682280421257019,0.3066807985305786,0.0230133980512619,0.6026924848556519,0.2448575794696808,0.0022351166699081,0.6211047172546387,0.265293151140213,0.0257724002003669,0.6323508620262146,0.2911215722560882,0.020874822512269,0.6292818188667297,0.311015635728836,0.0058138812892138,0.546568751335144,0.2666308879852295,-8.62726810737513e-05,0.5672812461853027,0.2869130969047546,0.0161121785640716,0.5800403952598572,0.3109248876571655,0.0247495621442794,0.5802769064903259,0.328103244304657,0.0261588227003812,Pointing_Right
508681772433823_.pic_thumb.jpg,0.3901443779468536,0.985278844833374,-6.945217592146946e-07,0.6046527624130249,0.9015252590179444,0.0313042216002941,0.708593487739563,0.790155291557312,0.0383110120892524,0.7703219056129456,0.7009657621383667,0.0390021950006485,0.8478319644927979,0.6678255796432495,0.039624560624361,0.5605663657188416,0.6232116222381592,0.0024953859392553,0.6050956845283508,0.609568178653717,0.0071206390857696,0.6128055453300476,0.6769426465034485,-0.0020586012396961,0.5973153114318848,0.7275904417037964,-0.0101778907701373,0.4232121407985687,0.6253588199615479,-0.0155570087954401,0.4854682385921478,0.6167612671852112,0.0214997604489326,0.4964835047721863,0.6676471829414368,0.0313141532242298,0.4770839810371399,0.7101424932479858,0.0195616018027067,0.3092599213123321,0.6579205989837646,-0.0270358491688966,0.3685272932052612,0.6482987403869629,0.002984961727634,0.3863350749015808,0.6924760937690735,0.019063401967287,0.3744086921215057,0.7350360155105591,0.012801231816411,0.2167985141277313,0.7006307244300842,-0.0356112234294414,0.2677203118801117,0.6906477212905884,-0.0106957461684942,0.2920579612255096,0.7283481955528259,0.019064512103796,0.2896118462085724,0.7639341950416565,0.0344644822180271,Pointing_Right
IMG_9874.JPG,0.8270319104194641,0.508242666721344,1.0541706529920702e-07,0.7827335000038147,0.477458119392395,-0.0367466807365417,0.738349199295044,0.4644930958747864,-0.06724214553833,0.7400988340377808,0.4777850806713104,-0.0951931551098823,0.7668792605400085,0.5018521547317505,-0.1213491931557655,0.6998513340950012,0.5893847346305847,-0.0633610337972641,0.694977343082428,0.6728377938270569,-0.1142239198088646,0.6979615092277527,0.7328323721885681,-0.1479768007993698,0.7014326453208923,0.7888755798339844,-0.1691169142723083,0.7418246865272522,0.6294558644294739,-0.0665443390607833,0.7507845759391785,0.6197783946990967,-0.1199286133050918,0.7769410610198975,0.5432767271995544,-0.1318244189023971,0.7880911827087402,0.501671552658081,-0.1323569864034652,0.7846964001655579,0.6445866823196411,-0.0740484148263931,0.8018990159034729,0.6137130856513977,-0.1174181476235389,0.8146266937255859,0.5432155132293701,-0.1044853627681732,0.8146066665649414,0.5080080628395081,-0.0880762264132499,0.8234301805496216,0.6449864506721497,-0.0862017348408699,0.840118944644928,0.6205885410308838,-0.1144988089799881,0.8454839587211609,0.5671243071556091,-0.1061953380703926,0.8381794095039368,0.5390389561653137,-0.0945598632097244,Pointing_Right
508591772433814_.pic.jpg,0.4420807063579559,0.8348177671432495,-3.940154442716448e-07,0.597036600112915,0.7383073568344116,-0.0051912274211645,0.6818730235099792,0.6448432207107544,-0.0182207003235816,0.757345974445343,0.5834078788757324,-0.0310106761753559,0.8398300409317017,0.562799870967865,-0.0424880720674991,0.4977544248104095,0.5216314792633057,-0.0412811413407325,0.5807297229766846,0.5294030904769897,-0.052068568766117,0.6014528274536133,0.5819210410118103,-0.0682311356067657,0.5877181887626648,0.6174787282943726,-0.0815961137413978,0.3877849578857422,0.5402518510818481,-0.0485844574868679,0.4740296006202698,0.5404167771339417,-0.0355880595743656,0.4942651093006134,0.5796757936477661,-0.0349014401435852,0.4796130657196045,0.6114881634712219,-0.0499959923326969,0.3076294064521789,0.5819020867347717,-0.0525235086679458,0.381326675415039,0.5760935544967651,-0.0433705635368824,0.4034750461578369,0.609828770160675,-0.034846406430006,0.3938020467758178,0.6410084962844849,-0.0418043136596679,0.2480859458446502,0.6268936991691589,-0.0567381791770458,0.3040820956230163,0.6174908876419067,-0.0473746098577976,0.3322859406471252,0.6456254720687866,-0.0278907343745231,0.3351551592350006,0.6725301146507263,-0.0192288439720869,Pointing_Right
IMG_9599.JPG,0.5811454653739929,0.7498664855957031,-1.375033917838664e-07,0.526552140712738,0.7045802474021912,0.007349872495979,0.5091821551322937,0.6387740969657898,0.0067812893539667,0.5166007876396179,0.5821481943130493,0.0049051572568714,0.5368192791938782,0.5561595559120178,0.0030863799620419,0.495726466178894,0.581635594367981,-0.0149136520922183,0.496164321899414,0.4834782779216766,-0.0187971014529466,0.5010417103767395,0.4297298192977905,-0.0169244427233934,0.5065630078315735,0.3901916742324829,-0.0158506575971841,0.5290768146514893,0.5657854676246643,-0.0190448183566331,0.5480601191520691,0.5301708579063416,-0.0183348134160041,0.5532187819480896,0.5563603639602661,-0.0093844989314675,0.5523115992546082,0.5826665163040161,-0.0039911470375955,0.566403865814209,0.5660843849182129,-0.021083416417241,0.5776591897010803,0.5562110543251038,-0.0160257760435342,0.5793082118034363,0.5792838335037231,-0.006083964370191,0.5770694017410278,0.6033744215965271,-0.0019467638339847,0.5991548299789429,0.5708692669868469,-0.023066870868206,0.6031447052955627,0.5724833607673645,-0.0147201521322131,0.6036511659622192,0.5952629446983337,-0.0062218960374593,0.6015191674232483,0.6165335774421692,-0.0006379401893354,Pointing_Left
IMG_9718.JPG,0.6283864378929138,0.7979739904403687,-4.5996711151019554e-07,0.6283276081085205,0.6871848702430725,0.0129843642935156,0.6462892889976501,0.5943906903266907,0.0047847926616668,0.6582365036010742,0.5082274675369263,-0.0052243340760469,0.6502693891525269,0.4484163522720337,-0.0141505524516105,0.7178364992141724,0.5980175733566284,-0.0194977521896362,0.7714883685112,0.5906458497047424,-0.006690630223602,0.7491902709007263,0.614475667476654,0.0112773682922124,0.7243227362632751,0.6266481280326843,0.0218427348881959,0.7447953820228577,0.6551077961921692,-0.0284834578633308,0.7898234128952026,0.6367515921592712,-0.0058630504645407,0.7683096528053284,0.6539081335067749,0.0113469250500202,0.7455419898033142,0.6687702536582947,0.0148935783654451,0.7605550289154053,0.7148240804672241,-0.0326101221144199,0.8016369342803955,0.6828753352165222,-0.00935819465667,0.7809328436851501,0.7011666893959045,0.0070524704642593,0.7576867938041687,0.7161316275596619,0.0077396067790687,0.7694820761680603,0.7704472541809082,-0.0353968776762485,0.8075438141822815,0.7360722422599792,-0.0173969324678182,0.7880054712295532,0.746531069278717,-0.0004423706559464,0.7665627002716064,0.759227454662323,0.006423033773899,Pointing_Left
IMG_9845.JPG,0.6022748947143555,0.630813479423523,1.131401319298675e-07,0.5498788356781006,0.607503354549408,-0.0195019226521253,0.492769181728363,0.6301946640014648,-0.0341797657310962,0.4562568068504333,0.6650364398956299,-0.0505325272679328,0.4744282364845276,0.705410897731781,-0.0680967196822166,0.4748401343822479,0.7690515518188477,-0.0309265572577714,0.4438652694225311,0.8669928312301636,-0.0588047355413436,0.4283442199230194,0.9274956583976746,-0.0791508331894874,0.417290985584259,0.9810132384300232,-0.0950200408697128,0.5101437568664551,0.7861039638519287,-0.0403619334101676,0.4747933447360992,0.8354074358940125,-0.0829641371965408,0.4885665476322174,0.7634664177894592,-0.0991748720407486,0.5035825371742249,0.7106316089630127,-0.1024867743253707,0.5501308441162109,0.7905370593070984,-0.0513049848377704,0.5274953246116638,0.8275749087333679,-0.0932690277695655,0.5331640839576721,0.7486052513122559,-0.0947745069861412,0.5412291288375854,0.6934777498245239,-0.0866886004805564,0.5926066040992737,0.786611795425415,-0.0638544633984565,0.5767757892608643,0.8129420280456543,-0.0950435698032379,0.5752193331718445,0.7521488666534424,-0.0954266414046287,0.5778722763061523,0.7020987868309021,-0.0900782197713851,Pointing_Right
IMG_9705.JPG,0.6904081702232361,0.7866076827049255,-2.5460724373260746e-07,0.6553544998168945,0.7114624977111816,0.0262300129979848,0.6525877118110657,0.6356775760650635,0.0302229616791009,0.6780340671539307,0.5883115530014038,0.0318433754146099,0.7042822241783142,0.5651664137840271,0.0328443646430969,0.6429975032806396,0.5816500782966614,-0.016278751194477,0.6489142179489136,0.4799424409866333,-0.0261989124119281,0.655449390411377,0.4206175208091736,-0.0332351066172122,0.6607100963592529,0.3746358156204223,-0.0380433164536953,0.6752249598503113,0.5855040550231934,-0.0278497450053691,0.7296254634857178,0.5426557660102844,-0.0228628478944301,0.73396897315979,0.5825834274291992,-0.0109719419851899,0.7214034795761108,0.6096862554550171,-0.0060870894230902,0.7108359336853027,0.6047537326812744,-0.0353229343891143,0.7575538158416748,0.574126124382019,-0.0275151710957288,0.7554560899734497,0.6089307069778442,-0.0138056734576821,0.7428330779075623,0.6333234906196594,-0.0093916747719049,0.7473903894424438,0.6272554993629456,-0.0397213920950889,0.7763335704803467,0.6028236150741577,-0.027172552421689,0.7697345018386841,0.6345331072807312,-0.0103935422375798,0.756352961063385,0.6570244431495667,-0.0012558422749862,Pointing_Left
IMG_9638.JPG,0.7817820906639099,0.7711905241012573,3.1054798910190584e-07,0.7097740173339844,0.7434945106506348,-0.0095694437623023,0.6630204319953918,0.6900768876075745,-0.0233515910804271,0.6333150267601013,0.6282379031181335,-0.0334379971027374,0.6269103288650513,0.5755952596664429,-0.0416912175714969,0.6999648213386536,0.6029165387153625,-0.0458083115518093,0.6973942518234253,0.494534432888031,-0.0581350997090339,0.6970524787902832,0.4379202127456665,-0.0603930577635765,0.7000254988670349,0.3941398859024048,-0.058816734701395,0.7415915727615356,0.5894879102706909,-0.038403995335102,0.7326036691665649,0.4765578210353851,-0.0473771169781684,0.7271633744239807,0.4092593193054199,-0.0449694469571113,0.7255678772926331,0.3616763353347778,-0.0420117527246475,0.7805749177932739,0.5916914343833923,-0.0272096265107393,0.763829231262207,0.5179835557937622,-0.0239452738314867,0.7509742975234985,0.5312519073486328,-0.0100277410820126,0.7445432543754578,0.55624920129776,0.0013408530503511,0.8110185861587524,0.5993298292160034,-0.016536571085453,0.7889376878738403,0.5489027500152588,-0.0049349213950335,0.7743486166000366,0.5598024129867554,0.0104709779843688,0.7711076736450195,0.581186830997467,0.0233272109180688,Pointing_Left
IMG_9867.JPG,0.8350988626480103,0.52933669090271,-6.515546147056739e-07,0.8241022825241089,0.6120611429214478,-0.0306161399930715,0.7983853220939636,0.6883689761161804,-0.0715833827853202,0.7789162397384644,0.7519385814666748,-0.1048911660909652,0.7728124856948853,0.8215028047561646,-0.1370180994272232,0.8592547178268433,0.5938258171081543,-0.1456947028636932,0.7486253976821899,0.5971803665161133,-0.1851631850004196,0.7680793404579163,0.6117168664932251,-0.1859467029571533,0.8017341494560242,0.6083387732505798,-0.1799122393131256,0.8661379814147949,0.5093702673912048,-0.1434370279312133,0.7292857766151428,0.5388751029968262,-0.1793150752782821,0.7564458250999451,0.5630545020103455,-0.1599331498146057,0.7971848249435425,0.554754912853241,-0.1456756889820099,0.8526058197021484,0.442995935678482,-0.1365273594856262,0.7266085743904114,0.4836698472499847,-0.159343346953392,0.7574241757392883,0.505984365940094,-0.1248253136873245,0.7955898642539978,0.4963108897209167,-0.1021260246634483,0.8297520875930786,0.3965077400207519,-0.1307149529457092,0.7385909557342529,0.4364120364189148,-0.1399648934602737,0.7595129013061523,0.4537220895290375,-0.1157340034842491,0.7924277186393738,0.4453073143959045,-0.1010264456272125,Pointing_Right
IMG_9679.JPG,0.8362411856651306,0.8799566626548767,-2.6780648809676677e-08,0.7715316414833069,0.7959542870521545,0.0311800241470336,0.7467830181121826,0.699200451374054,0.0343720763921737,0.7417434453964233,0.6107583045959473,0.0353592634201049,0.7436447739601135,0.5457488894462585,0.0361401811242103,0.7450309991836548,0.6615156531333923,-0.030942752957344,0.7596554160118103,0.5308783650398254,-0.0392679721117019,0.7737492322921753,0.460874080657959,-0.0337044708430767,0.7852283716201782,0.4121663570404053,-0.027043605223298,0.7907593846321106,0.6604447960853577,-0.0464442782104015,0.8271768689155579,0.5211767554283142,-0.0486835725605487,0.8500692844390869,0.5264977812767029,-0.0295896045863628,0.8558126091957092,0.559562623500824,-0.0134409517049789,0.8470850586891174,0.6745427250862122,-0.0547589138150215,0.8841614127159119,0.5615153908729553,-0.0433668568730354,0.8919683694839478,0.5832187533378601,-0.0136040076613426,0.8855683207511902,0.619507372379303,0.0057484358549118,0.8978688716888428,0.7016610503196716,-0.0601486191153526,0.9203508496284484,0.6241846680641174,-0.0388107039034366,0.9156379699707032,0.6450018882751465,-0.0104309096932411,0.9045444130897522,0.6804891228675842,0.0100670577958226,Pointing_Left
IMG_9564.JPG,0.8114508986473083,0.9033339023590088,-3.759029425509653e-07,0.7325374484062195,0.8633939623832703,0.0119675770401954,0.6876758933067322,0.7815406918525696,0.018379833549261,0.6853843927383423,0.7036110162734985,0.0251833666115999,0.7126718163490295,0.6666859984397888,0.0312203522771596,0.7046958208084106,0.7138499617576599,-0.0098389368504285,0.6874708533287048,0.5977084636688232,-0.0078488243743777,0.6805745959281921,0.538683295249939,-0.0041773919947445,0.6758936047554016,0.4914428293704986,-0.0028083694633096,0.7502375841140747,0.6945921182632446,-0.0094847669824957,0.729573130607605,0.6266785264015198,0.003142770845443,0.7245193123817444,0.6576082110404968,0.0199965685606002,0.7256898880004883,0.6930919885635376,0.0292585603892803,0.793287992477417,0.6952093839645386,-0.0064011118374764,0.7642910480499268,0.6462753415107727,0.0080454209819436,0.7609363794326782,0.6716060042381287,0.0216560158878564,0.7650312185287476,0.7046546339988708,0.0268205218017101,0.827949583530426,0.703816294670105,-0.0022288367617875,0.8006744384765625,0.669981062412262,0.0118005378171801,0.7954325675964355,0.6912373900413513,0.0231013279408216,0.7995632290840149,0.7211211323738098,0.0295040514320135,Pointing_Left
507981772433755_.pic.jpg,0.9697856903076172,0.5148417949676514,-8.565623943468381e-07,0.8972561359405518,0.4437672197818756,0.0261581521481275,0.7946425080299377,0.3939175009727478,0.0189117100089788,0.7175502181053162,0.3491188883781433,-0.0003440189757384,0.6798869967460632,0.3093114197254181,-0.0241818409413099,0.7041909098625183,0.3380955159664154,0.0032424593809992,0.5371531844139099,0.3912810981273651,-0.0260071568191051,0.4547445178031921,0.4152337610721588,-0.0423756726086139,0.399461030960083,0.4102489352226257,-0.0561507493257522,0.6977201104164124,0.3430483341217041,-0.032146867364645,0.5531498193740845,0.4574554562568664,-0.0521485246717929,0.6135948896408081,0.4949465692043304,-0.0457913316786289,0.6699946522712708,0.4962409138679504,-0.0421804003417491,0.6975620985031128,0.3766286373138428,-0.0683968290686607,0.5838616490364075,0.4926699995994568,-0.0841165781021118,0.6586931943893433,0.5244379043579102,-0.0658472850918769,0.7173631191253662,0.5146595239639282,-0.0571777299046516,0.7013411521911621,0.4225355088710785,-0.1059412732720375,0.630060613155365,0.5168370604515076,-0.133852407336235,0.6878299117088318,0.539631724357605,-0.1341693848371505,0.7336254119873047,0.5306470990180969,-0.1290455013513565,Pointing_Left
509191772433878_.pic.jpg,0.1475175768136978,0.3784745931625366,-1.1032869906557609e-07,0.3021614849567413,0.3568321764469147,-0.0082042934373021,0.398021250963211,0.3104046583175659,-0.0045405090786516,0.4720729291439056,0.276183545589447,0.0023590207565575,0.5358583927154541,0.264483779668808,0.0118762832134962,0.2596574425697326,0.161236822605133,0.0077536650933325,0.3055066168308258,0.1925961226224899,0.0356543324887752,0.3099042475223541,0.2403427809476852,0.041458535939455,0.2956039309501648,0.2682746648788452,0.0384281277656555,0.1599237471818924,0.1647181212902069,0.0134488390758633,0.2207949757575988,0.1976288259029388,0.0583081841468811,0.2304483950138092,0.2369342595338821,0.0562126226723194,0.2159966379404068,0.2622589766979217,0.0365030281245708,0.0842240005731582,0.1951649487018585,0.0224902033805847,0.1421682387590408,0.2148145735263824,0.0521984361112117,0.1611296385526657,0.2474042475223541,0.0471783503890037,0.1505995988845825,0.2733195424079895,0.0285407416522502,0.0283491015434265,0.2322004735469818,0.0314294174313545,0.076875239610672,0.2468678206205368,0.0499926060438156,0.0957427769899368,0.2731786072254181,0.0595230236649513,0.0927101224660873,0.2928214073181152,0.0591546073555946,Pointing_Right
IMG_9703.JPG,0.7571412324905396,0.7680966258049011,-3.805592427852389e-07,0.6854387521743774,0.7390077710151672,0.0025695543736219,0.6429687738418579,0.6687731146812439,0.0054594264365732,0.6336926817893982,0.6038393378257751,0.010278245434165,0.6561678051948547,0.5814728736877441,0.0143819665536284,0.6761422157287598,0.5790546536445618,-0.0163857135921716,0.6684063076972961,0.4780226051807403,-0.0210046004503965,0.66612309217453,0.4214294850826263,-0.0256026871502399,0.6679862141609192,0.3769772052764892,-0.0297047980129718,0.7219325304031372,0.5640783309936523,-0.0103225810453295,0.6909770369529724,0.5478271245956421,0.0021274662576615,0.6846097707748413,0.5843973159790039,0.0156210977584123,0.690464973449707,0.6143299341201782,0.0208267215639352,0.7570592761039734,0.5726838111877441,-0.0029870553407818,0.7244178056716919,0.5675583481788635,0.0083091519773006,0.7205026149749756,0.5962373614311218,0.017845856025815,0.7257797122001648,0.6258935332298279,0.0203294660896062,0.7817286252975464,0.5872670412063599,0.0046907686628401,0.7562848925590515,0.580467164516449,0.0142734153196215,0.7493280172348022,0.6055290699005127,0.0221471637487411,0.7509395480155945,0.6335296630859375,0.0269254278391599,Pointing_Left
IMG_9847.JPG,0.7492128014564514,0.5674512386322021,1.5877709813594265e-07,0.6994572877883911,0.5456596612930298,-0.0254719164222478,0.6536776423454285,0.5520669221878052,-0.0456454083323478,0.6522709727287292,0.5755881667137146,-0.066026359796524,0.6823505759239197,0.6014339923858643,-0.0859586372971534,0.6387993097305298,0.679878294467926,-0.0425026789307594,0.6299883127212524,0.7662457823753357,-0.0808678641915321,0.6331556439399719,0.8216812610626221,-0.1043606549501419,0.6346932053565979,0.8747658729553223,-0.1195938438177108,0.6816421151161194,0.70340895652771,-0.0501883253455162,0.6814417839050293,0.7322475910186768,-0.0919834077358245,0.6976153254508972,0.662883996963501,-0.1025053635239601,0.7002350687980652,0.623930037021637,-0.103646881878376,0.7257106900215149,0.7034024000167847,-0.0611794926226139,0.7338876724243164,0.7050489783287048,-0.1023905277252197,0.7402557730674744,0.6336273550987244,-0.0971875861287117,0.7354748845100403,0.5982615947723389,-0.0859682410955429,0.7679533958435059,0.6910943984985352,-0.0745864808559417,0.772851824760437,0.6836453676223755,-0.1013099923729896,0.7725468873977661,0.6299229264259338,-0.0949892774224281,0.7651368975639343,0.6008837819099426,-0.0855504721403122,Pointing_Right
508021772433759_.pic.jpg,0.943291962146759,0.7477221488952637,-8.831947297949228e-07,0.8542338013648987,0.6544086337089539,0.0434660613536834,0.7344807982444763,0.6035181283950806,0.0408723875880241,0.6318714618682861,0.5828418731689453,0.0237762741744518,0.5658916234970093,0.5771716237068176,0.0011321691563352,0.6169341206550598,0.5236640572547913,0.0117720840498805,0.4226136803627014,0.5505700707435608,-0.0028249411843717,0.3123738467693329,0.5645989775657654,-0.0201278254389762,0.2334278523921966,0.557727575302124,-0.0397206358611583,0.6116631031036377,0.5458172559738159,-0.0307821705937385,0.4694962799549103,0.6615803241729736,-0.0304839182645082,0.538435697555542,0.6945376396179199,-0.0287478361278772,0.6045709252357483,0.6823962926864624,-0.0383947193622589,0.61875981092453,0.5992065668106079,-0.0691424161195755,0.5087060332298279,0.72117018699646,-0.0597072094678878,0.584223747253418,0.7416924238204956,-0.0443997122347354,0.6438559889793396,0.7155507802963257,-0.0500125549733638,0.6276264190673828,0.6641049385070801,-0.1079356968402862,0.5441664457321167,0.7579877972602844,-0.1167546883225441,0.6074560880661011,0.7741485834121704,-0.1084014698863029,0.6605660319328308,0.7559916973114014,-0.1042199730873107,Pointing_Left
IMG_9711.JPG,0.7377172112464905,0.7642638087272644,-2.069695170803243e-07,0.6648567318916321,0.7389495372772217,-0.0062719713896512,0.6195939779281616,0.6739543676376343,-0.0147654293105006,0.582955002784729,0.6099323630332947,-0.0218407679349184,0.5516836047172546,0.5733466148376465,-0.0307306628674268,0.6514726877212524,0.5720924139022827,-0.0275301113724708,0.655212938785553,0.4711808860301971,-0.0345061495900154,0.6577427387237549,0.4122576117515564,-0.0374619923532009,0.661746621131897,0.3669854402542114,-0.0395162291824817,0.7000821828842163,0.5547122955322266,-0.0212344452738761,0.6803255081176758,0.5399561524391174,-0.01739152520895,0.675423800945282,0.5787143111228943,-0.0069266483187675,0.6797397136688232,0.6116353869438171,-0.0019612503238022,0.7419165372848511,0.5642519593238831,-0.013693006709218,0.7163558006286621,0.5581389665603638,-0.0121238268911838,0.7146294713020325,0.59250408411026,-0.0050316001288592,0.7193270921707153,0.6245432496070862,-0.0021251756697893,0.7768259644508362,0.5768237709999084,-0.0057011842727661,0.7532707452774048,0.5708555579185486,-0.0008990289643406,0.7492355704307556,0.6029009819030762,0.0074327574111521,0.7527267932891846,0.6318238973617554,0.0135462488979101,Pointing_Left
IMG_9534.JPG,0.9843207597732544,0.9143434166908264,-3.3041058600247197e-07,0.8973022699356079,0.9051701426506042,0.0014659162843599,0.8376309871673584,0.8322358131408691,0.0066725867800414,0.8150376081466675,0.7617374658584595,0.0193381905555725,0.8207143545150757,0.7129820585250854,0.0317005924880504,0.8567991256713867,0.765220582485199,-0.0430029779672622,0.831245481967926,0.6450777649879456,-0.0401378571987152,0.8167445659637451,0.5833969116210938,-0.0353544913232326,0.8045037388801575,0.5323154330253601,-0.0331418290734291,0.904538094997406,0.7344831228256226,-0.0305890142917633,0.862054169178009,0.6757286190986633,-0.0079561164602637,0.8581312894821167,0.7059511542320251,0.0182096250355243,0.8639214038848877,0.7387756705284119,0.0303943436592817,0.9433162212371826,0.7209491729736328,-0.0141424918547272,0.8935409188270569,0.6819882988929749,0.0118724023923277,0.8909868597984314,0.7103039026260376,0.0328580401837825,0.8975757360458374,0.7391080856323242,0.0390195921063423,0.9689726829528807,0.7165711522102356,0.002909290138632,0.9248923659324646,0.6963955760002136,0.0236608814448118,0.9188490509986876,0.7188692688941956,0.0367683805525302,0.9233837127685548,0.744727611541748,0.0420800857245922,Pointing_Left
IMG_9681.JPG,0.75649094581604,0.8394776582717896,1.7561367826601781e-07,0.7704136371612549,0.735791802406311,0.0225786492228508,0.7874881029129028,0.6426297426223755,0.0159783251583576,0.8133657574653625,0.5759814977645874,0.0012291210005059,0.8318837881088257,0.5309560894966125,-0.0126061951741576,0.7056884169578552,0.5919452905654907,-0.0039344392716884,0.714515745639801,0.4948912262916565,-0.0226527154445648,0.7267045974731445,0.4331106543540954,-0.0329983904957771,0.7318629026412964,0.3813378512859344,-0.0404938906431198,0.7137783765792847,0.6061479449272156,-0.029640570282936,0.7861654758453369,0.5133588910102844,-0.0484919808804988,0.8229564428329468,0.5581228137016296,-0.0459280014038085,0.8263449668884277,0.5955018401145935,-0.0405333489179611,0.7374349236488342,0.6345617771148682,-0.0536405332386493,0.8202311992645264,0.5647544860839844,-0.0670301020145416,0.845281720161438,0.6178183555603027,-0.0498727075755596,0.8352667093276978,0.6551560759544373,-0.035700898617506,0.7688856720924377,0.6677994132041931,-0.0768037289381027,0.8381852507591248,0.6237884759902954,-0.0797557011246681,0.8541832566261292,0.660512387752533,-0.0638335272669792,0.8426341414451599,0.6893726587295532,-0.0515925250947475,Pointing_Left
508661772433821_.pic.jpg,0.4661121666431427,0.9797468185424804,-5.090926151751773e-07,0.6653178930282593,0.9052420258522034,0.0835504084825515,0.759225606918335,0.8053154945373535,0.1269542127847671,0.8368585705757141,0.71476811170578,0.1574436873197555,0.922041356563568,0.6907060146331787,0.1856017857789993,0.6739408373832703,0.6271612644195557,0.0864759758114814,0.7251485586166382,0.5523656010627747,0.1600198894739151,0.741596519947052,0.5900816917419434,0.2028537541627884,0.7411578893661499,0.6285771131515503,0.2257630228996276,0.5464218854904175,0.6149763464927673,0.0643595457077026,0.5850543975830078,0.5922228693962097,0.1608107984066009,0.5983412265777588,0.6491562128067017,0.1944885402917862,0.594540536403656,0.6979057788848877,0.1962858885526657,0.4259099662303924,0.646970808506012,0.0554491691291332,0.458368182182312,0.6422623991966248,0.1459020525217056,0.4816354811191559,0.6931050419807434,0.1701102405786514,0.478356271982193,0.7374165654182434,0.1600876599550247,0.3226509690284729,0.6913571357727051,0.053393505513668,0.347828596830368,0.6784260869026184,0.1305260807275772,0.3778966665267944,0.716510534286499,0.1723490506410598,0.3817462623119354,0.7564079761505127,0.1899292469024658,Pointing_Right
IMG_9768.JPG,0.774617612361908,0.5160173773765564,1.1070643779476087e-07,0.7274814248085022,0.5063725709915161,-0.0167783591896295,0.6804672479629517,0.5241942405700684,-0.0316852927207946,0.6571263670921326,0.5469401478767395,-0.0474633760750293,0.679163932800293,0.5723666548728943,-0.0634079203009605,0.6726018786430359,0.6462356448173523,-0.0322551056742668,0.657868504524231,0.7187840342521667,-0.0585187599062919,0.6468412280082703,0.7687284350395203,-0.0781062096357345,0.6401569247245789,0.8117044568061829,-0.0926936790347099,0.7075119614601135,0.6663504242897034,-0.0401592776179313,0.6898040771484375,0.6577653288841248,-0.0783992260694503,0.6993061304092407,0.5893698334693909,-0.0899666547775268,0.7127269506454468,0.548133373260498,-0.0907769501209259,0.7445565462112427,0.6656736731529236,-0.049212422221899,0.7279893159866333,0.6441036462783813,-0.0840282961726188,0.7284815907478333,0.5808742642402649,-0.0821747705340385,0.7340525388717651,0.5455305576324463,-0.0732942894101142,0.7801707983016968,0.6534485816955566,-0.0599931292235851,0.762948751449585,0.6307352185249329,-0.0840765684843063,0.7590357661247253,0.5828706622123718,-0.0817399993538856,0.7587069869041443,0.5538999438285828,-0.0748074501752853,Pointing_Right
508631772433818_.pic_thumb.jpg,0.5139323472976685,0.8575736880302429,-8.947923220148368e-07,0.6723325848579407,0.7767258286476135,0.0187633801251649,0.7540851831436157,0.6829102039337158,0.017663849517703,0.8098917007446289,0.6138069033622742,0.0092165367677807,0.8841273188591003,0.5902772545814514,-0.0017207534983754,0.6074808835983276,0.5353421568870544,-0.0212446115911006,0.6219749450683594,0.5534247159957886,-0.0322303175926208,0.6318556666374207,0.6140120029449463,-0.0501823127269744,0.628974974155426,0.6587889790534973,-0.0650724470615387,0.4840779900550842,0.5439165830612183,-0.042030032724142,0.5009229183197021,0.5766066908836365,-0.0293805133551359,0.5120552182197571,0.6250240802764893,-0.0303879957646131,0.5084857940673828,0.6622739434242249,-0.045654397457838,0.383087158203125,0.5804137587547302,-0.057266779243946,0.3968013226985931,0.6109660267829895,-0.0525207258760929,0.4186309278011322,0.6495285034179688,-0.04966776445508,0.4253024458885193,0.682716965675354,-0.0594033487141132,0.2990589141845703,0.6242729425430298,-0.0709533393383026,0.3158620297908783,0.65116286277771,-0.0721661821007728,0.3437743484973907,0.6878379583358765,-0.0590697266161441,0.3566166162490845,0.7176035642623901,-0.051630713045597,Pointing_Right
IMG_9673.JPG,0.7833077311515808,0.7990146279335022,-1.3718559443987033e-07,0.7217139601707458,0.742440938949585,0.0050967023707926,0.6815022826194763,0.6551788449287415,-0.0015311337774619,0.6743024587631226,0.5681815147399902,-0.0068719391711056,0.6922712922096252,0.5186012983322144,-0.0128650767728686,0.7024194002151489,0.6155434846878052,-0.0373474657535553,0.7101299166679382,0.4943929016590118,-0.0528196319937706,0.7190759778022766,0.4268633127212524,-0.0602184422314167,0.7267516255378723,0.3743071854114532,-0.0660853385925293,0.7486518025398254,0.6109251976013184,-0.0422624014317989,0.7721226215362549,0.5092150568962097,-0.0507502630352973,0.7741822004318237,0.5476440787315369,-0.0394792668521404,0.7643662095069885,0.5913301110267639,-0.0309070162475109,0.7969207167625427,0.620599627494812,-0.0439890250563621,0.8120605945587158,0.5376681089401245,-0.0444535240530967,0.8128462433815002,0.5720977187156677,-0.023548986762762,0.8054091334342957,0.6133986115455627,-0.010527940467,0.8391801118850708,0.6376051902770996,-0.0451057814061641,0.84378582239151,0.5759872794151306,-0.0443845801055431,0.8395649194717407,0.604725182056427,-0.0299498997628688,0.8348596096038818,0.6373559832572937,-0.0191328395158052,Pointing_Left
IMG_9823.JPG,0.7650067210197449,0.6180419921875,9.555427737950597e-08,0.7273275852203369,0.625996470451355,-0.0078530078753829,0.700348973274231,0.6703747510910034,-0.01125920843333,0.7044996023178101,0.7173295617103577,-0.0157617963850498,0.7257176041603088,0.7424108386039734,-0.0214390140026807,0.7041274309158325,0.7373626232147217,-0.0035553285852074,0.6991463303565979,0.796455979347229,-0.0151132186874747,0.6994094252586365,0.8356784582138062,-0.0243304725736379,0.700448215007782,0.8675623536109924,-0.0317292362451553,0.7304808497428894,0.7425269484519958,-0.0093056065961718,0.7274508476257324,0.7918038368225098,-0.0282118562608957,0.7332721948623657,0.7535446882247925,-0.0371925085783004,0.735786497592926,0.7213147282600403,-0.0387918129563331,0.7562646865844727,0.736488401889801,-0.0161802638322114,0.7587628960609436,0.7777850031852722,-0.0379523076117038,0.7592288851737976,0.7335057258605957,-0.039575919508934,0.7556682825088501,0.7015925049781799,-0.0345610417425632,0.7827225923538208,0.7218677997589111,-0.023281205445528,0.782158613204956,0.7579506635665894,-0.0390318483114242,0.7784029245376587,0.7252799868583679,-0.0368099771440029,0.7734512090682983,0.6976764798164368,-0.031484629958868,Pointing_Right
IMG_9834.JPG,0.8608989715576172,0.4870272278785705,6.289274523396672e-08,0.8144383430480957,0.4800737500190735,-0.0405549816787242,0.7704457640647888,0.496022880077362,-0.0717142820358276,0.7799564003944397,0.5226335525512695,-0.0995314568281173,0.8175270557403564,0.5468166470527649,-0.1264019161462783,0.7773669362068176,0.6450362205505371,-0.0607568249106407,0.7806332111358643,0.7390364408493042,-0.1055859923362732,0.7892950773239136,0.7954779863357544,-0.1338055282831192,0.7999899387359619,0.8483691811561584,-0.1531068235635757,0.8266928195953369,0.648331880569458,-0.0627559721469879,0.8316284418106079,0.6838101744651794,-0.1178014427423477,0.8363819122314453,0.5950456857681274,-0.1310326606035232,0.8303260803222656,0.5579513907432556,-0.131426453590393,0.8709829449653625,0.6378616690635681,-0.0686682984232902,0.8836522102355957,0.6609137654304504,-0.1207574009895324,0.878398060798645,0.577219545841217,-0.1084900721907615,0.864308774471283,0.5398478507995605,-0.0902812778949737,0.91055166721344,0.6184449791908264,-0.0779692456126213,0.9225832223892212,0.633411705493927,-0.1129770204424858,0.913869857788086,0.571509838104248,-0.1024684980511665,0.8979862928390503,0.5445407629013062,-0.0882887095212936,Pointing_Right
IMG_9810.JPG,0.7715404629707336,0.6257923245429993,8.63936335804283e-08,0.7288097143173218,0.6139707565307617,-0.0215572211891412,0.6888691186904907,0.6400144696235657,-0.0362728424370288,0.6761071085929871,0.6787158846855164,-0.0511916987597942,0.693163275718689,0.7234482169151306,-0.0666918754577636,0.6618119478225708,0.7433527708053589,-0.0239654835313558,0.6443566083908081,0.8204782009124756,-0.0509341396391391,0.6343570947647095,0.8757936954498291,-0.0708368048071861,0.6283532977104187,0.9233037829399108,-0.0851336568593978,0.6972506642341614,0.761016309261322,-0.0294824112206697,0.6868686676025391,0.801810085773468,-0.0696410685777664,0.7092061638832092,0.7408596873283386,-0.0852089747786521,0.7224589586257935,0.6986791491508484,-0.0874324440956115,0.7342028617858887,0.7659755349159241,-0.0374402701854705,0.733485996723175,0.7943485975265503,-0.0774728506803512,0.7446548342704773,0.7291306257247925,-0.0777987986803054,0.7487660646438599,0.6869178414344788,-0.0681211128830909,0.7707039713859558,0.7639490365982056,-0.0468338429927825,0.7668134570121765,0.7894726991653442,-0.0747665166854858,0.7718474864959717,0.7417026162147522,-0.0716756954789161,0.7707817554473877,0.7080265283584595,-0.0631449073553085,Pointing_Right
508221772433778_.pic.jpg,0.910223126411438,0.723276674747467,-6.611771254938503e-07,0.8240428566932678,0.6240480542182922,0.0328350253403186,0.7125195860862732,0.5819729566574097,0.0222303625196218,0.6105166673660278,0.5929285287857056,-0.0015088149812072,0.5377535223960876,0.6302911043167114,-0.0325239859521389,0.6048166751861572,0.5321401953697205,-0.0008883939590305,0.4362459182739258,0.550485372543335,-0.020029267296195,0.3315708637237549,0.5679290294647217,-0.0411886982619762,0.2508966326713562,0.5712136030197144,-0.0641576945781707,0.5900182723999023,0.5598071217536926,-0.0415585823357105,0.4670212268829345,0.6654488444328308,-0.0549107268452644,0.5354911088943481,0.7025572061538696,-0.0619138143956661,0.5961401462554932,0.6942001581192017,-0.0741661936044693,0.595093846321106,0.6142330765724182,-0.0780007690191268,0.5017185211181641,0.7238723635673523,-0.0820993855595588,0.5768225789070129,0.7464962005615234,-0.0745977461338043,0.6310059428215027,0.7236196994781494,-0.0820528492331504,0.6052672863006592,0.6774372458457947,-0.1145238205790519,0.5497464537620544,0.7673925757408142,-0.1344217658042907,0.6136122941970825,0.7827778458595276,-0.131265714764595,0.6608935594558716,0.7630270719528198,-0.1295717805624008,Pointing_Left
509261772433887_.pic_thumb.jpg,0.2505996823310852,0.8700550198554993,-2.3785265312881165e-08,0.4198997616767883,0.7835017442703247,-0.027030037716031,0.5062974691390991,0.676198422908783,-0.043148186057806,0.5738115906715393,0.599918007850647,-0.0564366430044174,0.6514010429382324,0.5689629912376404,-0.0656170397996902,0.2975968718528747,0.5900726318359375,-0.0335711017251014,0.4138389229774475,0.5834958553314209,-0.0586998201906681,0.4495159983634949,0.6296398639678955,-0.0882948637008667,0.4382831156253814,0.6596599817276001,-0.1102184206247329,0.2000734061002731,0.6126883029937744,-0.0319458022713661,0.3283949792385101,0.6082406044006348,-0.0401336252689361,0.3630975186824798,0.6426612138748169,-0.0547181330621242,0.3436813354492187,0.6704906225204468,-0.0760940909385681,0.1358402520418167,0.6558005213737488,-0.0316372253000736,0.2410303354263305,0.6404420733451843,-0.0414098724722862,0.2741055786609649,0.6683669686317444,-0.041592214256525,0.2616602182388305,0.695056140422821,-0.0491802245378494,0.0929716527462005,0.6999125480651855,-0.0333487093448638,0.1774404048919677,0.6847721934318542,-0.0390133932232856,0.2115015238523483,0.7066879272460938,-0.0291875749826431,0.2089686691761016,0.7323210835456848,-0.0247907023876905,Pointing_Right
508481772433803_.pic.jpg,0.9294456243515016,0.9189218282699584,-1.1248712326050736e-06,0.8212069869041443,0.8020312190055847,0.0318504869937896,0.6584253907203674,0.736266553401947,0.0231183785945177,0.4955980181694031,0.7249359488487244,0.0018134533893316,0.382273405790329,0.7413983345031738,-0.0244394056499004,0.5466766357421875,0.6069418787956238,-0.0024185851216316,0.3240561783313751,0.6208876371383667,-0.017499079927802,0.1980155110359192,0.6283434629440308,-0.0373077131807804,0.1065848469734191,0.6170586943626404,-0.0622734911739826,0.5477632880210876,0.6367461681365967,-0.0454973429441452,0.341557890176773,0.7724446654319763,-0.0453243553638458,0.4172610640525818,0.8204927444458008,-0.04401296377182,0.49897500872612,0.8073204755783081,-0.0589831583201885,0.5587286353111267,0.7054531574249268,-0.0848904624581337,0.388881504535675,0.8473089337348938,-0.077717550098896,0.4740829467773437,0.8786832094192505,-0.0601168498396873,0.543234646320343,0.8503525853157043,-0.0683909878134727,0.5692811608314514,0.789900541305542,-0.1262923330068588,0.4398025274276733,0.8930772542953491,-0.1394668966531753,0.5076688528060913,0.9175959825515748,-0.1285639554262161,0.56870436668396,0.8999748229980469,-0.1246565580368042,Pointing_Left
508771772433832_.pic.jpg,0.3089979887008667,0.9639421105384828,-4.012307783796132e-07,0.5537228584289551,0.853031575679779,-0.0157855655997991,0.6900903582572937,0.7037293910980225,-0.0270456634461879,0.7807508707046509,0.602551281452179,-0.0321652553975582,0.8773493766784668,0.5676079392433167,-0.0334376022219657,0.4732594490051269,0.5573916435241699,-0.0692350193858146,0.5661742091178894,0.5779476761817932,-0.0785997733473777,0.5843273401260376,0.6547613143920898,-0.0895617976784706,0.5636147856712341,0.6958386301994324,-0.1021629199385643,0.3281671404838562,0.5795583128929138,-0.0733017474412918,0.4314766526222229,0.6122339963912964,-0.0559200793504715,0.4599983394145965,0.6796091794967651,-0.0522008277475833,0.43629190325737,0.7170025110244751,-0.072341151535511,0.2133265137672424,0.6354915499687195,-0.0727741792798042,0.2994453310966491,0.6505001187324524,-0.0640066713094711,0.3345886170864105,0.7059673070907593,-0.0496866703033447,0.317061573266983,0.7443699836730957,-0.05789590254426,0.1245011985301971,0.6967194080352783,-0.0722950473427772,0.1927146315574646,0.6954118609428406,-0.0667299106717109,0.229938268661499,0.735416054725647,-0.0448655970394611,0.224938154220581,0.7646005153656006,-0.0369622781872749,Pointing_Right
508171772433773_.pic.jpg,1.0079764127731323,0.6901353597640991,-4.197721352738881e-07,0.91886305809021,0.6036831140518188,0.0317097790539264,0.7967934608459473,0.5686689019203186,0.0182442162185907,0.6888964176177979,0.5796113610267639,-0.0108134876936674,0.6162276864051819,0.605368971824646,-0.0475586205720901,0.7392538785934448,0.4921968281269073,0.0079414686188101,0.5669252872467041,0.5228994488716125,-0.0117548080161213,0.4668610394001007,0.5354222655296326,-0.0266286078840494,0.4038475453853607,0.5262438058853149,-0.0416466630995273,0.7339733839035034,0.5137494206428528,-0.0342748686671257,0.6003430485725403,0.6172729134559631,-0.0434466339647769,0.6496894955635071,0.6564455032348633,-0.0408697053790092,0.7017825245857239,0.6574690341949463,-0.0420010052621364,0.7399441003799438,0.5633484125137329,-0.0756005346775055,0.6462469696998596,0.679561197757721,-0.0814089775085449,0.7089488506317139,0.7106541395187378,-0.0746620818972587,0.7592727541923523,0.6962986588478088,-0.0768058374524116,0.7448419332504272,0.6208648085594177,-0.1177728474140167,0.6824060678482056,0.7127251625061035,-0.1361170411109924,0.7316539883613586,0.7334440350532532,-0.1371791213750839,0.7792152762413025,0.7239895462989807,-0.1357734650373459,Pointing_Left
508201772433776_.pic.jpg,0.806377112865448,0.6903910040855408,-6.847903364359809e-07,0.7287117838859558,0.5941201448440552,0.0365187153220176,0.6248049139976501,0.5564060211181641,0.0295363925397396,0.5239740014076233,0.5708774328231812,0.0084553016349673,0.4578690230846405,0.6078453063964844,-0.0203029550611972,0.5314009785652161,0.5100654363632202,0.007708974648267,0.3609064817428589,0.5320597887039185,-0.0081532420590519,0.2625190317630768,0.5514785647392273,-0.0274517964571714,0.1880786418914795,0.5589332580566406,-0.0478207990527153,0.5116955041885376,0.5402432680130005,-0.0312057975679636,0.4010478258132934,0.6340022087097168,-0.042843297123909,0.4660506844520569,0.6689287424087524,-0.0483888648450374,0.5245959758758545,0.6629472970962524,-0.0584592819213867,0.5086837410926819,0.5937703847885132,-0.0657264739274978,0.4198590219020843,0.689210057258606,-0.0711267739534378,0.4896865487098694,0.7140783667564392,-0.06133933365345,0.5439618229866028,0.6973361968994141,-0.0642975717782974,0.5096889734268188,0.6550508141517639,-0.0998426377773284,0.4578929841518402,0.7347968816757202,-0.1183523833751678,0.5211775302886963,0.753329873085022,-0.1119655817747116,0.5691179633140564,0.7390221357345581,-0.1066141948103904,Pointing_Left
IMG_9869.JPG,0.8158169984817505,0.5146171450614929,1.6587636153531093e-08,0.7690410614013672,0.4865498840808868,-0.0341362692415714,0.7230626344680786,0.4775521159172058,-0.0648271292448043,0.722670316696167,0.4974487423896789,-0.0937770456075668,0.7502452731132507,0.525969386100769,-0.1217184513807296,0.6801475882530212,0.6020685434341431,-0.0645305290818214,0.6719650030136108,0.698576033115387,-0.1123708859086036,0.6730803847312927,0.764012336730957,-0.1466991305351257,0.6782997250556946,0.8206133246421814,-0.1690193116664886,0.7195422053337097,0.6487108469009399,-0.0678307935595512,0.741034209728241,0.6387075185775757,-0.1181062385439872,0.7643330097198486,0.5645352005958557,-0.1324093639850616,0.7745732069015503,0.5167797207832336,-0.1363056749105453,0.7619753479957581,0.6669464111328125,-0.0742649435997009,0.7909055352210999,0.6339358687400818,-0.1129920855164527,0.8015656471252441,0.5671254396438599,-0.1039389967918396,0.8001134395599365,0.5280530452728271,-0.0919839292764663,0.8009362816810608,0.6704310178756714,-0.0853189826011657,0.8236895203590393,0.642208456993103,-0.1111588180065155,0.8297065496444702,0.5874899625778198,-0.1048175245523452,0.8216784000396729,0.5536402463912964,-0.0951945781707763,Pointing_Right
509021772433857_.pic_thumb.jpg,0.6274480223655701,0.7842364311218262,-5.700921974494122e-07,0.7623007297515869,0.7282167673110962,-0.0087632080540061,0.8378931879997253,0.6520939469337463,-0.0198318623006343,0.8793932795524597,0.5855246186256409,-0.0294012930244207,0.9369573593139648,0.5581889152526855,-0.0386328250169754,0.7041550874710083,0.540053129196167,-0.0435064882040023,0.7383578419685364,0.5542387366294861,-0.0586359500885009,0.7458932399749756,0.5991279482841492,-0.0778145939111709,0.734352171421051,0.6279647946357727,-0.0927037075161933,0.6119654774665833,0.5466693639755249,-0.0464990921318531,0.6519207954406738,0.5674271583557129,-0.0438541546463966,0.6653194427490234,0.6057876944541931,-0.0492519326508045,0.6567124128341675,0.6328469514846802,-0.064074583351612,0.5420929193496704,0.5719760656356812,-0.0458726286888122,0.5735360980033875,0.5881019234657288,-0.045004479587078,0.5914316773414612,0.6195873022079468,-0.042256873100996,0.5887078642845154,0.6474179625511169,-0.0491872951388359,0.4861349463462829,0.5999047756195068,-0.0456449538469314,0.5120324492454529,0.6110793352127075,-0.0472375527024269,0.5324831008911133,0.6399145722389221,-0.0375227034091949,0.5390334129333496,0.6651434302330017,-0.0320614464581012,Pointing_Right
509371772433902_.pic_thumb.jpg,0.9440653324127196,0.8532198667526245,-9.068353392649442e-07,0.827785313129425,0.7479138374328613,0.0222329869866371,0.6713108420372009,0.690956711769104,0.0032450589351356,0.5297780632972717,0.6967117190361023,-0.0294523015618324,0.4302289485931396,0.7223834991455078,-0.0657264590263366,0.5917196273803711,0.5555192828178406,0.0026606244500726,0.3881648182868957,0.5904960632324219,-0.0267710369080305,0.2751584649085998,0.6070231795310974,-0.0659820586442947,0.1895452737808227,0.6063812971115112,-0.1017689630389213,0.5820826292037964,0.5860595107078552,-0.0381474532186985,0.4177161157131195,0.714631199836731,-0.05493900552392,0.503045380115509,0.7517016530036926,-0.0707680881023407,0.5819435119628906,0.7363080978393555,-0.0934215486049652,0.5883544087409973,0.6491647958755493,-0.0770751237869262,0.4532040953636169,0.7837904691696167,-0.0809215977787971,0.5414325594902039,0.8050280809402466,-0.0724597573280334,0.6082899570465088,0.7770364284515381,-0.0817327126860618,0.5993264317512512,0.723006010055542,-0.1191473826766014,0.4976211786270141,0.8192222118377686,-0.1301479488611221,0.5639188289642334,0.8395596146583557,-0.1182985678315162,0.6213871836662292,0.8234978914260864,-0.1126131415367126,Pointing_Left
509211772433881_.pic.jpg,0.1465916782617569,0.3509840965270996,-1.875708903753548e-07,0.3108511567115783,0.3195091485977173,-0.0295624788850545,0.4129389226436615,0.2644829750061035,-0.0459408536553382,0.4882836043834686,0.2265606820583343,-0.0551832169294357,0.5591902732849121,0.2141425907611847,-0.0611243993043899,0.2569803595542907,0.1095584258437156,-0.0595788285136222,0.3315364420413971,0.147770419716835,-0.0591205060482025,0.3418277204036712,0.2023951858282089,-0.064602755010128,0.3224720060825348,0.2318676710128784,-0.0737741738557815,0.1505011767148971,0.1181513518095016,-0.0519997291266918,0.2402040064334869,0.156687244772911,-0.0339135900139808,0.2537059187889099,0.2002572417259216,-0.0351193994283676,0.2321087121963501,0.2264884710311889,-0.0527722910046577,0.0746099650859832,0.1558746844530105,-0.0413712933659553,0.1501299291849136,0.1772156506776809,-0.0335174761712551,0.1718441396951675,0.2120353579521179,-0.0338759906589984,0.1576386839151382,0.2374956011772155,-0.0472877323627471,0.0193474888801574,0.197378933429718,-0.0319977663457393,0.0787014812231063,0.2128540128469467,-0.0308344308286905,0.1030230224132537,0.2413636147975921,-0.0230986587703228,0.1009091436862945,0.2626206874847412,-0.0232753362506628,Pointing_Right
509161772433874_.pic.jpg,0.1325609683990478,0.5934488773345947,-1.8063489903852314e-07,0.2805916368961334,0.5431765913963318,-0.0265112370252609,0.3648847937583923,0.476741760969162,-0.0421939864754676,0.4311944842338562,0.4290939569473266,-0.0541704222559928,0.4914937019348144,0.4009638428688049,-0.0630797445774078,0.2044430524110794,0.3715286254882812,-0.0385850481688976,0.2898929417133331,0.391981691122055,-0.0484086722135543,0.3121037483215332,0.4331298470497131,-0.0640646815299987,0.2989424765110016,0.4560126066207886,-0.0777963921427726,0.115100160241127,0.3876462578773498,-0.0348818935453891,0.2151248008012771,0.4074054062366485,-0.0312974639236927,0.2367096841335296,0.4386699199676513,-0.0404572077095508,0.2181573957204818,0.4601031839847564,-0.0588689744472503,0.0544755756855011,0.4242676794528961,-0.0305937994271516,0.1377280950546264,0.4303283095359802,-0.0325300954282283,0.1598948240280151,0.4553583860397339,-0.0349682532250881,0.1462101638317108,0.4749305248260498,-0.0455763563513755,0.0130685418844223,0.4612612128257751,-0.0278464891016483,0.0791386514902114,0.4662468731403351,-0.0309535954147577,0.1015317142009735,0.4882579743862152,-0.0238586943596601,0.0964454114437103,0.506645917892456,-0.0222443621605634,Pointing_Right
508331772433788_.pic.jpg,1.0204192399978638,0.9741560220718384,-1.6030548977141734e-06,0.9647405743598938,0.8441377282142639,-0.0079112825915217,0.8255624771118164,0.742383599281311,-0.0309883560985326,0.673713207244873,0.7090471982955933,-0.0580972880125045,0.5727393627166748,0.7003693580627441,-0.085820734500885,0.7788729667663574,0.6128712892532349,-0.0798527598381042,0.5154027938842773,0.6214017271995544,-0.1382962018251419,0.3482206165790558,0.641015887260437,-0.1846709996461868,0.2390178442001342,0.6400812268257141,-0.2184362858533859,0.789147138595581,0.6583916544914246,-0.1101358011364936,0.5656084418296814,0.7934041023254395,-0.1374709159135818,0.6283776760101318,0.8529384136199951,-0.1413430571556091,0.7144821882247925,0.856819748878479,-0.1544423550367355,0.7972646355628967,0.742499589920044,-0.1400264799594879,0.5980348587036133,0.8888915777206421,-0.1604496091604232,0.6723393797874451,0.9273518323898317,-0.1378587335348129,0.7513856887817383,0.9089679718017578,-0.132637083530426,0.8042262196540833,0.8356730341911316,-0.1750793159008026,0.6454342007637024,0.9479997158050536,-0.2113621532917022,0.7016901969909668,0.9680745005607604,-0.1993518322706222,0.7677081823348999,0.9571102857589722,-0.1856086403131485,Pointing_Left
508041772433761_.pic_thumb.jpg,0.8690648674964905,0.7205163240432739,-5.583359552474576e-07,0.7866470813751221,0.6372209787368774,0.0140415718778967,0.6860141754150391,0.5951588749885559,0.001471452997066,0.6041420698165894,0.5995479822158813,-0.0206799376755952,0.545203447341919,0.6319161057472229,-0.0491272546350955,0.5848480463027954,0.5362035632133484,-0.0083165289834141,0.4169511795043945,0.5499426126480103,-0.0317548848688602,0.3165160417556762,0.5608446598052979,-0.0570948421955108,0.2437372505664825,0.5629662871360779,-0.0799345523118972,0.5678427219390869,0.5640732049942017,-0.0352806076407432,0.4480555951595306,0.6651352643966675,-0.0542657971382141,0.5047761797904968,0.7000097036361694,-0.065122440457344,0.5574155449867249,0.6925754547119141,-0.0766516029834747,0.5665290355682373,0.6155148148536682,-0.059808362275362,0.4812934398651123,0.7207025289535522,-0.0690358206629753,0.543038547039032,0.7412152290344238,-0.0658671334385871,0.589612603187561,0.7218153476715088,-0.071543738245964,0.5692926049232483,0.6758140325546265,-0.0859012827277183,0.5201376080513,0.7588911056518555,-0.1050719171762466,0.5748751759529114,0.7759778499603271,-0.1015829369425773,0.6194930076599121,0.7616373300552368,-0.0972940996289253,Pointing_Left
IMG_9584.JPG,0.9168688654899596,0.8264682292938232,-4.1254651250710594e-07,0.8371018767356873,0.7970290780067444,0.0118024116382002,0.7905722260475159,0.7220679521560669,0.025344556197524,0.7843273878097534,0.6566202640533447,0.0468409843742847,0.8107011318206787,0.6233468651771545,0.0679376497864723,0.8162398338317871,0.6388773322105408,-0.0193695910274982,0.8123846650123596,0.5405864119529724,-0.0090844826772809,0.8068328499794006,0.4877699613571167,-0.0084369396790862,0.8063239455223083,0.4426704943180084,-0.0097020929679274,0.8626880049705505,0.6285171508789062,-0.0041626426391303,0.8387641906738281,0.601107120513916,0.04334482178092,0.8322091102600098,0.6438673138618469,0.072883516550064,0.8366193771362305,0.6754252314567566,0.0811609104275703,0.8988713026046753,0.635057270526886,0.0140098212286829,0.8670201301574707,0.6179694533348083,0.0583778694272041,0.8631842136383057,0.6600428819656372,0.0666166096925735,0.8706179261207581,0.6870645880699158,0.0577974915504455,0.9276426434516908,0.6402917504310608,0.0344223715364933,0.8997265696525574,0.6310107111930847,0.0690818354487419,0.8932250142097473,0.6621339917182922,0.0767698585987091,0.8964082598686218,0.6892497539520264,0.0733277723193168,Pointing_Left
IMG_9600.JPG,0.7321622967720032,0.7899288535118103,-9.889871677160045e-08,0.6584064364433289,0.7682541608810425,0.0083678858354687,0.6197360157966614,0.6919294595718384,0.0104601271450519,0.6216325759887695,0.6260319352149963,0.0117877079173922,0.6531078219413757,0.6027354001998901,0.0116102388128638,0.6242993474006653,0.6241682767868042,-0.0144979348406195,0.6274481415748596,0.5153791904449463,-0.0195776745676994,0.6330465078353882,0.4522194266319275,-0.0214173570275306,0.6393724679946899,0.4050276279449463,-0.0235610250383615,0.6680980920791626,0.6016567945480347,-0.0158834923058748,0.6631700396537781,0.5556917190551758,-0.0123968999832868,0.6603962182998657,0.584220826625824,-0.0001555233902763,0.6628081202507019,0.6168234944343567,0.0071449256502091,0.7087702751159668,0.6001717448234558,-0.0153747973963618,0.692482590675354,0.5827240347862244,-0.0084347790107131,0.6926075220108032,0.6044194102287292,0.0019093253649771,0.6965418457984924,0.6343227028846741,0.0061188940890133,0.7418530583381653,0.6059097647666931,-0.014362677000463,0.7237496376037598,0.6035297513008118,-0.0050409655086696,0.7232610583305359,0.6253921389579773,0.0035205928143113,0.7269506454467773,0.6486920118331909,0.0087086474522948,Pointing_Left
IMG_9587.JPG,0.9097855091094972,0.8200735449790955,-4.451331960808602e-07,0.830391526222229,0.7941574454307556,0.017039893195033,0.7820789813995361,0.7258641719818115,0.0336016491055488,0.7740907669067383,0.6636094450950623,0.056595541536808,0.7953394651412964,0.6301515102386475,0.0795515328645706,0.8072308897972107,0.6352182626724243,-0.0075910808518528,0.8024654388427734,0.53648841381073,0.0023183014709502,0.7980597615242004,0.4832431077957153,0.0009502393659204,0.797177791595459,0.4383520483970642,-0.0016535487957298,0.8536638021469116,0.6228563785552979,0.0060412064194679,0.8264376521110535,0.5954840183258057,0.0527574196457862,0.8195860981941223,0.6387564539909363,0.080733798444271,0.8242001533508301,0.6726953983306885,0.0885530412197113,0.8898827433586121,0.629762589931488,0.0226004943251609,0.854707658290863,0.6134333610534668,0.0663612410426139,0.8506942391395569,0.6540074348449707,0.0759858787059784,0.8590136170387268,0.6835817098617554,0.0691422447562217,0.919748067855835,0.6367086172103882,0.0417171455919742,0.8896779417991638,0.6249861121177673,0.0754329562187194,0.8836936354637146,0.6548925042152405,0.0845440998673439,0.8880365490913391,0.6827036142349243,0.0831977352499961,Pointing_Left
IMG_9665.JPG,0.8555391430854797,0.936346709728241,5.446009367915394e-07,0.8356158137321472,0.8299193382263184,0.0232424736022949,0.8353348970413208,0.7219085693359375,0.0169286374002695,0.8571560978889465,0.6440110802650452,0.0032520098611712,0.883233904838562,0.5895174741744995,-0.0082153417170047,0.7910658717155457,0.6730111837387085,-0.0218918081372976,0.8104413747787476,0.5521276593208313,-0.0484549365937709,0.8355247974395752,0.4863789975643158,-0.0615229904651641,0.8577396273612976,0.4380196928977966,-0.0682179406285286,0.804453432559967,0.6936643123626709,-0.0500832833349704,0.8573616743087769,0.5555644035339355,-0.0772557258605957,0.9186838865280152,0.5333074927330017,-0.0802804306149482,0.9586488008499146,0.5400242209434509,-0.0784332156181335,0.8357482552528381,0.728282630443573,-0.0753424316644668,0.9227178692817688,0.6181228160858154,-0.0981389731168747,0.9632606506347656,0.6599586009979248,-0.0843328684568405,0.969455361366272,0.7083404064178467,-0.0693570375442504,0.8770223259925842,0.7681698203086853,-0.0991497114300727,0.953527808189392,0.6987832188606262,-0.11016246676445,0.9757814407348632,0.7275331020355225,-0.0960770174860954,0.9733792543411256,0.7607795596122742,-0.0820446610450744,Pointing_Left
IMG_9649.JPG,0.6789737343788147,0.7686995267868042,-1.4778404988646798e-07,0.677805483341217,0.6836190223693848,0.0491497479379177,0.6899350881576538,0.6098198890686035,0.0558517687022686,0.7179269194602966,0.5658771991729736,0.0508284755051136,0.7430831789970398,0.5405386686325073,0.0439552329480648,0.6648492217063904,0.5497782230377197,0.0125635052099823,0.6848264336585999,0.459939181804657,0.0057368776760995,0.6969274282455444,0.4073583483695984,0.0007701076683588,0.7058733105659485,0.3601859807968139,-0.0046865111216902,0.6735073924064636,0.5605281591415405,-0.0192770306020975,0.7551381587982178,0.5098169445991516,-0.0217131413519382,0.7652072906494141,0.5614298582077026,-0.013123377226293,0.7543778419494629,0.5896180868148804,-0.0084538860246539,0.6921100616455078,0.5829911231994629,-0.0463263466954231,0.7733521461486816,0.5420666337013245,-0.0426910743117332,0.7785583138465881,0.5906323194503784,-0.0232652574777603,0.7633891701698303,0.618677020072937,-0.0136867184191942,0.7177567481994629,0.6072875261306763,-0.0699004754424095,0.7813707590103149,0.5770622491836548,-0.0613898560404777,0.7835425138473511,0.6150308847427368,-0.0424793288111686,0.7698032855987549,0.6408060193061829,-0.031655091792345,Pointing_Left
IMG_9565.JPG,0.7939655184745789,0.8942900896072388,-3.583953969155118e-07,0.7374655604362488,0.8099305033683777,0.0201810374855995,0.7281650900840759,0.720357358455658,0.023671668022871,0.7488574385643005,0.6550344824790955,0.0248804856091737,0.7760456800460815,0.6269363164901733,0.0241720825433731,0.7344217300415039,0.6702457070350647,-0.0158523097634315,0.7450828552246094,0.5575774312019348,-0.017449926584959,0.7536649703979492,0.4962837100028991,-0.0135490223765373,0.7611610889434814,0.4492236375808716,-0.0116418246179819,0.7815743088722229,0.6720060706138611,-0.0240505002439022,0.7971661686897278,0.598304271697998,-0.01576310954988,0.7928417325019836,0.6280023455619812,-9.54405768425204e-05,0.7864086031913757,0.6604388952255249,0.0076804924756288,0.8263357281684875,0.6924569010734558,-0.0280139707028865,0.8313202261924744,0.6332691311836243,-0.0157227516174316,0.8279195427894592,0.6591651439666748,0.0009482985478825,0.8234026432037354,0.690143883228302,0.0071011367253959,0.8624250292778015,0.7174191474914551,-0.0300574637949466,0.8621472120285034,0.665713369846344,-0.014550045132637,0.8554664850234985,0.6878579258918762,0.002213625004515,0.8502465486526489,0.7159972786903381,0.0113933980464935,Pointing_Left
IMG_9678.JPG,0.7774083614349365,0.894478440284729,2.935928762326512e-07,0.7691366076469421,0.7780492305755615,0.0498595088720321,0.7749413251876831,0.6846928596496582,0.0505131669342517,0.7951763868331909,0.6174188256263733,0.0381386317312717,0.8221137523651123,0.5684207677841187,0.0259556993842124,0.7290676236152649,0.6338068842887878,-0.0061489092186093,0.7357796430587769,0.522026538848877,-0.0336351506412029,0.747805655002594,0.4556531608104706,-0.0442214608192443,0.7559951543807983,0.4036146998405456,-0.0477015301585197,0.7390375137329102,0.6503459811210632,-0.0464253649115562,0.8002843260765076,0.5304425954818726,-0.0742617100477218,0.8590749502182007,0.5418761968612671,-0.0659894272685051,0.8862887620925903,0.5777817964553833,-0.0509707890450954,0.7655563950538635,0.6856763362884521,-0.0819099396467208,0.8449622392654419,0.5896713137626648,-0.1007649153470993,0.8853231072425842,0.6245747804641724,-0.0702942833304405,0.8884290456771851,0.6646517515182495,-0.0407637059688568,0.8009015917778015,0.727250874042511,-0.1140749901533126,0.8746747970581055,0.668062686920166,-0.1177559345960617,0.897594690322876,0.691551685333252,-0.0902885198593139,0.8951565623283386,0.7228784561157227,-0.0635247826576232,Pointing_Left
IMG_9637.JPG,0.7818962931632996,0.771560549736023,-1.9953333207922697e-07,0.7057368159294128,0.7616296410560608,-0.0091552333906292,0.6551614999771118,0.7191674113273621,-0.0198088772594928,0.6103102564811707,0.6716058254241943,-0.0268712807446718,0.591912567615509,0.6261438131332397,-0.0343943759799003,0.6689867377281189,0.6177454590797424,-0.0368862003087997,0.653536856174469,0.5151328444480896,-0.0468487590551376,0.6445811986923218,0.460023432970047,-0.0504254698753356,0.6406232118606567,0.4168198108673095,-0.0521207936108112,0.7112788558006287,0.590122401714325,-0.0263586472719907,0.6796244382858276,0.5424818396568298,-0.0173870157450437,0.6740784645080566,0.5724280476570129,-0.0006674791802652,0.6779066324234009,0.6035125255584717,0.0073201837949454,0.7511492967605591,0.585078775882721,-0.0151129942387342,0.7132002115249634,0.5542989373207092,-0.0063708531670272,0.7122895121574402,0.5843582153320312,0.0058006742037832,0.7185923457145691,0.613017737865448,0.0100836725905537,0.7835857272148132,0.5859426259994507,-0.0039302962832152,0.7497047781944275,0.5663496255874634,0.0044972542673349,0.7455653548240662,0.5953670144081116,0.0132735362276434,0.7502167820930481,0.6220638751983643,0.0182845201343297,Pointing_Left
IMG_9620.JPG,0.9235159754753112,0.8248316049575806,-5.756750738328265e-07,0.8471224308013916,0.7576429843902588,0.0176858678460121,0.8089972734451294,0.6607655882835388,0.0266100633889436,0.8106724619865417,0.5800615549087524,0.0361237972974777,0.8385645747184753,0.553443193435669,0.0447245724499225,0.8469915986061096,0.5952116847038269,-0.0146151147782802,0.8377295732498169,0.4736450016498565,-0.0116935288533568,0.8326152563095093,0.4111969470977783,-0.0057865842245519,0.8315610885620117,0.3623920679092407,-0.0029490503948181,0.9015946388244628,0.5874130725860596,-0.0132276713848114,0.8794213533401489,0.5122012495994568,0.0033569876104593,0.8677253127098083,0.5480658411979675,0.0247629918158054,0.8652944564819336,0.5868021249771118,0.035322118550539,0.9486158490180968,0.6008872389793396,-0.0077463602647185,0.9184648394584656,0.5397708415985107,0.0090794702991843,0.9093734622001648,0.5704501867294312,0.0253365691751241,0.9085671305656432,0.6096091270446777,0.0308402087539434,0.9827537536621094,0.6190636157989502,-7.735176041023806e-05,0.9571911096572876,0.5724983811378479,0.0142946746200323,0.944328784942627,0.5956912040710449,0.0253423638641834,0.9414234161376952,0.6303525567054749,0.0308611933141946,Pointing_Left
IMG_9557.JPG,0.7141169905662537,0.8851310610771179,-3.7015672660345444e-07,0.6403443813323975,0.8498455286026001,0.0262397918850183,0.5998361706733704,0.77432781457901,0.0402488969266414,0.5970895290374756,0.7075874209403992,0.0534148104488849,0.6260829567909241,0.6762352585792542,0.0648318007588386,0.605603039264679,0.6975486278533936,0.0046585365198552,0.6041008830070496,0.5880873799324036,0.0171933323144912,0.6036987900733948,0.5321341753005981,0.0244167614728212,0.6035856604576111,0.4868185520172119,0.0273665785789489,0.6512981057167053,0.677442193031311,0.0042379866354167,0.6395996809005737,0.6367542743682861,0.0374552346765995,0.6354575157165527,0.6724227666854858,0.0598253421485424,0.6361974477767944,0.7059276103973389,0.0679244473576545,0.6941564083099365,0.6810744404792786,0.0077789244242012,0.6725671291351318,0.6637576222419739,0.039501704275608,0.6716048121452332,0.6957465410232544,0.0502989441156387,0.6751539707183838,0.7265501022338867,0.0482003204524517,0.7295457124710083,0.6898844242095947,0.0141277760267257,0.7080133557319641,0.6801084280014038,0.0411232933402061,0.7069545984268188,0.7074280977249146,0.0525536313652992,0.710885226726532,0.7359172701835632,0.0555959194898605,Pointing_Left
508541772433809_.pic_thumb.jpg,0.8498493432998657,0.7754136919975281,-8.813780141281313e-07,0.7283957004547119,0.6444332003593445,0.0555921979248523,0.5775209069252014,0.5868924260139465,0.0453548580408096,0.452073872089386,0.6029857993125916,0.012587234377861,0.3588762879371643,0.6546275615692139,-0.0316761843860149,0.4309177994728088,0.506071925163269,0.014243702404201,0.1867132782936096,0.5438059568405151,-0.0099029764533042,0.0523175597190856,0.5610624551773071,-0.0406448505818843,-0.0523332953453063,0.5543013215065002,-0.0735132843255996,0.4036810994148254,0.5430454015731812,-0.0475653335452079,0.2446845769882202,0.6781068444252014,-0.0657981485128402,0.3384599089622497,0.7219153642654419,-0.0769309401512146,0.4216776192188263,0.7073100805282593,-0.094798520207405,0.4015673100948334,0.6182960867881775,-0.10267885774374,0.2778416872024536,0.7587707042694092,-0.1091584935784339,0.3801333904266357,0.7877371311187744,-0.096068300306797,0.4588494896888733,0.758395254611969,-0.1028759777545929,0.4106025099754333,0.7045059204101562,-0.1576445400714874,0.3335787653923034,0.817541241645813,-0.1767379492521286,0.4166916310787201,0.8386893272399902,-0.1643112897872924,0.4831555783748626,0.8149278163909912,-0.1570444405078888,Pointing_Left
IMG_9646.JPG,0.755391001701355,0.7707391381263733,-3.373107801962761e-07,0.6812494397163391,0.7404230833053589,0.0006485355552285,0.637488067150116,0.6653746962547302,0.0066606467589735,0.6326305270195007,0.5951449275016785,0.0189715139567852,0.6551936864852905,0.566681981086731,0.0323132947087287,0.6816990375518799,0.600739061832428,-0.0289854891598224,0.6732996106147766,0.4919218420982361,-0.0337093062698841,0.6727989912033081,0.4376770555973053,-0.0371271781623363,0.673572838306427,0.3916494846343994,-0.0391884222626686,0.7264807820320129,0.5853055715560913,-0.0155799537897109,0.6974500417709351,0.5090108513832092,0.0036217062734067,0.6823678016662598,0.5305017232894897,0.0278249215334653,0.6776557564735413,0.5575463175773621,0.0412153750658035,0.7595658898353577,0.5847373604774475,-0.0003922812175005,0.7236210703849792,0.523749828338623,0.019350167363882,0.7083570957183838,0.5402460694313049,0.0371693335473537,0.7049435377120972,0.5658342838287354,0.0454863160848617,0.7815572619438171,0.5906427502632141,0.0152951255440711,0.7503654956817627,0.549472987651825,0.0301694851368665,0.7325860261917114,0.5583136677742004,0.0404227040708065,0.726875364780426,0.5796367526054382,0.046772114932537,Pointing_Left
507971772433754_.pic.jpg,0.958827257156372,0.7320892810821533,-7.230533469737566e-07,0.8559669852256775,0.6482200622558594,0.0260212998837232,0.7273448705673218,0.6068544983863831,0.0168501660227775,0.608596920967102,0.6066816449165344,-0.0039812577888369,0.5251134634017944,0.6248115301132202,-0.0303016975522041,0.6392255425453186,0.5216747522354126,0.0050797830335795,0.4576628506183624,0.5415690541267395,-0.0128097599372267,0.3503096401691437,0.5514915585517883,-0.0351029448211193,0.2736482918262481,0.5459839701652527,-0.0583998635411262,0.6337252259254456,0.5406976938247681,-0.0293511021882295,0.4962473511695862,0.6525823473930359,-0.0356318093836307,0.5623151063919067,0.6887867450714111,-0.0411475822329521,0.6236423850059509,0.6777510643005371,-0.0538859255611896,0.640590488910675,0.5884889364242554,-0.0613240897655487,0.537941038608551,0.7079815864562988,-0.0574324689805507,0.613248348236084,0.7290369272232056,-0.0496891699731349,0.6677737832069397,0.7042123079299927,-0.0586149133741855,0.6504337787628174,0.6489023566246033,-0.0950803607702255,0.5807456374168396,0.7417632937431335,-0.1058274433016777,0.6442621946334839,0.7572963237762451,-0.1012314781546592,0.6954842209815979,0.7384515404701233,-0.0998828038573265,Pointing_Left
509171772433875_.pic.jpg,0.1735791563987732,0.5241770148277283,-2.805534791150422e-07,0.3195347189903259,0.4823143482208252,-0.0273514650762081,0.4132786989212036,0.4240534603595733,-0.0468709915876388,0.4847513139247894,0.3810163736343384,-0.0616141594946384,0.5507991313934326,0.3584775030612945,-0.0738575905561447,0.269329160451889,0.302630752325058,-0.0546776764094829,0.3432885706424713,0.3391027450561523,-0.0673167183995246,0.354657381772995,0.3815962672233581,-0.0840755254030227,0.335585355758667,0.4004208445549011,-0.0993485376238823,0.1759860813617706,0.3139156401157379,-0.0526554733514785,0.2581020891666412,0.3464343845844269,-0.0481050498783588,0.2703629732131958,0.3771371841430664,-0.0546470284461975,0.2476240992546081,0.3926740884780884,-0.0734808444976806,0.1080297380685806,0.3472248315811157,-0.0493972189724445,0.1766899824142456,0.3629934787750244,-0.0513968542218208,0.1919685006141662,0.3887909948825836,-0.0511853247880935,0.1766846626996994,0.4040439128875732,-0.0614391379058361,0.0579666793346405,0.382977157831192,-0.047621052712202,0.1127093732357025,0.3926288485527038,-0.0496470816433429,0.1340233385562896,0.4158201813697815,-0.0402592048048973,0.1314774602651596,0.431274950504303,-0.0381179600954055,Pointing_Right
IMG_9856.JPG,0.7705812454223633,0.5464370846748352,-4.927351255901158e-07,0.7157410383224487,0.6187856197357178,3.4169450373155996e-05,0.6646355390548706,0.664189338684082,-0.0108445072546601,0.6246073246002197,0.712617814540863,-0.0233206767588853,0.6129243969917297,0.7729533314704895,-0.035740241408348,0.6177439093589783,0.575481116771698,-0.0171304214745759,0.5783984065055847,0.5796487331390381,-0.0170040689408779,0.6035081148147583,0.5898352265357971,-0.0142792863771319,0.6292454600334167,0.594865620136261,-0.0132887512445449,0.6203403472900391,0.5178523063659668,-0.0212292913347482,0.583460807800293,0.5346871018409729,-0.0138169256970286,0.6036008596420288,0.5498101711273193,-0.0087395356968045,0.6262661218643188,0.5499536395072937,-0.0105431042611598,0.6325950026512146,0.4710777699947357,-0.0229726452380418,0.5926952958106995,0.4914856851100921,-0.0129474950954318,0.6097131371498108,0.5076553821563721,-0.0047185770235955,0.6322142481803894,0.5134080648422241,-0.0052334354259073,0.648192286491394,0.4337978959083557,-0.0250044148415327,0.6142820715904236,0.4528216123580932,-0.0129254329949617,0.6258388161659241,0.4728702306747436,-0.0001721414591884,0.6432976722717285,0.4815886914730072,0.0058405715972185,Pointing_Right
IMG_9672.JPG,0.8053717017173767,0.7859714031219482,-2.218664008069027e-07,0.7319049835205078,0.7764966487884521,-0.0412455722689628,0.6956501007080078,0.7252000570297241,-0.0509924069046974,0.6765072345733643,0.6760091781616211,-0.0381548330187797,0.6628360748291016,0.6288280487060547,-0.0238350853323936,0.7174273133277893,0.6164028644561768,-0.0980945080518722,0.6839494109153748,0.5225875377655029,-0.1027166023850441,0.6629796028137207,0.4678401350975036,-0.104246936738491,0.6532456874847412,0.4213691353797912,-0.1038500815629959,0.7514625787734985,0.6034969687461853,-0.0505502447485923,0.6902161836624146,0.5545687079429626,-0.0179802682250738,0.675607442855835,0.6060117483139038,0.0170537550002336,0.6802546977996826,0.6387664675712585,0.0328175313770771,0.7688154578208923,0.5994871854782104,-0.0013228751486167,0.7109085917472839,0.5691089630126953,0.0287778135389089,0.7008235454559326,0.6205193996429443,0.040379598736763,0.7078603506088257,0.6513831615447998,0.0376142524182796,0.777812659740448,0.5909684300422668,0.0472230203449726,0.7325984239578247,0.5829548835754395,0.0659241676330566,0.7201808094978333,0.616709291934967,0.0668893307447433,0.7212976217269897,0.6447506546974182,0.0616685077548027,Pointing_Left
IMG_9774.JPG,0.9281908869743348,0.5868488550186157,-6.674012098528692e-08,0.8852137327194214,0.5968636870384216,-0.0288043785840272,0.8512892127037048,0.6345916390419006,-0.048544842749834,0.865755021572113,0.6685824394226074,-0.0670836269855499,0.8980075716972351,0.6959484815597534,-0.0855297297239303,0.8620574474334717,0.7559655904769897,-0.0414803139865398,0.864342212677002,0.8470562696456909,-0.0735797435045242,0.8712420463562012,0.905808925628662,-0.0958986952900886,0.8803616762161255,0.9549387693405152,-0.111927255988121,0.9026264548301696,0.7508346438407898,-0.0434213392436504,0.9213625192642212,0.7700918316841125,-0.0912530571222305,0.9223650693893432,0.6937831044197083,-0.1060127615928649,0.9152352213859558,0.644661545753479,-0.1074002012610435,0.9384981989860536,0.735220193862915,-0.0478401333093643,0.9592806100845336,0.7450243234634399,-0.0916004478931427,0.9492054581642152,0.6756274700164795,-0.0877774208784103,0.9348520040512084,0.6327561736106873,-0.0757697224617004,0.9706049561500548,0.7141443490982056,-0.0546792112290859,0.9835854768753052,0.7159040570259094,-0.087154671549797,0.9714792966842652,0.6621097922325134,-0.0839185863733291,0.9540841579437256,0.6303253173828125,-0.0741678550839424,Pointing_Right
IMG_9696.JPG,0.6649420857429504,0.7605657577514648,-5.0780212035306256e-08,0.6743544936180115,0.6667056083679199,0.0726947262883186,0.6780014634132385,0.5981112122535706,0.0948840901255607,0.6842525601387024,0.5514875054359436,0.1025290340185165,0.691433310508728,0.5071748495101929,0.106180764734745,0.6378811597824097,0.5549560785293579,0.0264761988073587,0.6514458656311035,0.4723048210144043,0.0162947531789541,0.6665041446685791,0.4131048321723938,0.0146588208153843,0.6824866533279419,0.3705919981002807,0.0126676186919212,0.6446149349212646,0.5663055777549744,-0.0217677168548107,0.654506266117096,0.4615408778190613,-0.0468480102717876,0.6738007068634033,0.394159197807312,-0.0551442503929138,0.6931910514831543,0.3428077697753906,-0.0592180453240871,0.6614071130752563,0.5849999189376831,-0.0641300082206726,0.6721298098564148,0.4885472953319549,-0.090411439538002,0.6918067932128906,0.4249171018600464,-0.1000584661960601,0.7103641629219055,0.374114066362381,-0.1043222323060035,0.6879992485046387,0.6086740493774414,-0.0987221300601959,0.7008018493652344,0.5342373251914978,-0.1243186667561531,0.7128232717514038,0.4819731712341308,-0.137211263179779,0.7242972254753113,0.4381809830665588,-0.1457215249538421,Pointing_Left
508551772433810_.pic.jpg,0.9001553058624268,0.7845594882965088,-8.057554055085347e-07,0.7687214016914368,0.657977819442749,0.037008412182331,0.6012381911277771,0.6129508018493652,0.020962381735444,0.4556013345718384,0.6442222595214844,-0.0110422121360898,0.3542824387550354,0.7081072330474854,-0.0520252883434295,0.4908105134963989,0.5243778228759766,-0.0020004173275083,0.2434508502483368,0.5707609057426453,-0.0281101632863283,0.0960946977138519,0.6024039387702942,-0.057845901697874,-0.0096972584724426,0.6076932549476624,-0.0887467637658119,0.4802221655845642,0.5585378408432007,-0.0541742853820323,0.3027244806289673,0.7060542702674866,-0.0619708634912967,0.3931090533733368,0.7542476654052734,-0.070649653673172,0.4733757674694061,0.7414169907569885,-0.0892625376582145,0.4872367978096008,0.6283833980560303,-0.1025687754154205,0.355353832244873,0.7891762852668762,-0.1002080738544464,0.464144766330719,0.8155364394187927,-0.0962890833616256,0.5371973514556885,0.7791284322738647,-0.1124224364757537,0.4964712858200073,0.7120277881622314,-0.1524539738893509,0.4065845608711242,0.8399635553359985,-0.1698093712329864,0.491726815700531,0.8601728677749634,-0.165346473455429,0.5553398132324219,0.8329411745071411,-0.1655692458152771,Pointing_Left
IMG_9659.JPG,0.686107873916626,0.779111385345459,-3.432787991641817e-07,0.629343569278717,0.7163885235786438,0.0114197488874197,0.6103394627571106,0.6329600811004639,0.0135396970435976,0.6262799501419067,0.5661137700080872,0.0149127254262566,0.6557067632675171,0.5462207794189453,0.0149897010996937,0.6290068030357361,0.5789803862571716,-0.0155781600624322,0.6480171084403992,0.4755784273147583,-0.0172431226819753,0.6586723923683167,0.4203185439109802,-0.0152308847755193,0.6685788631439209,0.377604067325592,-0.0154956802725791,0.6755694150924683,0.5781330466270447,-0.0175572093576192,0.6783859729766846,0.5210303664207458,-0.0077053378336131,0.6707563400268555,0.5505752563476562,0.0073250383138656,0.6655656695365906,0.5807811617851257,0.013733203522861,0.7158299088478088,0.5947299599647522,-0.0168227218091487,0.707856297492981,0.5491616129875183,-0.0053610536269843,0.7018640041351318,0.5749882459640503,0.0087837213650345,0.6965024471282959,0.6052125096321106,0.0129495374858379,0.7481456995010376,0.6148552894592285,-0.0150638259947299,0.7353529334068298,0.5803994536399841,-0.0052944072522223,0.7281985282897949,0.6024525165557861,0.0046602608636021,0.7248966097831726,0.628918468952179,0.0096996081992983,Pointing_Left
IMG_9840.JPG,0.6935182809829712,0.5321354269981384,1.0451373100295315e-07,0.6436041593551636,0.5073846578598022,-0.0156250372529029,0.5968083143234253,0.5118362903594971,-0.0301773250102996,0.565148115158081,0.5322144627571106,-0.0466104373335838,0.5827012062072754,0.5550944209098816,-0.0631930381059646,0.5684816837310791,0.6277575492858887,-0.0279564019292593,0.541223406791687,0.7059464454650879,-0.0550602972507476,0.5306634306907654,0.7531142830848694,-0.0759225189685821,0.5231807827949524,0.7993524074554443,-0.0912917852401733,0.59915691614151,0.6522898077964783,-0.0366035811603069,0.5765169262886047,0.6757025718688965,-0.0709978118538856,0.5908660888671875,0.6112958788871765,-0.0845272317528724,0.6046022176742554,0.5718919038772583,-0.0890279710292816,0.6342846751213074,0.6614355444908142,-0.0465457253158092,0.6238033771514893,0.6694257259368896,-0.0779127404093742,0.6339709758758545,0.6041232347488403,-0.0777130350470542,0.6431346535682678,0.5671534538269043,-0.0716483443975448,0.6697968244552612,0.6612356901168823,-0.0583986490964889,0.6646603941917419,0.659650444984436,-0.0788617059588432,0.6661795973777771,0.6114850044250488,-0.0773712992668151,0.6681680679321289,0.5796598792076111,-0.0728616416454315,Pointing_Right
508881772433843_.pic.jpg,0.4362988173961639,0.759938657283783,-4.194015730263345e-07,0.5561158061027527,0.6979255080223083,-0.0013740895083174,0.618624746799469,0.6259430646896362,-0.0065963962115347,0.659930944442749,0.5659869313240051,-0.0113233663141727,0.7143824100494385,0.541995108127594,-0.0147796217352151,0.4902676939964294,0.5257426500320435,-0.0298201534897089,0.5167637467384338,0.5289461016654968,-0.0303254462778568,0.5289537906646729,0.5730379223823547,-0.0335908234119415,0.5229225158691406,0.6033627390861511,-0.0378983207046985,0.4090187549591064,0.5366203784942627,-0.0334754809737205,0.4523140788078308,0.5562778115272522,-0.0175569783896207,0.4694050848484039,0.592046320438385,-0.0141874151304364,0.4650715589523315,0.6167730093002319,-0.0245855264365673,0.3473855257034302,0.5675256848335266,-0.0332002416253089,0.3871261477470398,0.5879235863685608,-0.0230255257338285,0.4047586917877197,0.616139829158783,-0.0176221933215856,0.4000585973262787,0.6388698220252991,-0.0244530364871025,0.2988206744194031,0.5998634099960327,-0.0329880863428115,0.3303973078727722,0.612794816493988,-0.0275104809552431,0.351871132850647,0.6373087167739868,-0.016143737360835,0.3566072583198547,0.6584388017654419,-0.0110612530261278,Pointing_Right
509041772433859_.pic.jpg,0.4727199971675873,0.8547420501708984,-1.7985172462431365e-07,0.6317012906074524,0.768351674079895,-0.0188263729214668,0.7126291990280151,0.6792848110198975,-0.0349515862762928,0.7663167119026184,0.6040027737617493,-0.0446991547942161,0.8268942832946777,0.5704906582832336,-0.0490718558430671,0.5247349739074707,0.5817016959190369,-0.0623555742204189,0.6218172311782837,0.5746504664421082,-0.0715551003813743,0.6500715017318726,0.6319378614425659,-0.0755803138017654,0.6343600153923035,0.6709756851196289,-0.0781358778476715,0.4272608757019043,0.5965114235877991,-0.0553952865302562,0.5403997898101807,0.5950132608413696,-0.0463581643998622,0.5711694955825806,0.6399335265159607,-0.0407634116709232,0.5595059990882874,0.6751288175582886,-0.0496489368379116,0.3620050251483917,0.6292242407798767,-0.0449683740735054,0.4663076400756836,0.6273353099822998,-0.0371019504964351,0.491275817155838,0.6624443531036377,-0.0258919578045606,0.4772694408893585,0.6951131820678711,-0.0294373091310262,0.3169355988502502,0.662889838218689,-0.0353421345353126,0.4003752768039703,0.6553773880004883,-0.0301703251898288,0.427726000547409,0.6836938858032227,-0.0166905205696821,0.4261060059070587,0.7113803625106812,-0.0104728247970342,Pointing_Right
IMG_9728.JPG,0.6092888712882996,0.8005499243736267,-6.976835038585705e-07,0.6181759238243103,0.6759397983551025,0.0122262388467788,0.6567697525024414,0.5805317163467407,0.0093273427337408,0.6937786340713501,0.4994507431983948,0.0043059475719928,0.6989209055900574,0.4287158846855163,-0.0007526786648668,0.7663725018501282,0.6027458310127258,-0.0081711467355489,0.7715102434158325,0.6277808547019958,0.0099776480346918,0.7382950186729431,0.652201771736145,0.0236729197204113,0.7113519906997681,0.6596153378486633,0.0296845622360706,0.7951831817626953,0.6689074635505676,-0.0138938780874013,0.7801790237426758,0.6877871751785278,0.018741076812148,0.7441937327384949,0.7034876346588135,0.0314710848033428,0.7195909023284912,0.7126697897911072,0.0293119195848703,0.8000500798225403,0.7408742308616638,-0.0147119872272014,0.783554196357727,0.7441738843917847,0.0150752924382686,0.7517968416213989,0.760011613368988,0.0223849844187498,0.7251619696617126,0.7654761075973511,0.0156851150095462,0.7952871918678284,0.8051588535308838,-0.0148228919133543,0.7874885201454163,0.8074066638946533,0.0113647188991308,0.7612354159355164,0.8133013844490051,0.0254505258053541,0.7385686635971069,0.8139892220497131,0.029533602297306,Pointing_Left
509001772433855_.pic.jpg,0.6707905530929565,0.5215831995010376,-5.666718152497197e-07,0.774040162563324,0.4826862812042236,0.0069137071259319,0.8501806259155273,0.4343264698982239,0.0046299071982502,0.9116177558898926,0.397324800491333,0.0006453901296481,0.9672097563743592,0.388949304819107,-0.0044378046877682,0.7686177492141724,0.306170105934143,-0.01666628010571,0.7707293033599854,0.3367996215820312,-0.0105448719114065,0.7697629928588867,0.3751093447208404,-0.0144983446225523,0.7648681998252869,0.3975537717342376,-0.0213686879724264,0.6804757118225098,0.3056306838989258,-0.0264745950698852,0.6913084387779236,0.3398014605045318,-0.0061620827764272,0.6953089237213135,0.37271648645401,-0.0074080247431993,0.693153440952301,0.39478799700737,-0.0216842852532863,0.6049604415893555,0.3256925046443939,-0.0310940127819776,0.6167752742767334,0.3514596819877624,-0.0196108147501945,0.6310215592384338,0.3803212642669678,-0.0213961787521839,0.6336451768875122,0.4030907154083252,-0.0333788692951202,0.5388263463973999,0.3497782945632934,-0.0347075723111629,0.5499989986419678,0.3673159480094909,-0.0296330489218235,0.5709351301193237,0.3929103314876556,-0.0212616417557001,0.5827333927154541,0.4134062528610229,-0.0187350828200578,Pointing_Right
IMG_9818.JPG,0.7623851895332336,0.580867350101471,1.085645138232394e-07,0.719804048538208,0.5902554392814636,-0.0140373688191175,0.6914811134338379,0.6310374736785889,-0.0217106398195028,0.6960002183914185,0.677893340587616,-0.0297465398907661,0.7191970348358154,0.703174889087677,-0.038242720067501,0.6964725255966187,0.7105700969696045,-0.008709417656064,0.6906202435493469,0.7723475694656372,-0.0249010007828474,0.6917502880096436,0.814095675945282,-0.0375871360301971,0.6930640935897827,0.8488682508468628,-0.0472847335040569,0.7252158522605896,0.7138680219650269,-0.0130583206191658,0.7224645018577576,0.7663224935531616,-0.0378177799284458,0.7296248078346252,0.7224024534225464,-0.049306645989418,0.730676531791687,0.6867321729660034,-0.0516951009631156,0.7527289390563965,0.7065508365631104,-0.0194032173603773,0.7542353868484497,0.7482537031173706,-0.0458746664226055,0.753569483757019,0.700492262840271,-0.0488278158009052,0.7483473420143127,0.6657209396362305,-0.0438380502164363,0.7787280082702637,0.6909456253051758,-0.0266017820686101,0.7793852090835571,0.7240921854972839,-0.0455746315419673,0.7746392488479614,0.6899273991584778,-0.0452999807894229,0.7669702172279358,0.6612569093704224,-0.0408818498253822,Pointing_Right
508561772433811_.pic.jpg,0.9900972843170166,0.7897756099700928,-7.309024567803135e-07,0.8434016704559326,0.706539511680603,0.0297008734196424,0.676372230052948,0.6846014857292175,0.008814456872642,0.5243015289306641,0.7237468361854553,-0.0282568950206041,0.4188579618930816,0.7770941257476807,-0.0729537680745124,0.582395076751709,0.5387532711029053,0.0027594624552875,0.3551718890666961,0.5736446380615234,-0.0203388687223196,0.2171433568000793,0.5940185785293579,-0.0504609160125255,0.1165688633918762,0.5930824279785156,-0.0835327506065368,0.5783646702766418,0.562059223651886,-0.0437395684421062,0.4026484787464142,0.7130426168441772,-0.0507360436022281,0.4900728464126587,0.7553523778915405,-0.0586199834942817,0.5678430795669556,0.7367928624153137,-0.0782423317432403,0.5939512252807617,0.6252941489219666,-0.0880509465932846,0.467985451221466,0.786042332649231,-0.0823720842599868,0.5627932548522949,0.8101167678833008,-0.0741437524557113,0.6259487867355347,0.7742894887924194,-0.0887829735875129,0.6109051704406738,0.7048858404159546,-0.1350422948598861,0.5250335931777954,0.8265208601951599,-0.1507235765457153,0.6024182438850403,0.8447244763374329,-0.1482362002134323,0.6651888489723206,0.8179961442947388,-0.1507187485694885,Pointing_Left
509221772433882_.pic.jpg,0.1151180416345596,0.5069929361343384,-2.5118288249359466e-07,0.2834480702877044,0.4558891057968139,-0.038676980882883,0.38023841381073,0.3808382749557495,-0.0538706816732883,0.4536740779876709,0.319250226020813,-0.0603159628808498,0.5255732536315918,0.2850386500358581,-0.0612976551055908,0.1910855323076248,0.2510324716567993,-0.0434856787323951,0.289961576461792,0.2720454037189483,-0.0401031114161014,0.3159676790237427,0.3238823413848877,-0.0461426004767417,0.3032094240188598,0.3535739183425903,-0.0547324456274509,0.089189276099205,0.2656416893005371,-0.0270734801888465,0.1986744701862335,0.288102388381958,-0.0089995265007019,0.2244791090488433,0.3313690721988678,-0.0137589601799845,0.2081325054168701,0.3592410087585449,-0.0317237675189971,0.0246141850948333,0.3048751056194305,-0.0096334144473075,0.1156283318996429,0.311777263879776,-2.235486135759857e-05,0.1432220339775085,0.3470852077007293,-0.0023073253687471,0.1304753273725509,0.3744255006313324,-0.0153523124754428,-0.0166828036308288,0.3440224826335907,0.0057043354026973,0.0502180159091949,0.3470589518547058,0.0105253988876938,0.0773599594831466,0.3744979202747345,0.0177077781409025,0.0755998939275741,0.3979747295379638,0.0181560087949037,Pointing_Right
IMG_9777.JPG,0.8439437747001648,0.4914695024490356,4.83100706105688e-08,0.785463809967041,0.4740889966487884,-0.0234164129942655,0.7334040999412537,0.484804093837738,-0.0472401641309261,0.7080880999565125,0.4977179765701294,-0.0717176422476768,0.737438976764679,0.5150428414344788,-0.0951401963829994,0.7218210697174072,0.6226838827133179,-0.0497718378901481,0.7034814357757568,0.6939137578010559,-0.0821445062756538,0.6915034651756287,0.7430140972137451,-0.1045887842774391,0.6851468086242676,0.7875044345855713,-0.1210783421993255,0.7635703682899475,0.6486666202545166,-0.0586737357079982,0.7530164122581482,0.6138002872467041,-0.103802889585495,0.7627779841423035,0.5386354923248291,-0.1139488816261291,0.7762128114700317,0.4939979314804077,-0.1130805984139442,0.8069130182266235,0.6455281972885132,-0.0690238699316978,0.7957838773727417,0.5857314467430115,-0.1049807295203208,0.7956661581993103,0.5198127031326294,-0.0978497564792633,0.8012778759002686,0.4862076640129089,-0.0854266807436943,0.8434486985206604,0.6250829696655273,-0.0828021839261055,0.8309599757194519,0.5684021711349487,-0.1027199029922485,0.826725423336029,0.5233312249183655,-0.0964070558547973,0.826420247554779,0.5025302171707153,-0.0873059257864952,Pointing_Right
508101772433766_.pic_thumb.jpg,0.8351701498031616,0.7449406981468201,-5.308601771503163e-07,0.7565197348594666,0.6523096561431885,0.0203856248408556,0.6582168340682983,0.6089599132537842,0.0059397900477051,0.5715038776397705,0.6154224276542664,-0.0196168553084135,0.5091464519500732,0.649232804775238,-0.0517634339630603,0.5567631125450134,0.5558481812477112,-0.0108776409178972,0.3873409032821655,0.5664153695106506,-0.0350501909852027,0.2843748927116394,0.5764685869216919,-0.0600589625537395,0.2076826989650726,0.5778566598892212,-0.0835394784808158,0.5375010967254639,0.585652768611908,-0.0437542162835598,0.4192862212657928,0.6839993000030518,-0.0622975304722785,0.4772607386112213,0.7185239791870117,-0.0714048519730568,0.5290951728820801,0.7089537382125854,-0.0832425355911254,0.5352687239646912,0.6404407024383545,-0.0734082460403442,0.4507667422294616,0.7422663569450378,-0.0837727785110473,0.5171364545822144,0.7607492208480835,-0.0780718252062797,0.5658831596374512,0.7367880344390869,-0.0832449495792388,0.5376071333885193,0.7026817798614502,-0.1038440242409706,0.4904629588127136,0.7839028239250183,-0.1235878393054008,0.5488718748092651,0.7987892627716064,-0.117849051952362,0.5942917466163635,0.7799999117851257,-0.112884409725666,Pointing_Left
508731772433828_.pic.jpg,0.3760151863098144,0.871135413646698,-4.894440053249127e-07,0.5716542601585388,0.7683332562446594,0.0156636871397495,0.6851763725280762,0.6601310968399048,0.0176428258419036,0.7704763412475586,0.5795746445655823,0.0195065736770629,0.8447007536888123,0.5532199740409851,0.0233328770846128,0.500114381313324,0.5002011060714722,-0.0205931458622217,0.5634505152702332,0.5040656924247742,-0.0131548345088958,0.5786848664283752,0.5692557692527771,-0.0210850089788436,0.5629909038543701,0.6105459332466125,-0.0304182283580303,0.3540952503681183,0.5202713012695312,-0.031694509088993,0.4463992416858673,0.5276505947113037,0.0075940927490592,0.465680181980133,0.5785390138626099,0.0152511587366461,0.4433833956718445,0.6147459149360657,-0.0014411760494112,0.2431365847587585,0.5669389963150024,-0.0356261953711509,0.3261592388153076,0.5624274611473083,-0.001762596424669,0.3505736291408539,0.6047084927558899,0.0141708618029952,0.3357499837875366,0.6446918249130249,0.0050829327665269,0.1585637331008911,0.6168212890625,-0.0381239391863346,0.2265633046627044,0.6073192358016968,-0.0100709684193134,0.2595998644828796,0.6429160237312317,0.020810505375266,0.2575720250606537,0.679114818572998,0.034835111349821,Pointing_Right
IMG_9614.JPG,0.7316603660583496,0.7926062941551208,-2.785843662422849e-07,0.6674935817718506,0.7667039036750793,0.0282716937363147,0.6338633298873901,0.7043153047561646,0.0375764332711696,0.6328364014625549,0.6448217034339905,0.0451938211917877,0.657365083694458,0.6184844970703125,0.0507325641810894,0.6343345046043396,0.6309468746185303,-0.0068323072046041,0.6345029473304749,0.5270869731903076,-0.0094023291021585,0.6378602981567383,0.4689030647277832,-0.0140820024535059,0.6420615911483765,0.4241775870323181,-0.0183712411671876,0.6764935255050659,0.6139816641807556,-0.0114256115630269,0.679688036441803,0.5669904947280884,0.0072981086559593,0.6806835532188416,0.6022619009017944,0.0262673366814851,0.6800552010536194,0.6365337371826172,0.0339636318385601,0.7176384329795837,0.6176009178161621,-0.0120354406535625,0.7107763290405273,0.5958779454231262,0.0105028711259365,0.7117652893066406,0.6230360269546509,0.0253269802778959,0.7136096358299255,0.6552794575691223,0.0277392547577619,0.7517247796058655,0.6256542801856995,-0.0100243519991636,0.741226315498352,0.6187270879745483,0.0095266802236437,0.7406334280967712,0.6467336416244507,0.0219065379351377,0.7425976395606995,0.6722476482391357,0.0271604135632514,Pointing_Left
508691772433824_.pic_thumb.jpg,0.371248185634613,0.9742391705513,-7.734971063655394e-07,0.5608463287353516,0.8706897497177124,0.0169989503920078,0.6554915308952332,0.761681079864502,0.0200023483484983,0.7198642492294312,0.6835091710090637,0.0154331671074032,0.799655556678772,0.6556386947631836,0.0105721168220043,0.4878889918327331,0.6079928874969482,0.011688632890582,0.5190525650978088,0.5849320888519287,0.0060975407250225,0.5264220237731934,0.6487452387809753,-0.0142735037952661,0.5161635279655457,0.6958191394805908,-0.0303836930543184,0.3590208292007446,0.619411051273346,-0.0054055606015026,0.4159778356552124,0.6018210053443909,0.0089312549680471,0.4297705888748169,0.6542456150054932,0.0035645987372845,0.4166248738765716,0.7022904753684998,-0.011261056177318,0.256960928440094,0.6547598838806152,-0.0192408896982669,0.3180249631404876,0.6420004963874817,-0.0067559876479208,0.3321724534034729,0.6863855123519897,0.0015352141344919,0.3222531974315643,0.7319384813308716,-0.0031651037279516,0.1736496090888977,0.6967407464981079,-0.0326076596975326,0.2267737984657287,0.6828095316886902,-0.0236870143562555,0.2491952031850814,0.7219504714012146,-0.0019611665047705,0.2489483654499054,0.7597908973693848,0.0123454462736845,Pointing_Right
IMG_9779.JPG,0.7751874923706055,0.5499675273895264,2.2356974227477627e-07,0.7173787951469421,0.5257810354232788,-0.0236729122698307,0.6664333343505859,0.5373453497886658,-0.047140933573246,0.6390225291252136,0.5520964860916138,-0.07097989320755,0.6596642136573792,0.5715009570121765,-0.0936550796031951,0.6496649980545044,0.667068362236023,-0.0502252988517284,0.6253849267959595,0.7364968061447144,-0.0879221484065055,0.6072161793708801,0.7855811715126038,-0.1138610914349556,0.5948187112808228,0.829695999622345,-0.1320455968379974,0.6881949305534363,0.6953598260879517,-0.0592122599482536,0.6666463613510132,0.6661018133163452,-0.1095132008194923,0.6776750087738037,0.5921097993850708,-0.1212706342339515,0.6941788792610168,0.5494778752326965,-0.1201376542448997,0.7287812232971191,0.6949169039726257,-0.0701688826084137,0.7079576253890991,0.6446983814239502,-0.1136214435100555,0.7111073136329651,0.5780736804008484,-0.1075508147478103,0.720108151435852,0.5470966100692749,-0.0937031283974647,0.7640231847763062,0.6785675287246704,-0.0840156972408294,0.742235541343689,0.6268582344055176,-0.1116368472576141,0.7409167885780334,0.5799489617347717,-0.1067225560545921,0.7438410520553589,0.5589085221290588,-0.0968376323580741,Pointing_Right
508291772433785_.pic.jpg,0.6863175630569458,0.7531745433807373,-4.227247245580657e-07,0.621732234954834,0.6697940230369568,0.0258454009890556,0.5135036706924438,0.634976327419281,0.0155054191127419,0.4143977463245392,0.6450961232185364,-0.0041071767918765,0.3511970937252044,0.6808651089668274,-0.0312819629907608,0.4304081201553345,0.5864505767822266,-0.0170693807303905,0.2486335933208465,0.6174806356430054,-0.0348019339144229,0.1305539608001709,0.6360699534416199,-0.0469613559544086,0.049267292022705,0.6411923766136169,-0.0613032095134258,0.4107668399810791,0.6179360747337341,-0.0455263517796993,0.2984594702720642,0.7203463315963745,-0.057040549814701,0.3661067485809326,0.7552552223205566,-0.0479240044951438,0.4246980845928192,0.7469251751899719,-0.0441826209425926,0.4084154665470123,0.6744609475135803,-0.0702043622732162,0.3325689136981964,0.7831184267997742,-0.0741069763898849,0.4018938839435577,0.8028157353401184,-0.0639549419283866,0.4525950253009796,0.781129002571106,-0.0655316486954689,0.4077319800853729,0.7358672618865967,-0.0943366885185241,0.3737488985061645,0.8225434422492981,-0.1162816286087036,0.4377362728118896,0.8348895311355591,-0.1182327643036842,0.4848886728286743,0.8137508034706116,-0.1177385598421096,Pointing_Left
IMG_9712.JPG,0.7348599433898926,0.7635449767112732,-2.2958241174819705e-07,0.6631132960319519,0.7348682284355164,0.0022568276617676,0.6172653436660767,0.6703706383705139,-0.0046205394901335,0.5751481652259827,0.6112186908721924,-0.0110779274255037,0.5402913689613342,0.5816203355789185,-0.0199761129915714,0.6456373333930969,0.5785767436027527,-0.028942335397005,0.6492401957511902,0.4722745418548584,-0.0368256047368049,0.6527473330497742,0.4126361310482025,-0.0399878919124603,0.6574198007583618,0.3668568134307861,-0.0421740710735321,0.6933455467224121,0.561486005783081,-0.0256211478263139,0.6761239171028137,0.5322456955909729,-0.0180642511695623,0.6709945201873779,0.5697994828224182,-0.0022838986478745,0.673505961894989,0.603354275226593,0.0048202420584857,0.7361369729042053,0.5692858099937439,-0.0203233677893877,0.7123116254806519,0.551480233669281,-0.013759359717369,0.7111051678657532,0.5858064293861389,-0.0022493093274533,0.7151312232017517,0.61875981092453,0.0014166849432513,0.7721384167671204,0.5801098346710205,-0.0139284059405326,0.7493759393692017,0.5686171650886536,-0.0061352425254881,0.7456094026565552,0.6011378169059753,0.0038880011998116,0.7492285370826721,0.6302803158760071,0.0096518574282526,Pointing_Left
508121772433768_.pic.jpg,0.9772274494171144,0.7498685717582703,-7.122957867977675e-07,0.883404016494751,0.659069299697876,0.0268304627388715,0.7563449144363403,0.6150990128517151,0.0166319273412227,0.6425469517707825,0.6140342354774475,-0.0054101259447634,0.5639167428016663,0.6372518539428711,-0.0331099405884742,0.6637355089187622,0.5368775725364685,-0.0016977413324639,0.4743611812591553,0.5528761744499207,-0.0199997872114181,0.3632889091968536,0.563843309879303,-0.0424805879592895,0.2840408086776733,0.5621655583381653,-0.0661370828747749,0.651380717754364,0.564570426940918,-0.0366005264222621,0.5080679059028625,0.6720576286315918,-0.044653370976448,0.5724648237228394,0.7060625553131104,-0.0504287891089916,0.6326028108596802,0.6931164264678955,-0.0641759485006332,0.6557329297065735,0.6184576153755188,-0.0678841322660446,0.5509271621704102,0.7333282828330994,-0.0648422986268997,0.6228960752487183,0.751392662525177,-0.0561338253319263,0.6765335202217102,0.7247632741928101,-0.0650643706321716,0.66452956199646,0.6820324063301086,-0.1006509512662887,0.5967118740081787,0.7689136266708374,-0.113305889070034,0.658586323261261,0.7831671833992004,-0.1077633276581764,0.7082616090774536,0.7625501155853271,-0.1059144511818885,Pointing_Left
IMG_9561.JPG,0.838480532169342,0.8424959182739258,-2.950911834886938e-07,0.7602079510688782,0.8218380212783813,0.0019934019073843,0.7071473002433777,0.7429840564727783,0.0068756956607103,0.7026240229606628,0.6655147671699524,0.0139462305232882,0.7324368953704834,0.6373969912528992,0.0206736847758293,0.743069589138031,0.6574138402938843,-0.0089590102434158,0.7340328097343445,0.5530345439910889,0.0007961225346662,0.7307476997375488,0.4981991350650787,0.0077636530622839,0.7285208106040955,0.4538920521736145,0.0096942940726876,0.7884934544563293,0.6404166221618652,-0.0031655202619731,0.7592804431915283,0.6160609722137451,0.0128149157389998,0.7539489269256592,0.6520854234695435,0.0268558133393526,0.7608788013458252,0.6814340949058533,0.0331086926162242,0.8232022523880005,0.6446779370307922,0.0048505738377571,0.7883260250091553,0.6332653760910034,0.0185821130871772,0.7841435074806213,0.6621817946434021,0.0262990146875381,0.789814293384552,0.6915258765220642,0.0272941123694181,0.8484348654747009,0.6542242765426636,0.0134073477238416,0.8182519674301147,0.6430106163024902,0.0256813876330852,0.8138514161109924,0.6670063138008118,0.0328153632581234,0.8182964324951172,0.6940911412239075,0.0362870022654533,Pointing_Left
IMG_9765.JPG,0.7941671013832092,0.6691998243331909,1.7979370880993883e-08,0.7399303913116455,0.6581942439079285,-0.0261292662471532,0.6913318037986755,0.6868816614151001,-0.0470974184572696,0.6781459450721741,0.7319461107254028,-0.068693608045578,0.7045509815216064,0.7782200574874878,-0.0903269872069358,0.6726392507553101,0.8252765536308289,-0.0341674871742725,0.6553322076797485,0.9070973992347716,-0.0678028389811515,0.6458398103713989,0.9589685797691344,-0.0906891003251075,0.6421828866004944,1.0062988996505735,-0.1067667976021766,0.7168706655502319,0.8399501442909241,-0.041384968906641,0.7115476131439209,0.8719719052314758,-0.0898377373814582,0.7294297814369202,0.7880305647850037,-0.1050487905740737,0.7382570505142212,0.7395344972610474,-0.106179729104042,0.7611459493637085,0.8391026258468628,-0.0515349134802818,0.7612028121948242,0.8607063293457031,-0.0986489430069923,0.7650231719017029,0.7780494689941406,-0.095414251089096,0.7650443911552429,0.7310413718223572,-0.0825659334659576,0.8038745522499084,0.8286440968513489,-0.0637656524777412,0.8006422519683838,0.8433939218521118,-0.0959903672337532,0.7974885106086731,0.7837866544723511,-0.0923512578010559,0.7914000749588013,0.7461495995521545,-0.0829808861017227,Pointing_Right
IMG_9825.JPG,0.7961864471435547,0.5653496980667114,1.1280317835371535e-07,0.7539125680923462,0.5790523886680603,-0.0122601548209786,0.7264596223831177,0.627966046333313,-0.0181241240352392,0.7318958640098572,0.6769309639930725,-0.0248187948018312,0.7539774179458618,0.706416666507721,-0.0320142284035682,0.7301338911056519,0.7121720910072327,-0.0034960485063493,0.7284887433052063,0.7765646576881409,-0.017948180437088,0.7312837839126587,0.8198593854904175,-0.0302133988589048,0.7353872656822205,0.8552262187004089,-0.039608996361494,0.7605211138725281,0.7162119746208191,-0.008683362044394,0.7595992684364319,0.770519495010376,-0.0309521853923797,0.7648025751113892,0.7257813215255737,-0.042610265314579,0.7662144899368286,0.690643310546875,-0.0454278327524662,0.7900093197822571,0.7071603536605835,-0.0157468225806951,0.7939281463623047,0.7518742680549622,-0.0417095310986042,0.7926534414291382,0.7001771926879883,-0.0448357053101062,0.7872709035873413,0.6642175316810608,-0.0397764258086681,0.81883305311203,0.6883300542831421,-0.0233562141656875,0.8212080597877502,0.7247772812843323,-0.0423649176955223,0.8154652714729309,0.6887026429176331,-0.0413449704647064,0.8070937395095825,0.6599639058113098,-0.0361124724149704,Pointing_Right
508921772433847_.pic.jpg,0.5068075656890869,0.7117579579353333,-5.43765168004029e-07,0.6036415100097656,0.6569622159004211,-0.0021282355301082,0.6618054509162903,0.5983323454856873,-0.0082330703735351,0.7041954398155212,0.5517536401748657,-0.014130899682641,0.7515934705734253,0.534268319606781,-0.0210510287433862,0.5411949157714844,0.5152599215507507,-0.0353613197803497,0.5682553052902222,0.5369410514831543,-0.0396447256207466,0.5795491933822632,0.5710533857345581,-0.0477185323834419,0.575410783290863,0.5939401388168335,-0.0557529777288436,0.4614609777927398,0.5294234752655029,-0.0410443656146526,0.4957792460918426,0.5534691214561462,-0.0314211100339889,0.5077263116836548,0.581576406955719,-0.0327817760407924,0.5035174489021301,0.6028672456741333,-0.0451470427215099,0.404124915599823,0.558788001537323,-0.0425414480268955,0.4339198172092438,0.5775980949401855,-0.0382842756807804,0.4509637951850891,0.599602222442627,-0.0379127152264118,0.4508134126663208,0.6194695234298706,-0.0465793162584304,0.3586128950119018,0.5904932022094727,-0.0438934676349163,0.3793100118637085,0.5991798639297485,-0.0451768226921558,0.4020837545394897,0.6194055676460266,-0.0387880802154541,0.4131188988685608,0.6382384300231934,-0.0366049967706203,Pointing_Right
IMG_9669.JPG,0.7660189867019653,0.8633136749267578,-4.343461341704824e-07,0.6834894418716431,0.8123563528060913,0.0130714876577258,0.6368147134780884,0.7209194898605347,0.024403590708971,0.6350119709968567,0.638083279132843,0.0414901375770568,0.6637011170387268,0.5966752767562866,0.0584215074777603,0.6780604124069214,0.6370264291763306,-0.0159661844372749,0.6707627773284912,0.5199278593063354,-0.0001672559883445,0.6708971261978149,0.4642215669155121,0.0090467054396867,0.6727039217948914,0.4140954613685608,0.012535891495645,0.7281367182731628,0.6274874806404114,-0.0025589324068278,0.7008139491081238,0.5661056041717529,0.0403828285634517,0.6909837126731873,0.6029849052429199,0.072634182870388,0.6893699169158936,0.6398851275444031,0.0853277966380119,0.7708004713058472,0.6385338306427002,0.0149212693795561,0.7372156977653503,0.5900370478630066,0.057227250188589,0.728247880935669,0.6226190328598022,0.0768299847841262,0.7273922562599182,0.6552480459213257,0.0780482962727546,0.803368091583252,0.6510949730873108,0.0341650210320949,0.7754918932914734,0.6197656393051147,0.0653843954205513,0.7629885673522949,0.6444399356842041,0.0778466090559959,0.7606188654899597,0.6730473637580872,0.0805577859282493,Pointing_Left
507951772433752_.pic_thumb.jpg,0.941403865814209,0.7365652322769165,-7.324338184844237e-07,0.8533132076263428,0.655471920967102,0.0139284906908869,0.7517236471176147,0.5964158773422241,0.003765336703509,0.6931024789810181,0.5532225370407104,-0.0155240446329116,0.6767356395721436,0.5140596628189087,-0.0391251109540462,0.6417877674102783,0.5478511452674866,-0.0106255961582064,0.4673131704330444,0.5598777532577515,-0.0359864011406898,0.361810028553009,0.5683609843254089,-0.0615787841379642,0.2796175181865692,0.5661613941192627,-0.086758404970169,0.6264762282371521,0.573404848575592,-0.0378684997558593,0.5002105832099915,0.6797442436218262,-0.0650267675518989,0.562021017074585,0.7145833373069763,-0.0776489078998565,0.6133387684822083,0.7040115594863892,-0.0903469324111938,0.6275700330734253,0.6226097345352173,-0.0627933368086814,0.5357509255409241,0.7328121662139893,-0.0803770944476127,0.601424515247345,0.7537814378738403,-0.0728991851210594,0.6474372148513794,0.73162442445755,-0.0753820687532424,0.634041428565979,0.6815779209136963,-0.089199498295784,0.5790365934371948,0.7691617012023926,-0.1178886294364929,0.6398447751998901,0.7838768362998962,-0.1165181770920753,0.6858041286468506,0.7653605937957764,-0.1125423610210418,Pointing_Left
508771772433832_.pic_thumb.jpg,0.3024211227893829,0.9604679346084596,-3.779351231969486e-07,0.5546761751174927,0.8528903722763062,-0.014267586171627,0.6884475946426392,0.7026934623718262,-0.0213594194501638,0.7780972719192505,0.6011600494384766,-0.02494428306818,0.8715250492095947,0.5642577409744263,-0.0262284558266401,0.4611185193061828,0.5528198480606079,-0.0499516315758228,0.5417328476905823,0.5818019509315491,-0.0639050677418708,0.5572071671485901,0.6583713293075562,-0.0859211012721061,0.5395156741142273,0.6951808333396912,-0.1074394807219505,0.3130996525287628,0.5710152983665466,-0.0556134060025215,0.4100342988967895,0.6197591423988342,-0.0392507463693618,0.4357726573944092,0.6857786774635315,-0.0429418012499809,0.4109882712364197,0.7153913378715515,-0.0698164403438568,0.198710948228836,0.6257337927818298,-0.0582261718809604,0.284666359424591,0.6610346436500549,-0.0553247481584548,0.3120719790458679,0.716172993183136,-0.0460732728242874,0.290050595998764,0.7459842562675476,-0.0571751333773136,0.1102974712848663,0.6847127676010132,-0.0614139102399349,0.1815397441387176,0.6985496282577515,-0.0624432750046253,0.2096192836761474,0.7420015931129456,-0.0429737567901611,0.1974843144416809,0.7687597274780273,-0.0357937142252922,Pointing_Right
IMG_9833.JPG,0.8347880840301514,0.5281137228012085,4.103592488036156e-08,0.7896347641944885,0.5210604667663574,-0.0330501683056354,0.745917558670044,0.5395150184631348,-0.0575229562819004,0.7463561296463013,0.5775525569915771,-0.0802517831325531,0.7761359810829163,0.6145015954971313,-0.102524347603321,0.7446258068084717,0.6842248439788818,-0.043714165687561,0.7415405511856079,0.7689350843429565,-0.0792651399970054,0.7451977729797363,0.824475884437561,-0.1023625284433364,0.7532817125320435,0.8735678791999817,-0.1183853968977928,0.7881784439086914,0.69111567735672,-0.0471321940422058,0.787147045135498,0.7305927276611328,-0.0935666859149932,0.7949576377868652,0.6516443490982056,-0.1066913604736328,0.7938531041145325,0.611053466796875,-0.1074816733598709,0.8287041783332825,0.68332439661026,-0.0539749190211296,0.836735188961029,0.7085636854171753,-0.0999755710363388,0.8348000049591064,0.6320884823799133,-0.093361385166645,0.8272256255149841,0.5925003290176392,-0.0792184770107269,0.8665972948074341,0.6653430461883545,-0.0634445250034332,0.8740571141242981,0.6859322190284729,-0.0945111066102981,0.8673141002655029,0.6300651431083679,-0.0873288065195083,0.8566091656684875,0.600264310836792,-0.0760160535573959,Pointing_Right
509191772433878_.pic_thumb.jpg,0.1307773739099502,0.3826876282691955,-3.775678294459795e-07,0.2852194309234619,0.3613550961017608,-0.0202141646295785,0.3902429640293121,0.3070895075798034,-0.0313077419996261,0.4563589096069336,0.2712964713573456,-0.0393445640802383,0.5228959918022156,0.2623851895332336,-0.0454528518021106,0.2614005804061889,0.1575312316417694,-0.0336301289498806,0.3122047781944275,0.2011434435844421,-0.0442486219108104,0.3152407705783844,0.2530707120895386,-0.0643918812274932,0.2951049506664276,0.2784000039100647,-0.0828175321221351,0.1584661900997162,0.162348523736,-0.0349699333310127,0.2228909134864807,0.2032099366188049,-0.029673334211111,0.2308824211359024,0.2466184943914413,-0.0403137728571891,0.2102316319942474,0.2674471735954284,-0.061167623847723,0.0785749703645706,0.1936476081609726,-0.035307839512825,0.1367886364459991,0.217508465051651,-0.0414374507963657,0.1503741294145584,0.254027783870697,-0.0442604646086692,0.1382351517677307,0.2746902704238891,-0.0548315048217773,0.0213619172573089,0.2299113571643829,-0.0363604314625263,0.0669154375791549,0.2459655702114105,-0.0436625219881534,0.0834754109382629,0.2767647206783294,-0.0353171825408935,0.0798953920602798,0.2964628040790558,-0.0326193384826183,Pointing_Right
508521772433807_.pic.jpg,0.7820661664009094,0.7257054448127747,-9.594332368578762e-07,0.6695008277893066,0.6047401428222656,0.0727128237485885,0.5234889388084412,0.5538751482963562,0.0768563523888588,0.3963981866836548,0.5717117190361023,0.0586254298686981,0.3125404715538025,0.6261695623397827,0.0278650540858507,0.3871128261089325,0.4852921366691589,0.0287624709308147,0.1589093506336212,0.524758517742157,0.0209289081394672,0.0329936742782592,0.5503164529800415,0.009123214520514,-0.0549454987049102,0.5521599650382996,-0.0076148826628923,0.3609560430049896,0.525424599647522,-0.0295539479702711,0.219374731183052,0.6659373044967651,-0.0290409959852695,0.3041371703147888,0.7077383399009705,-0.024735826998949,0.3812336325645447,0.6943283081054688,-0.0310538653284311,0.3615599274635315,0.60066157579422,-0.0795749351382255,0.2613738477230072,0.7424494028091431,-0.0690191239118576,0.3540084064006805,0.7703635692596436,-0.0529271848499774,0.4212214946746826,0.7444621324539185,-0.0584178045392036,0.3674472272396087,0.6863603591918945,-0.126851350069046,0.306208997964859,0.7923629879951477,-0.1343836486339569,0.3884707391262054,0.8119156360626221,-0.1235261261463165,0.4520804286003113,0.7897824048995972,-0.1177170053124427,Pointing_Left
IMG_9769.JPG,0.7953561544418335,0.513683557510376,6.327153556640043e-08,0.7414112687110901,0.504595160484314,-0.0148539086803793,0.6964678764343262,0.5170826315879822,-0.0314206890761852,0.6716014742851257,0.5390329360961914,-0.0498779155313968,0.6948376297950745,0.5661488175392151,-0.0689297690987587,0.6818646192550659,0.634427011013031,-0.0330705679953098,0.6652361154556274,0.7081340551376343,-0.0599994286894798,0.6576673984527588,0.7562276124954224,-0.0806408300995826,0.6529988050460815,0.7996448278427124,-0.0956424176692962,0.7159523367881775,0.6497465968132019,-0.0421313345432281,0.7016674280166626,0.6528071165084839,-0.0777073353528976,0.7085850834846497,0.5893674492835999,-0.0912697687745094,0.7177267074584961,0.5470167398452759,-0.0958070382475853,0.7512161135673523,0.6491836905479431,-0.0520539283752441,0.7377632856369019,0.6428406238555908,-0.0832066312432289,0.7365284562110901,0.5814408659934998,-0.08489491045475,0.7389534115791321,0.539830207824707,-0.0804476365447044,0.7840946316719055,0.6399353742599487,-0.0636964067816734,0.7740971446037292,0.63059401512146,-0.0847840905189514,0.7684798836708069,0.585088312625885,-0.0853390917181968,0.7650550007820129,0.5500061511993408,-0.0821095257997512,Pointing_Right
508151772433771_.pic.jpg,1.047266960144043,0.7028223872184753,-5.016594286644249e-07,0.9547789096832277,0.6201930642127991,0.0199346859008073,0.8309310674667358,0.5888062119483948,0.0032733764965087,0.7194693684577942,0.6120128631591797,-0.0245139151811599,0.6460275650024414,0.6543002128601074,-0.0587941110134124,0.7697767019271851,0.5025426745414734,-0.0134066417813301,0.5861533880233765,0.5278409123420715,-0.0358270853757858,0.478744626045227,0.5407758951187134,-0.0562586858868598,0.4036096334457397,0.5341612100601196,-0.0768151879310607,0.7677276730537415,0.5284838080406189,-0.0489522702991962,0.6350635290145874,0.6330442428588867,-0.0546283982694149,0.6934494972229004,0.673284113407135,-0.0526825152337551,0.7456173896789551,0.6687399744987488,-0.0591584406793117,0.7766171097755432,0.5821777582168579,-0.0833041742444038,0.678138792514801,0.6999012231826782,-0.0809852108359336,0.751065731048584,0.7245660424232483,-0.0717400535941124,0.8028049468994141,0.7008132934570312,-0.0778116807341575,0.7832159996032715,0.6443049907684326,-0.1196813583374023,0.7129323482513428,0.7343666553497314,-0.1319261342287063,0.7695821523666382,0.7490378022193909,-0.1281228065490722,0.8191572427749634,0.7316264510154724,-0.1267414093017578,Pointing_Left
508201772433776_.pic_thumb.jpg,0.8098087310791016,0.6913596391677856,-5.388307044995599e-07,0.7305097579956055,0.5945241451263428,0.023129241541028,0.6207512617111206,0.5563027858734131,0.0110165914520621,0.5237098932266235,0.574988603591919,-0.0123943164944648,0.4596273601055145,0.616337239742279,-0.0427669249475002,0.5277442932128906,0.5084848999977112,-0.0044147912412881,0.3603005409240722,0.5290090441703796,-0.0247623510658741,0.2632515430450439,0.5454776883125305,-0.0483729690313339,0.1907056868076324,0.5519272685050964,-0.0710222199559211,0.5049594640731812,0.5406657457351685,-0.0366939529776573,0.4018880426883697,0.6303057074546814,-0.0525491349399089,0.4649968445301056,0.6622223854064941,-0.0614956840872764,0.5215355157852173,0.6551330089569092,-0.0728336945176124,0.5003693103790283,0.5955719947814941,-0.0652149468660354,0.4183259010314941,0.6863229870796204,-0.073293037712574,0.4836894273757934,0.7068721652030945,-0.0653297007083892,0.5346133708953857,0.6896204948425293,-0.0681084245443344,0.5024912357330322,0.6576322317123413,-0.0943937450647354,0.4566022157669067,0.7318445444107056,-0.1118413358926773,0.5162217617034912,0.7478640675544739,-0.1038825660943985,0.562019944190979,0.7342789173126221,-0.0967366248369216,Pointing_Left
IMG_9588.JPG,0.8795151114463806,0.8400809168815613,-3.269271644512628e-07,0.80110102891922,0.8231488466262817,0.0027137689758092,0.7432981133460999,0.7487677931785583,0.0089615508913993,0.7346218228340149,0.6756510734558105,0.016459047794342,0.7639674544334412,0.6453616619110107,0.02372357994318,0.7718455791473389,0.6583486199378967,-0.0053479792550206,0.7533089518547058,0.5542231202125549,-0.0016466649249196,0.7467855215072632,0.4963670670986175,-0.0002883452980313,0.7432979345321655,0.4513851404190063,-0.0017958701355382,0.8183798789978027,0.6348746418952942,-0.0020568310283124,0.7799538969993591,0.6162644624710083,0.0078508136793971,0.7752321362495422,0.6545286178588867,0.0179840680211782,0.7848650217056274,0.6839333176612854,0.0227247886359691,0.8557755351066589,0.6347008943557739,0.00245874049142,0.8141372799873352,0.632335364818573,0.0125677995383739,0.8113678693771362,0.6624666452407837,0.0202147085219621,0.8206599950790405,0.6912084817886353,0.022158995270729,0.8851927518844604,0.6432117819786072,0.0069819912314414,0.8496018052101135,0.6408434510231018,0.0166162885725498,0.8451076149940491,0.6650668978691101,0.0235613975673913,0.8517337441444397,0.690939724445343,0.0277424789965152,Pointing_Left
IMG_9702.JPG,0.7314024567604065,0.7656276226043701,-3.903888341483253e-07,0.6646575927734375,0.7255228757858276,0.0100778974592685,0.6316702365875244,0.6535820364952087,0.0154893202707171,0.6309588551521301,0.5869207382202148,0.0213066488504409,0.6551153659820557,0.563223659992218,0.0260767471045255,0.667253315448761,0.5692198276519775,-0.010417872108519,0.67315673828125,0.4649999737739563,-0.012288230471313,0.6769680976867676,0.4111459255218506,-0.0130848670378327,0.6818902492523193,0.3699837327003479,-0.0142094818875193,0.7135827541351318,0.5638013482093811,-0.0068731438368558,0.6956334114074707,0.520095944404602,0.0074647148139774,0.6855964660644531,0.55063796043396,0.0234833229333162,0.6849130392074585,0.5809683203697205,0.0305397361516952,0.7522519826889038,0.5798054337501526,-0.001314919325523,0.728421688079834,0.5515733957290649,0.012102729640901,0.7214374542236328,0.5787041187286377,0.0233994983136653,0.722622811794281,0.6104352474212646,0.0266205612570047,0.7816935181617737,0.598487377166748,0.0054348600097,0.7638253569602966,0.5778588652610779,0.0162161160260438,0.7537181973457336,0.603360116481781,0.0245844479650259,0.7527204155921936,0.6327099800109863,0.0293855406343936,Pointing_Left
508281772433784_.pic.jpg,0.9247852563858032,0.8439085483551025,-8.823395774015808e-07,0.8425309658050537,0.7205166816711426,0.0271927416324615,0.7077060341835022,0.6481356024742126,0.0173226166516542,0.5957329273223877,0.6114745736122131,-0.0024382381234318,0.5308833122253418,0.5953076481819153,-0.0256437808275222,0.5799682140350342,0.5768235921859741,-0.0156403761357069,0.3633735179901123,0.5976976156234741,-0.0400700978934764,0.2362305521965026,0.6102994680404663,-0.0655810534954071,0.1406043767929077,0.6042256355285645,-0.0921996608376503,0.5729741454124451,0.6071167588233948,-0.0554527305066585,0.4000111520290375,0.7253352999687195,-0.0561110116541385,0.4752697348594665,0.759217381477356,-0.0539022609591484,0.5484745502471924,0.744880199432373,-0.0674986168742179,0.5804051756858826,0.6700925230979919,-0.0924298465251922,0.4516502618789673,0.7980269193649292,-0.0817906856536865,0.5364948511123657,0.8157824277877808,-0.0636995658278465,0.6015909910202026,0.7827426791191101,-0.0721567496657371,0.5946482419967651,0.743727445602417,-0.1320484429597854,0.5050146579742432,0.8422337174415588,-0.1421262323856353,0.5760780572891235,0.8545875549316406,-0.1325355917215347,0.6309431195259094,0.8317817449569702,-0.1296571940183639,Pointing_Left
IMG_9800.JPG,0.8333829641342163,0.5214374661445618,6.284162878955614e-08,0.787114679813385,0.5029712915420532,-0.0285960771143436,0.7405459880828857,0.5110551118850708,-0.0513214468955993,0.7294469475746155,0.540160596370697,-0.0737672075629234,0.7503867149353027,0.57752925157547,-0.0961672589182853,0.7029733657836914,0.6379924416542053,-0.0417256653308868,0.6824346780776978,0.7256921529769897,-0.0789942145347595,0.6719198226928711,0.7867943048477173,-0.1055439561605453,0.6667870879173279,0.8403275012969971,-0.1235125288367271,0.74434494972229,0.6673036217689514,-0.0471312403678894,0.7392488718032837,0.6791375875473022,-0.0988883376121521,0.7674581408500671,0.6081091165542603,-0.1153882071375846,0.7840731739997864,0.5616928935050964,-0.1168530359864234,0.7859798073768616,0.6796603798866272,-0.0555601604282856,0.7910090684890747,0.6782273650169373,-0.1017285734415054,0.808540940284729,0.6055193543434143,-0.0978887155652046,0.815325915813446,0.5568737983703613,-0.0846609026193618,0.8257378339767456,0.6819028258323669,-0.0667498558759689,0.8296375274658203,0.6837227940559387,-0.0963661596179008,0.8383698463439941,0.6285633444786072,-0.0910026282072067,0.8357694149017334,0.5904495120048523,-0.0802835375070571,Pointing_Right
IMG_9585.JPG,0.910289704799652,0.8274545669555664,-3.7454171319950547e-07,0.8333877325057983,0.8053736090660095,0.0062224981375038,0.7839743494987488,0.7296146154403687,0.0187542326748371,0.7757498621940613,0.6627486944198608,0.0363104157149791,0.8001949787139893,0.6300914883613586,0.0537920221686363,0.8123774528503418,0.6416271328926086,-0.0073501290753483,0.8059923052787781,0.5413694977760315,0.0025150473229587,0.8028551936149597,0.4889529347419739,0.0054077864624559,0.8025181889533997,0.4451292157173157,0.0056289010681211,0.8584979772567749,0.6249250769615173,0.0033266630489379,0.8289508819580078,0.6032198667526245,0.0344790965318679,0.8215991854667664,0.6436488628387451,0.0544923804700374,0.8272272944450378,0.675758957862854,0.0614424310624599,0.8950145244598389,0.6293565630912781,0.0157204270362854,0.858121931552887,0.6182360649108887,0.0434562265872955,0.8535667657852173,0.6554486155509949,0.0503939948976039,0.8598698973655701,0.6832818388938904,0.0470989756286144,0.923619270324707,0.6386288404464722,0.0293651707470417,0.8904461860656738,0.6301661729812622,0.0525088980793952,0.8842496871948242,0.6566627025604248,0.060319148004055,0.8880309462547302,0.683734655380249,0.0614136718213558,Pointing_Left
IMG_9609.JPG,0.6438228487968445,0.7935653328895569,-1.6452887052764709e-07,0.5835806727409363,0.7551458477973938,0.0199892614036798,0.562343955039978,0.690410315990448,0.0235111080110073,0.5701243281364441,0.6300140619277954,0.0248764585703611,0.5888587832450867,0.598160982131958,0.0254226922988891,0.5491076707839966,0.6295871734619141,-0.011992466636002,0.5494353771209717,0.5201390981674194,-0.0146592715755105,0.5550647377967834,0.4618326127529144,-0.0152984289452433,0.5594803094863892,0.4169122576713562,-0.0166677888482809,0.5837559103965759,0.6122011542320251,-0.0191767867654562,0.6094249486923218,0.562048614025116,-0.0103487661108374,0.6168296337127686,0.5950691103935242,0.0026627520564943,0.6137325763702393,0.6261780858039856,0.007867339067161,0.6239586472511292,0.6120474338531494,-0.0228863563388586,0.6422126889228821,0.5853219032287598,-0.0078522060066461,0.6461926698684692,0.6135201454162598,0.0061811739578843,0.6436150670051575,0.6429495215415955,0.0089981760829687,0.6606833934783936,0.6151667237281799,-0.0253276322036981,0.6710724234580994,0.6090120673179626,-0.0094143934547901,0.6718166470527649,0.636546790599823,0.0022570150904357,0.6681391000747681,0.6593429446220398,0.0073964712209999,Pointing_Left
IMG_9785.JPG,0.8362436294555664,0.5649277567863464,-5.662948865392536e-07,0.7621743083000183,0.6350056529045105,-0.0059587466530501,0.6951174736022949,0.6728209853172302,-0.0210188999772071,0.6418863534927368,0.7101196646690369,-0.0359068699181079,0.6128038763999939,0.7626890540122986,-0.051150307059288,0.6644005179405212,0.5269773602485657,-0.0244300831109285,0.6291421055793762,0.549773633480072,-0.0210291724652051,0.6554282903671265,0.5738757252693176,-0.0192073471844196,0.6797379851341248,0.5834834575653076,-0.0202766358852386,0.6817312240600586,0.4662754833698272,-0.024676464498043,0.6441210508346558,0.4996048808097839,-0.0133550902828574,0.6632852554321289,0.5288381576538086,-0.0099475039169192,0.688155472278595,0.536477267742157,-0.0150904515758156,0.7083520889282227,0.4270595908164978,-0.0215965453535318,0.6711918711662292,0.4607850611209869,-0.0075383828952908,0.6873339414596558,0.4874840378761291,-0.001679491950199,0.7115346789360046,0.5019897818565369,-0.0061442810110747,0.7353291511535645,0.4010853767395019,-0.0194238703697919,0.7092925906181335,0.4281173646450043,-0.0061968178488314,0.7223049998283386,0.4584686756134033,0.004894237499684,0.7413668036460876,0.4753136038780212,0.0089315250515937,Pointing_Right
508391772433794_.pic_thumb.jpg,0.9395642280578612,0.7735394239425659,-8.033953236008529e-07,0.8330038189888,0.6661967635154724,0.0126243084669113,0.6808049082756042,0.6104240417480469,-0.0061827860772609,0.5350740551948547,0.6195317506790161,-0.0342104695737361,0.4359978139400482,0.6564466953277588,-0.0684196650981903,0.5898206233978271,0.5162798762321472,-0.0272570867091417,0.3716272413730621,0.5391585230827332,-0.0566361322999,0.2468532919883728,0.5531147122383118,-0.0872530788183212,0.1529949903488159,0.5536664724349976,-0.1163064017891883,0.5720484256744385,0.5542198419570923,-0.0597812198102474,0.4070805609226227,0.6737557649612427,-0.0770642533898353,0.4849357008934021,0.7149728536605835,-0.0851369053125381,0.5565674901008606,0.7037725448608398,-0.1008070930838584,0.5711449384689331,0.6218183040618896,-0.0886023268103599,0.4471178352832794,0.7514770030975342,-0.0947203859686851,0.5261273384094238,0.7746154069900513,-0.0840501710772514,0.5871708989143372,0.7497002482414246,-0.0903933569788932,0.5720783472061157,0.6995652318000793,-0.1200059950351715,0.487025111913681,0.7955039739608765,-0.1368377059698104,0.5500820875167847,0.8163005113601685,-0.1260882467031479,0.6025854349136353,0.8000320196151733,-0.1197701469063758,Pointing_Left
508531772433808_.pic_thumb.jpg,0.8370015621185303,0.9167001247406006,-7.079929673636798e-07,0.7531853318214417,0.7877041101455688,0.0057497834786772,0.6085864901542664,0.7181412577629089,-0.01481210347265,0.4650322198867798,0.7149926424026489,-0.0428885035216808,0.3634078204631805,0.7412168979644775,-0.0761252865195274,0.5230420231819153,0.6537235379219055,-0.0304668303579092,0.3266414999961853,0.6594228744506836,-0.0662753134965896,0.1973624229431152,0.671931803226471,-0.1024054735898971,0.1000892221927642,0.6752501130104065,-0.1350671350955963,0.5066322088241577,0.6905128359794617,-0.0630639046430587,0.3360282778739929,0.8037633895874023,-0.0795673057436943,0.4072049260139465,0.8494287729263306,-0.0908466428518295,0.4769836068153381,0.8403741121292114,-0.1103453710675239,0.5086608529090881,0.7607762217521667,-0.0940989628434181,0.3729458451271057,0.8838769793510437,-0.1025615930557251,0.4536510407924652,0.910678505897522,-0.0951063781976699,0.5156702995300293,0.8851453065872192,-0.1046349853277206,0.5163912177085876,0.8429079651832581,-0.1280619651079177,0.4211323857307434,0.93840491771698,-0.1488097906112671,0.4845688641071319,0.9585343599319458,-0.1397756040096283,0.5382561087608337,0.9426910877227784,-0.1349381953477859,Pointing_Left
508141772433770_.pic.jpg,0.9651463627815248,0.7017897367477417,-5.560403337767639e-07,0.8716886043548584,0.6170142292976379,0.0307211354374885,0.7424600124359131,0.579120934009552,0.0155839184299111,0.6254266500473022,0.5908716917037964,-0.0134119605645537,0.5426279306411743,0.6228697299957275,-0.0495504140853881,0.6715042591094971,0.4996531009674072,-0.0072251129895448,0.4897831082344055,0.5231990218162537,-0.0307228844612836,0.3841127157211303,0.5375859141349792,-0.0519734323024749,0.3102510273456573,0.5318772792816162,-0.0732590854167938,0.6657691597938538,0.5213886499404907,-0.0473268404603004,0.5262900590896606,0.6312928795814514,-0.0545974783599376,0.5841555595397949,0.6663989424705505,-0.0532777421176433,0.6392366886138916,0.6583379507064819,-0.0609414987266063,0.6713197231292725,0.5724138021469116,-0.0849965661764144,0.5706769227981567,0.6914408802986145,-0.0830910429358482,0.6418948769569397,0.7139344215393066,-0.0718842446804046,0.6949132084846497,0.691608726978302,-0.0775365605950355,0.6763309240341187,0.6327247023582458,-0.12381312251091,0.610590398311615,0.7244349718093872,-0.1360935419797897,0.6674965620040894,0.7418376207351685,-0.1320795267820358,0.7171391248703003,0.7261230945587158,-0.1306689530611038,Pointing_Left
IMG_9727.JPG,0.6345182657241821,0.8001943230628967,-6.911558898536896e-07,0.6483700275421143,0.6773706078529358,0.0118451891466975,0.6877169609069824,0.582599937915802,0.0079243993386626,0.7247724533081055,0.5004005432128906,0.0023189361672848,0.7322865724563599,0.4284197986125946,-0.003355877706781,0.8023367524147034,0.6074374914169312,-0.0118282996118068,0.8055984973907471,0.6338654160499573,0.007595129776746,0.7717621922492981,0.6576658487319946,0.0233317445963621,0.7445363402366638,0.6627784967422485,0.0306273810565471,0.8309178948402405,0.67850661277771,-0.0181514825671911,0.8140637874603271,0.6981066465377808,0.0155265228822827,0.7761081457138062,0.710953950881958,0.0294183436781168,0.7508837580680847,0.7167376279830933,0.0277301967144012,0.8344380259513855,0.7532815933227539,-0.019404487684369,0.8171835541725159,0.7568867802619934,0.0108222607523202,0.7845115661621094,0.769611120223999,0.0178123340010643,0.7582724690437317,0.7721104025840759,0.0104582933709025,0.8287071585655212,0.8196410536766052,-0.0197901241481304,0.8204096555709839,0.8173902034759521,0.0062374859116971,0.7932367324829102,0.8197703957557678,0.0198087152093648,0.770837128162384,0.8173011541366577,0.0232465229928493,Pointing_Left
508211772433777_.pic_thumb.jpg,0.928847312927246,0.7270869612693787,-6.325923322947347e-07,0.8423022031784058,0.637847900390625,0.0202536191791296,0.7236102819442749,0.5910722613334656,0.0121395615860819,0.622997522354126,0.5925590395927429,-0.0066160280257463,0.549720287322998,0.6152374148368835,-0.0308340601623058,0.6414842009544373,0.5254154205322266,-0.0007791466196067,0.4656321406364441,0.5393795371055603,-0.0227266270667314,0.3641497492790222,0.5491927266120911,-0.0478243641555309,0.2920025289058685,0.5515362620353699,-0.0711750909686088,0.6199778318405151,0.5581506490707397,-0.0308219697326421,0.4936316907405853,0.6493970155715942,-0.0472170747816562,0.5518973469734192,0.6806436777114868,-0.0567776784300804,0.6082389950752258,0.6713721752166748,-0.0696049407124519,0.6145980954170227,0.6119260787963867,-0.0582609511911869,0.5246790051460266,0.7064003348350525,-0.0661352723836898,0.5876443982124329,0.7251310348510742,-0.0595455653965473,0.6370181441307068,0.7045981884002686,-0.0647619888186454,0.6163250803947449,0.6722245812416077,-0.0871701389551162,0.5644315481185913,0.7438292503356934,-0.1066243648529052,0.6204644441604614,0.7607271075248718,-0.1018419116735458,0.6655932068824768,0.7446637749671936,-0.0977145582437515,Pointing_Left
508851772433840_.pic_thumb.jpg,0.4070969223976135,0.781141459941864,-4.381855944757263e-07,0.5455226302146912,0.7123286128044128,-0.0033545778132975,0.6233329772949219,0.6301671266555786,-0.0126969199627637,0.6719288229942322,0.5666517019271851,-0.0227995980530977,0.7305254340171814,0.5406056642532349,-0.0318027697503566,0.4796001315116882,0.5203076004981995,-0.0324172116816043,0.526597261428833,0.52867591381073,-0.0508177429437637,0.5390125513076782,0.5810225605964661,-0.0714140757918357,0.5244309306144714,0.6156800985336304,-0.0866713002324104,0.3876145780086517,0.534288763999939,-0.0421902500092983,0.4471220970153808,0.5481306910514832,-0.0456148907542228,0.4615588188171386,0.589604914188385,-0.054214458912611,0.4463480710983276,0.6160516738891602,-0.0705021694302558,0.3169291615486145,0.5689062476158142,-0.0493157468736171,0.3703991174697876,0.5791721343994141,-0.0569724142551422,0.3848121166229248,0.6118937730789185,-0.0538208186626434,0.3719812035560608,0.6339423656463623,-0.0591054894030094,0.2621023058891296,0.6048893332481384,-0.0562078319489955,0.3098194897174835,0.6102545857429504,-0.0623032748699188,0.3277059197425842,0.6398711204528809,-0.0492564514279365,0.3223048746585846,0.6610501408576965,-0.0413389913737773,Pointing_Right
IMG_9841.JPG,0.6478143930435181,0.5656970739364624,1.0465166866424624e-07,0.5890762209892273,0.5349487066268921,-0.0141660841181874,0.5394588708877563,0.5339504480361938,-0.0289911162108182,0.5003873109817505,0.5528822541236877,-0.0465943552553653,0.5106560587882996,0.5879291296005249,-0.0645016208291053,0.5037152767181396,0.6511833071708679,-0.0205700919032096,0.4655123054981231,0.7292851805686951,-0.0480896644294261,0.4490545392036438,0.7775391936302185,-0.0703531429171562,0.4385025203227997,0.8254507780075073,-0.0860863104462623,0.5320442914962769,0.6736687421798706,-0.0297224353998899,0.5000312328338623,0.7017367482185364,-0.063571460545063,0.5186444520950317,0.6399201154708862,-0.0784848928451538,0.5367942452430725,0.6005520224571228,-0.0839738249778747,0.5659341812133789,0.6859825849533081,-0.0407414846122264,0.5427798628807068,0.7020854353904724,-0.0725226178765297,0.558174192905426,0.6380887031555176,-0.0736755579710006,0.5733346343040466,0.5979938507080078,-0.0680791959166526,0.6017918586730957,0.6911377906799316,-0.0535543076694011,0.5876097083091736,0.6997607946395874,-0.0747328102588653,0.5929880142211914,0.6517589092254639,-0.0743322670459747,0.6004091501235962,0.6158171892166138,-0.0703061521053314,Pointing_Right
508341772433789_.pic_thumb.jpg,1.0833746194839478,0.9098808765411376,-1.4299159829533892e-06,0.9665751457214355,0.788137674331665,-0.0035222622100263,0.7686007618904114,0.7056435942649841,-0.0333808101713657,0.5776599645614624,0.6941766738891602,-0.0712829306721687,0.4473187625408172,0.7063096761703491,-0.1112282425165176,0.6714555025100708,0.5434566140174866,-0.0537478998303413,0.426866203546524,0.5413793325424194,-0.0981645435094833,0.2897281050682068,0.5648375749588013,-0.1366284340620041,0.1865065693855285,0.5737237930297852,-0.1670448333024978,0.6715434193611145,0.5857152342796326,-0.0868613794445991,0.4501430690288543,0.7329791784286499,-0.1121029928326606,0.5354467630386353,0.7977060079574585,-0.1212755218148231,0.624377429485321,0.7894364595413208,-0.1387174725532531,0.6817951798439026,0.6676205396652222,-0.1183112561702728,0.502298891544342,0.8302597999572754,-0.1323399543762207,0.6052703857421875,0.8673197031021118,-0.1175631359219551,0.6900563836097717,0.8342607021331787,-0.1216402277350425,0.6888920068740845,0.7602620720863342,-0.1538460850715637,0.5498442649841309,0.8829213380813599,-0.1720528602600097,0.6232722997665405,0.914421796798706,-0.1530573219060897,0.691588819026947,0.895961344242096,-0.1395873874425888,Pointing_Left
508671772433822_.pic.jpg,0.3024941384792328,0.919705867767334,3.847935747813835e-09,0.5695668458938599,0.9381199479103088,0.0537062361836433,0.7298413515090942,0.8464871644973755,0.1033601835370063,0.8157045841217041,0.7534317970275879,0.146572858095169,0.8791865110397339,0.740435779094696,0.1883111149072647,0.7206452488899231,0.6999309062957764,0.1375493556261062,0.742615282535553,0.6827183961868286,0.2331420332193374,0.723353385925293,0.7605991959571838,0.2737655639648437,0.6999987363815308,0.8056339025497437,0.2939182221889496,0.5790576934814453,0.6776832938194275,0.1403787434101104,0.59731125831604,0.6837919354438782,0.2764686644077301,0.588479220867157,0.7667596936225891,0.3066301941871643,0.5692113041877747,0.8106511235237122,0.2998569905757904,0.4384649693965912,0.6841084361076355,0.1501533240079879,0.4675630033016205,0.6907641291618347,0.2717704772949219,0.4803363680839538,0.7659275531768799,0.2826190590858459,0.4673992693424225,0.8126064538955688,0.2594377994537353,0.3241864144802093,0.7034257650375366,0.163858100771904,0.3473182320594787,0.7093630433082581,0.2588609158992767,0.3663958609104156,0.7656146287918091,0.2956465780735016,0.3615822494029999,0.8005858063697815,0.3063968122005462,Pointing_Right
IMG_9603.JPG,0.9728835225105286,0.8643028736114502,-5.345784188648395e-07,0.8701380491256714,0.8057814836502075,0.0202260725200176,0.8162549734115601,0.6964401006698608,0.038127165287733,0.8059076070785522,0.6048328876495361,0.0574010573327541,0.8378829956054688,0.5709468126296997,0.0754039734601974,0.8639428615570068,0.597024142742157,0.0130157908424735,0.8699713349342346,0.4564543664455414,0.0396502539515495,0.8740603923797607,0.3911139965057373,0.0561754889786243,0.8793681263923645,0.3365152478218078,0.0645156800746917,0.9220901131629944,0.5802201628684998,0.021541005000472,0.8815419673919678,0.5470473766326904,0.0649333298206329,0.8682407140731812,0.5929949283599854,0.0886848494410514,0.8708224296569824,0.636256754398346,0.0976600646972656,0.9672558307647704,0.591169536113739,0.0344192385673522,0.9167748689651488,0.5754420161247253,0.0773148909211158,0.9076127409934998,0.6189928650856018,0.0855345875024795,0.9124748706817628,0.6568710803985596,0.0806498974561691,0.9989230632781982,0.607030987739563,0.0496186129748821,0.9593985080718994,0.5924500823020935,0.0900465920567512,0.9470527768135072,0.6235167980194092,0.1032366827130317,0.9457420110702516,0.6620877981185913,0.1064841523766517,Pointing_Left
IMG_9797.JPG,0.9113487601280212,0.6175985336303711,-6.563230954270693e-07,0.8436103463172913,0.6924558281898499,0.0167436227202415,0.7817618250846863,0.7083661556243896,0.0217155385762453,0.7258978486061096,0.6822911500930786,0.0273969862610101,0.7039229869842529,0.6407873630523682,0.0358665436506271,0.7375542521476746,0.6852320432662964,-0.019409792497754,0.6564431190490723,0.6670215129852295,-0.0083780633285641,0.6768369674682617,0.6636072397232056,0.0167404171079397,0.7046232223510742,0.6624224781990051,0.0357027724385261,0.7369390726089478,0.6128804087638855,-0.0224885549396276,0.6646670699119568,0.6071487665176392,-0.0067782364785671,0.6887893080711365,0.6165081262588501,0.0157297793775796,0.7133741974830627,0.6215434670448303,0.0287222582846879,0.7467051148414612,0.5474585890769958,-0.0203204788267612,0.6799887418746948,0.5568767786026001,-0.0036541591398417,0.7026540637016296,0.5706210732460022,0.0153573593124747,0.7269659638404846,0.5775400400161743,0.0235853586345911,0.7639703750610352,0.4985084235668182,-0.0158429443836212,0.7104118466377258,0.5103912949562073,-7.781546628393698e-06,0.7239140272140503,0.5255666971206665,0.0163065120577812,0.7437518239021301,0.5340263843536377,0.0268628224730491,Pointing_Right
IMG_9615.JPG,0.7288534641265869,0.7928493022918701,-1.8604345086714602e-07,0.6617006063461304,0.7632567882537842,0.0185300037264823,0.6304265260696411,0.6948317885398865,0.0232624765485525,0.6317393779754639,0.6317223906517029,0.0264850482344627,0.658362627029419,0.6038014888763428,0.0277913641184568,0.6284758448600769,0.6278977990150452,-0.0113087994977831,0.6283913850784302,0.5231338739395142,-0.0161230824887752,0.6326015591621399,0.4635434746742248,-0.0199367720633745,0.6374059319496155,0.417483925819397,-0.0237478353083133,0.6708049774169922,0.608989417552948,-0.0156510826200246,0.678139328956604,0.5554578900337219,-0.0055436617694795,0.6789528727531433,0.5873265266418457,0.009057861752808,0.6770923137664795,0.6210964918136597,0.015935368835926,0.7130385041236877,0.6111186742782593,-0.0169597472995519,0.7091915607452393,0.5867082476615906,-0.0013577282661572,0.7106326222419739,0.6107813119888306,0.0126415882259607,0.7115513682365417,0.6421817541122437,0.0165552143007516,0.7478108406066895,0.6200147867202759,-0.0170332193374633,0.7402749061584473,0.6120105385780334,-0.0024344534613192,0.7400829792022705,0.6367391347885132,0.0083656478673219,0.7411919236183167,0.6617724299430847,0.013822236098349,Pointing_Left
IMG_9791.JPG,0.8629863262176514,0.5362445116043091,-6.070928293411271e-07,0.8505889773368835,0.6089969277381897,-0.0285190176218748,0.817080557346344,0.6831163167953491,-0.0640153139829635,0.7905704975128174,0.7534328699111938,-0.0918662399053573,0.7765704989433289,0.8265147805213928,-0.114931009709835,0.8711372017860413,0.605363667011261,-0.1361650973558426,0.7467308640480042,0.6064670085906982,-0.1766905486583709,0.7712864875793457,0.6155459880828857,-0.1757090091705322,0.8065003752708435,0.6127830147743225,-0.1672499328851699,0.8729351758956909,0.5189292430877686,-0.1358253061771392,0.7324213981628418,0.5493209362030029,-0.1751574426889419,0.7629921436309814,0.5680100321769714,-0.1547000855207443,0.8026074171066284,0.5611196756362915,-0.1378979831933975,0.8575729727745056,0.4508170485496521,-0.1318543553352356,0.7293882369995117,0.4868108034133911,-0.1575805693864822,0.7637736797332764,0.5080642104148865,-0.1187804639339447,0.8015495538711548,0.5021165609359741,-0.0910484567284584,0.8362024426460266,0.399053156375885,-0.1290968060493469,0.7464208602905273,0.4330583810806274,-0.1328829824924469,0.7690449357032776,0.4533513784408569,-0.1029785424470901,0.8015450835227966,0.4497605562210083,-0.0843334347009658,Pointing_Right
508901772433845_.pic.jpg,0.5837172865867615,0.664315938949585,-5.992957312628278e-07,0.6681245565414429,0.6151015758514404,0.0055726133286952,0.7215921878814697,0.5600322484970093,2.0200368453515697e-05,0.7585799694061279,0.5128194689750671,-0.0074280449189245,0.8002398014068604,0.491620659828186,-0.0164852663874626,0.6146880388259888,0.4755683541297912,-0.0276431590318679,0.6268891096115112,0.5042422413825989,-0.031256690621376,0.6336750984191895,0.5361573696136475,-0.0394125021994113,0.6322834491729736,0.55660080909729,-0.0470381379127502,0.5400183200836182,0.4887509644031524,-0.0371638089418411,0.5585992932319641,0.5167117118835449,-0.0261010769754648,0.5689156651496887,0.5435829758644104,-0.0265950039029121,0.5694917440414429,0.5637370944023132,-0.0379247330129146,0.4845752418041229,0.515117883682251,-0.0418220199644565,0.5045192837715149,0.5391560792922974,-0.0345719493925571,0.5200989842414856,0.5607866048812866,-0.0329547338187694,0.5232776999473572,0.5811062455177307,-0.0406424254179,0.4392517805099487,0.5433563590049744,-0.0460240878164768,0.4610635638236999,0.5638752579689026,-0.041383821517229,0.4810830354690552,0.5846939086914062,-0.032023936510086,0.488890528678894,0.601470947265625,-0.0280011985450983,Pointing_Right
508841772433839_.pic.jpg,0.4083578884601593,0.7955431938171387,-4.510461053541804e-07,0.5406581163406372,0.7194291353225708,-0.0134085845202207,0.6143860220909119,0.6384468674659729,-0.0271180085837841,0.6659913063049316,0.5730260610580444,-0.038134828209877,0.7322719097137451,0.5476076602935791,-0.0475279279053211,0.4458758533000946,0.5266494750976562,-0.0442949086427688,0.5059515237808228,0.5361047387123108,-0.0499927625060081,0.5275082588195801,0.588443398475647,-0.0600773319602012,0.5206347703933716,0.6239385604858398,-0.0693608298897743,0.349588006734848,0.5487712621688843,-0.0442343205213546,0.4280645251274109,0.5583574771881104,-0.0306111965328454,0.4535199701786041,0.5970046520233154,-0.030819209292531,0.4498632848262787,0.6262006163597107,-0.0451431237161159,0.2843537330627441,0.5886116623878479,-0.0408130697906017,0.3547199368476867,0.5949050784111023,-0.0341075621545314,0.378772497177124,0.6256674528121948,-0.0305667240172624,0.3729554712772369,0.6531783938407898,-0.0391714386641979,0.2375388592481613,0.6277881860733032,-0.0378595516085624,0.2924723327159881,0.6246721744537354,-0.0327052995562553,0.3183383345603943,0.6497939229011536,-0.018840592354536,0.3215757608413696,0.6739519834518433,-0.0128254257142543,Pointing_Right
IMG_9690.JPG,0.6958943605422974,0.7643022537231445,-9.777860299209352e-08,0.7319576144218445,0.7071397304534912,0.0283970590680837,0.7423139214515686,0.6471856236457825,0.0425093732774257,0.7515896558761597,0.6052722930908203,0.0486160106956958,0.7589619159698486,0.5744149684906006,0.0539906062185764,0.6757877469062805,0.579521894454956,0.0302155744284391,0.6792735457420349,0.4854214191436767,0.0246393494307994,0.6838683485984802,0.4218047857284546,0.0200048703700304,0.6852433681488037,0.3707809448242187,0.0156603269279003,0.6767324805259705,0.5783190727233887,0.0090504176914691,0.6803457140922546,0.4685993790626526,-0.0038772735279053,0.6856238842010498,0.3993083536624908,-0.0136864203959703,0.6871209740638733,0.3424485921859741,-0.018994215875864,0.6892972588539124,0.5869724154472351,-0.0111605282872915,0.6911349296569824,0.4763520956039428,-0.0250932294875383,0.6945981979370117,0.4151175618171692,-0.0338103920221328,0.6949730515480042,0.3638542294502258,-0.0377843119204044,0.715263307094574,0.6006786823272705,-0.0291191469877958,0.7157686948776245,0.5217469334602356,-0.0439396128058433,0.7141578197479248,0.4685899913311004,-0.052114512771368,0.7109519839286804,0.4215966463088989,-0.0564129129052162,Pointing_Left
IMG_9553.JPG,0.7195874452590942,0.8869176506996155,-3.270160675583611e-07,0.6447957158088684,0.8555389642715454,0.0227852631360292,0.6044886112213135,0.780198872089386,0.0339530184864997,0.6041449904441833,0.7110679149627686,0.0439903065562248,0.6351108551025391,0.6802158951759338,0.051956120878458,0.6123231053352356,0.701921820640564,0.001939874375239,0.6113444566726685,0.5932708978652954,0.0097905714064836,0.6127831935882568,0.5356883406639099,0.0136747881770133,0.6143035292625427,0.4896652102470398,0.0147309061139822,0.6587656140327454,0.6806337237358093,0.0017507340526208,0.6448354125022888,0.6441369652748108,0.0298239160329103,0.6402377486228943,0.6793544292449951,0.0503868646919727,0.6410346627235413,0.7125699520111084,0.0582943260669708,0.7015159130096436,0.6844520568847656,0.00490203499794,0.6788758039474487,0.6705290079116821,0.0311279837042093,0.677886962890625,0.7020961046218872,0.0414493605494499,0.6822600364685059,0.7335041761398315,0.0406914576888084,0.7364364266395569,0.694453239440918,0.0106159970164299,0.7146003246307373,0.6857141256332397,0.033838678151369,0.7132683396339417,0.713524341583252,0.04518399015069,0.7182378172874451,0.7423454523086548,0.049286626279354,Pointing_Left
IMG_9862.JPG,0.8125355839729309,0.5558342337608337,-3.849923189136462e-07,0.765984058380127,0.6276794672012329,-0.0100162820890545,0.7206834554672241,0.6853103041648865,-0.027565911412239,0.6894980669021606,0.7463115453720093,-0.0443862043321132,0.6864703893661499,0.8070087432861328,-0.0598909184336662,0.6781952977180481,0.6044639348983765,-0.0367769263684749,0.6250144839286804,0.6189067959785461,-0.0418155789375305,0.6489917635917664,0.6239423751831055,-0.0380789153277874,0.6751231551170349,0.6242823600769043,-0.0351694040000438,0.6761734485626221,0.5457795262336731,-0.0369443073868751,0.6262415647506714,0.572144627571106,-0.0366092063486576,0.6472733616828918,0.5809803009033203,-0.0303426422178745,0.6698262691497803,0.5773961544036865,-0.0298655107617378,0.6814691424369812,0.4962417483329773,-0.0349624194204807,0.6314775943756104,0.5263132452964783,-0.0311357658356428,0.6517032980918884,0.5351826548576355,-0.0215209852904081,0.6757616400718689,0.5338388085365295,-0.0194619987159967,0.6897538304328918,0.4568683505058288,-0.0337931849062442,0.6439027786254883,0.4807662069797516,-0.0288253463804721,0.6603549718856812,0.4941062927246094,-0.017338216304779,0.6825453042984009,0.4951702654361725,-0.010679611004889,Pointing_Right
507941772433751_.pic.jpg,0.8151375651359558,0.7331202030181885,-5.853078732798167e-07,0.7269899845123291,0.6345602869987488,0.0309463385492563,0.6119932532310486,0.6012846827507019,0.02000586502254,0.5058483481407166,0.6167296767234802,-0.0045252470299601,0.4298289120197296,0.6534188985824585,-0.0362782217562198,0.5245657563209534,0.5428348779678345,0.0081442296504974,0.3477522134780884,0.5637147426605225,-0.0058691813610494,0.243560254573822,0.5773161053657532,-0.0249294154345989,0.1654274463653564,0.5776026248931885,-0.0465086549520492,0.5079420804977417,0.5693562030792236,-0.0294141173362731,0.3902673721313476,0.6721823811531067,-0.0392229706048965,0.4589900374412536,0.7094036340713501,-0.0467929877340793,0.5193949937820435,0.6999024152755737,-0.0584437549114227,0.5068881511688232,0.6224149465560913,-0.0631948933005333,0.418436050415039,0.7295571565628052,-0.0644554048776626,0.4941552877426147,0.7512980699539185,-0.0592372976243495,0.5494916439056396,0.7274385690689087,-0.0671882703900337,0.5096806883811951,0.682235836982727,-0.0975069999694824,0.4605569541454315,0.7686445713043213,-0.1141446083784103,0.5241667032241821,0.7839177250862122,-0.1116201132535934,0.5713832378387451,0.763558566570282,-0.1102160811424255,Pointing_Left
509071772433863_.pic_thumb.jpg,0.1277174800634384,0.7996965050697327,1.709130827975969e-07,0.2788112759590149,0.7311718463897705,-0.0522060692310333,0.3689146339893341,0.6373414993286133,-0.0700803399085998,0.4364652931690216,0.5687000155448914,-0.0790853276848793,0.5068284273147583,0.533284068107605,-0.0802925452589988,0.1530922055244445,0.5580365657806396,-0.0273935720324516,0.2984534800052643,0.5598573684692383,-0.0519221015274524,0.3391074240207672,0.6096137762069702,-0.0778098776936531,0.3322471082210541,0.6391645073890686,-0.0947873368859291,0.0828117877244949,0.5715720057487488,-0.0075550051406025,0.2455043047666549,0.580110490322113,-0.029207956045866,0.2819979786872864,0.6240951418876648,-0.0536551512777805,0.2637250125408172,0.6533714532852173,-0.0729855224490165,0.0495821982622146,0.6000986099243164,0.0073092365637421,0.1944140195846557,0.6043832302093506,-0.0131620205938816,0.2332977056503296,0.6389186978340149,-0.0250782836228609,0.2234739959239959,0.6654521822929382,-0.0321583002805709,0.0328467339277267,0.628439724445343,0.0184122137725353,0.1446959227323532,0.6236953735351562,0.0029629364144057,0.1814181059598922,0.6487621665000916,-0.0005637626163661,0.1812474131584167,0.672785758972168,-0.0005058810929767,Pointing_Right
508751772433830_.pic.jpg,0.3858430981636047,0.8257842659950256,-4.523690506630374e-07,0.5594568252563477,0.7034205198287964,0.0156304817646741,0.649884045124054,0.5926951169967651,0.0113220643252134,0.7352619171142578,0.5138287544250488,0.0053030308336019,0.8230054378509521,0.4914007186889648,0.0018176002195104,0.4571720659732818,0.455532968044281,-0.0237806048244237,0.5168576836585999,0.4383018612861633,-0.0144704608246684,0.538719892501831,0.4979545176029205,-0.0155781097710132,0.5280638933181763,0.5421816110610962,-0.0194228272885084,0.3180389106273651,0.4755085706710815,-0.0349553078413009,0.3992756009101867,0.4635641872882843,0.0035466528497636,0.4249027967453003,0.5123692154884338,0.0161518082022666,0.4138268828392029,0.553923487663269,0.0043049026280641,0.2120587825775146,0.5199743509292603,-0.0388360358774662,0.2898473143577575,0.5034282803535461,-0.0023638100828975,0.3181385397911072,0.5462629795074463,0.0166736785322427,0.3104528784751892,0.5923675894737244,0.0099114887416362,0.1303414702415466,0.5682408213615417,-0.0415476821362972,0.1964753568172454,0.5494462251663208,-0.0110059380531311,0.2314694225788116,0.5837475061416626,0.0202874820679426,0.2346208542585373,0.6224361062049866,0.0349714905023574,Pointing_Right
IMG_9590.JPG,0.8649574518203735,0.8483730554580688,-2.628921436098608e-07,0.7794246673583984,0.805347740650177,-0.0023125982843339,0.7281696796417236,0.7202914357185364,-0.003052158281207,0.730624258518219,0.6451697945594788,-0.0046596522442996,0.761974573135376,0.6148406863212585,-0.0061256717890501,0.7581680417060852,0.6385308504104614,-0.0113463588058948,0.7505329251289368,0.5289903283119202,-0.0143701499328017,0.7505488395690918,0.4631364047527313,-0.0154848061501979,0.7505406141281128,0.4114179313182831,-0.0187945589423179,0.8086169958114624,0.6160389184951782,-0.0122046144679188,0.7875055074691772,0.5829803347587585,-0.0130657702684402,0.7833126783370972,0.6139147281646729,-0.0085499919950962,0.7863012552261353,0.6440210938453674,-0.0065716998651623,0.8523970246315002,0.6146829128265381,-0.011989745311439,0.8254159092903137,0.5999583601951599,-0.010371028445661,0.8223919868469238,0.6248109936714172,-0.0020256403367966,0.8249003887176514,0.6548230648040771,0.0015971444081515,0.8878815174102783,0.6222679018974304,-0.0126775624230504,0.863422155380249,0.616432249546051,-0.0079288259148597,0.8594578504562378,0.6378639340400696,0.0004095316980965,0.8610938191413879,0.6631940007209778,0.0068453093990683,Pointing_Left
508471772433802_.pic.jpg,1.037590742111206,0.8761451840400696,-1.1111432058896753e-06,0.908294677734375,0.7585941553115845,0.0190398097038269,0.7075722217559814,0.7000642418861389,-0.0128838568925857,0.5111567974090576,0.7183574438095093,-0.0556388720870018,0.3878424763679504,0.7671125531196594,-0.1065050810575485,0.6115205883979797,0.5638208985328674,-0.0623923726379871,0.3344601392745971,0.5783435106277466,-0.1012189537286758,0.1730828881263733,0.5973074436187744,-0.1318065822124481,0.0516587495803833,0.5869209170341492,-0.1633509546518325,0.6210856437683105,0.5961549282073975,-0.1077744886279106,0.3914341926574707,0.7606750726699829,-0.1158826202154159,0.4819375276565552,0.8253562450408936,-0.1066132709383964,0.565461277961731,0.8134692311286926,-0.1172268316149711,0.6390446424484253,0.6810880303382874,-0.1489408910274505,0.4627459049224853,0.8578052520751953,-0.148465946316719,0.5662095546722412,0.8993067741394043,-0.1289649307727813,0.6400876045227051,0.8668684959411621,-0.1374663412570953,0.6503311991691589,0.7839575409889221,-0.1920472383499145,0.5191975831985474,0.9178764820098876,-0.2105605006217956,0.5948300361633301,0.9456218481063844,-0.1976945549249649,0.6589301824569702,0.9267843961715698,-0.1925168931484222,Pointing_Left
IMG_9687.JPG,0.7629523277282715,0.7542250156402588,3.7382811512998166e-08,0.6917916536331177,0.7196508049964905,0.0165646485984325,0.6511948108673096,0.656716525554657,0.0192287899553775,0.6514134407043457,0.5911362767219543,0.0196896847337484,0.6766653060913086,0.5612436532974243,0.0203554816544055,0.6672251224517822,0.5869066119194031,-0.0144114382565021,0.6584001183509827,0.4743674695491791,-0.0259364489465951,0.6535448431968689,0.4122307300567627,-0.0311759542673826,0.6526479721069336,0.3662979006767273,-0.033252015709877,0.7107037901878357,0.5722671151161194,-0.0217424817383289,0.6925554275512695,0.4476631581783294,-0.0290619898587465,0.6816175580024719,0.3787852525711059,-0.0286282058805227,0.6786364316940308,0.330939769744873,-0.0276465211063623,0.7548136115074158,0.5709026455879211,-0.0248188413679599,0.7352073788642883,0.4709528088569641,-0.0242708045989274,0.726457417011261,0.4955229461193084,-0.009835235774517,0.7264747023582458,0.5311203598976135,0.0029181332793086,0.7940405607223511,0.580464780330658,-0.026486774906516,0.774634599685669,0.505901038646698,-0.0190955568104982,0.763444185256958,0.5230054259300232,-0.002521667862311,0.765582263469696,0.5510547757148743,0.0124473189935088,Pointing_Left
IMG_9581.JPG,0.9216748476028442,0.808527946472168,-4.698357258803299e-07,0.8409169912338257,0.7772579193115234,0.0231865067034959,0.7948418259620667,0.7088884711265564,0.0428535491228103,0.7857985496520996,0.6527822613716125,0.0693724676966667,0.8013235330581665,0.6203373074531555,0.095007874071598,0.816251277923584,0.613975465297699,-0.0022473039571195,0.8061815500259399,0.5267028212547302,0.0221487078815698,0.7959228754043579,0.4817751049995422,0.0316300280392169,0.7909219861030579,0.4422803521156311,0.035685196518898,0.8611100912094116,0.6076948046684265,0.0129336845129728,0.8373194932937622,0.5872971415519714,0.0760313645005226,0.8322455286979675,0.6344587802886963,0.1101417765021324,0.8366925120353699,0.6668053865432739,0.1195594295859336,0.8964826464653015,0.6173972487449646,0.0325586833059787,0.8655540943145752,0.6072098612785339,0.0925102680921554,0.863206148147583,0.6523948907852173,0.0988155901432037,0.8711840510368347,0.6789097189903259,0.0849907398223877,0.9245785474777222,0.6211339831352234,0.0555307604372501,0.8991095423698425,0.6184571981430054,0.1010169982910156,0.8938565254211426,0.6507100462913513,0.1076284348964691,0.896992564201355,0.6784201264381409,0.1009656488895416,Pointing_Left
IMG_9844.JPG,0.5921223759651184,0.6329066753387451,1.4964695083108381e-07,0.5388455986976624,0.6068462133407593,-0.0209783855825662,0.4816409349441528,0.6264681220054626,-0.0366232357919216,0.4390870928764343,0.661719799041748,-0.0536974817514419,0.4524684548377991,0.7099839448928833,-0.0715572759509086,0.4611407518386841,0.7669432759284973,-0.0317385457456111,0.4257166981697082,0.862675130367279,-0.0600710250437259,0.4064536094665527,0.9210829734802246,-0.0801340118050575,0.3934172689914703,0.9743399620056152,-0.0956018343567848,0.4930107593536377,0.7862178087234497,-0.0402251668274402,0.4528720080852508,0.8345515131950378,-0.0816197395324707,0.4686282575130462,0.7620556950569153,-0.0967246145009994,0.4848329722881317,0.7116175889968872,-0.0994234457612037,0.5305357575416565,0.7925794124603271,-0.0504132509231567,0.5024691224098206,0.8272353410720825,-0.0921228304505348,0.5105420351028442,0.7488189339637756,-0.0928942635655403,0.5215771794319153,0.6963334083557129,-0.0842774286866188,0.5713567137718201,0.7919312715530396,-0.0623059310019016,0.5516660213470459,0.8122731447219849,-0.0943630114197731,0.5511474609375,0.7525194883346558,-0.0951461791992187,0.5565733313560486,0.705292820930481,-0.0897103548049926,Pointing_Right
IMG_9783.JPG,0.8147246837615967,0.68733149766922,2.444824076519581e-07,0.7621942758560181,0.6902652978897095,-0.0185493528842926,0.7182826399803162,0.6966767907142639,-0.0446107573807239,0.6853394508361816,0.6852284669876099,-0.0707593187689781,0.6684855818748474,0.6630994081497192,-0.0976680293679237,0.7222508192062378,0.7897628545761108,-0.0636868625879287,0.701614499092102,0.8267553448677063,-0.1058027520775795,0.6816339492797852,0.8582583665847778,-0.1321985274553299,0.6687411069869995,0.8889026045799255,-0.1488115340471267,0.7584726214408875,0.8049576878547668,-0.0734747350215911,0.7183893322944641,0.7204561233520508,-0.1184665262699127,0.7174449563026428,0.6575382947921753,-0.1224917992949485,0.726878821849823,0.6311635971069336,-0.1186825633049011,0.7974385023117065,0.7840774655342102,-0.0844011008739471,0.7580952644348145,0.6842426657676697,-0.1252928972244262,0.7548172473907471,0.6439319252967834,-0.1158913224935531,0.7639583349227905,0.6384537220001221,-0.1017054170370101,0.8300332427024841,0.7476134896278381,-0.0969611331820488,0.7934049963951111,0.6727752685546875,-0.1205743253231048,0.7825033664703369,0.6441612243652344,-0.1102088242769241,0.7855152487754822,0.641514778137207,-0.0979695096611976,Pointing_Right
IMG_9675.JPG,0.7243421077728271,0.8805530667304993,4.027673128348397e-07,0.7867245078086853,0.7734124660491943,0.0079526947811245,0.8012712597846985,0.6841707825660706,-0.0058262115344405,0.814085066318512,0.6234453320503235,-0.0280221030116081,0.8248509168624878,0.5647385120391846,-0.0477473177015781,0.6999531984329224,0.6078171730041504,-0.0102346697822213,0.7201516628265381,0.5189403891563416,-0.0393734388053417,0.737977921962738,0.4564501643180847,-0.0582308620214462,0.7443845272064209,0.4037318825721741,-0.0713906288146972,0.6857789158821106,0.6305769085884094,-0.0349546112120151,0.7635714411735535,0.5415512323379517,-0.0732480287551879,0.8106611967086792,0.5902484655380249,-0.0820858627557754,0.8216512203216553,0.6356656551361084,-0.0801360979676246,0.6949326395988464,0.6706835031509399,-0.0601642988622188,0.7790504693984985,0.5936585068702698,-0.0907277911901474,0.8199734091758728,0.6420606374740601,-0.0795143991708755,0.8196244239807129,0.6847506165504456,-0.0647571980953216,0.7173079252243042,0.7148783802986145,-0.0860862880945205,0.795368492603302,0.6797839999198914,-0.100314937531948,0.8231802582740784,0.7066818475723267,-0.0899651870131492,0.8204749226570129,0.732439398765564,-0.079207606613636,Pointing_Left
IMG_9706.JPG,0.6781420707702637,0.8043873310089111,8.779225879607112e-08,0.7192102074623108,0.7298819422721863,0.0207585431635379,0.7366340160369873,0.6629089713096619,0.0111392233520746,0.7552593946456909,0.6177204847335815,-0.0061382884159684,0.7593194246292114,0.58571857213974,-0.0232810508459806,0.6629980206489563,0.5814513564109802,-0.0114452876150608,0.6710976362228394,0.4968419075012207,-0.0368635728955268,0.6784258484840393,0.4356087148189544,-0.0543442964553833,0.6799943447113037,0.3858405947685241,-0.0653573125600814,0.656012773513794,0.5980115532875061,-0.0360884368419647,0.7507169842720032,0.5695695877075195,-0.0575400665402412,0.7541253566741943,0.6194777488708496,-0.052503827959299,0.7337040305137634,0.6387201547622681,-0.0446581654250621,0.6652570962905884,0.6296295523643494,-0.059804268181324,0.7571765780448914,0.6115796566009521,-0.0745205506682396,0.7573662996292114,0.65676349401474,-0.0565706826746463,0.7366426587104797,0.6733072996139526,-0.042048092931509,0.6852447986602783,0.6639797687530518,-0.0826783776283264,0.7553008794784546,0.6539222002029419,-0.0821805223822593,0.7553201913833618,0.6885678172111511,-0.0619644448161125,0.735981285572052,0.7047908306121826,-0.0475632213056087,Pointing_Left
508501772433805_.pic_thumb.jpg,0.977107048034668,0.7293004989624023,-9.891219860946876e-07,0.8490753173828125,0.622412383556366,0.0150676453486084,0.6802629232406616,0.5786110162734985,0.0009666738915257,0.5289561152458191,0.5997382998466492,-0.023514611646533,0.4244917333126068,0.6463608145713806,-0.0551092103123664,0.5840014815330505,0.468841016292572,-0.013998657464981,0.3411028385162353,0.5046629905700684,-0.0462796315550804,0.2058330774307251,0.52330482006073,-0.078597605228424,0.1078240275382995,0.5184655785560608,-0.1081705912947654,0.5736775994300842,0.5000622868537903,-0.0506628863513469,0.3853651285171509,0.636497437953949,-0.0682273879647255,0.4667785763740539,0.6899484992027283,-0.0751296430826187,0.5486966371536255,0.6849086880683899,-0.0871962383389473,0.5780661106109619,0.5651252865791321,-0.0858833491802215,0.4355543255805969,0.7090263366699219,-0.096059076488018,0.5227130055427551,0.7449917793273926,-0.085924431681633,0.5895268321037292,0.72306227684021,-0.0892700031399726,0.5844203233718872,0.6476739645004272,-0.1241287961602211,0.4779999852180481,0.756370484828949,-0.1461114883422851,0.5427649617195129,0.7850549221038818,-0.1358161568641662,0.6014959216117859,0.7725862860679626,-0.1265793591737747,Pointing_Left
509331772433897_.pic_thumb.jpg,0.4565849304199219,0.796682596206665,-4.402349986776244e-07,0.6303281188011169,0.7393158078193665,-0.0111796390265226,0.7367565035820007,0.6539658308029175,-0.0238916054368019,0.8134595155715942,0.5836023092269897,-0.033904742449522,0.8934575915336609,0.5657384395599365,-0.0412480235099792,0.5785574316978455,0.5092830657958984,-0.0399162508547306,0.6541064977645874,0.5240351557731628,-0.0524178929626941,0.6603124737739563,0.5844678282737732,-0.0702936500310897,0.6323289275169373,0.6223219037055969,-0.0844872817397117,0.470950722694397,0.513118326663971,-0.0420629866421222,0.5621736645698547,0.5370450019836426,-0.0344029143452644,0.5712185502052307,0.584928035736084,-0.0410335063934326,0.5428550243377686,0.6164456605911255,-0.0586243830621242,0.3903419971466064,0.5423654317855835,-0.0409455075860023,0.4716663360595703,0.5592496991157532,-0.0363881066441535,0.4852928817272186,0.5969753861427307,-0.0335865095257759,0.4645338654518127,0.6253676414489746,-0.0426475517451763,0.3297030031681061,0.5771327018737793,-0.0399249978363513,0.3925804495811462,0.585829496383667,-0.0385679975152015,0.4088899791240692,0.619368314743042,-0.025463493540883,0.3987509608268738,0.6458327174186707,-0.0185332801192998,Pointing_Right
508451772433800_.pic_thumb.jpg,0.882827639579773,0.8570334911346436,-8.767033250478562e-07,0.795608639717102,0.7559562921524048,0.0057374401949346,0.6542630195617676,0.6990443468093872,-0.018341202288866,0.5119491219520569,0.7016574740409851,-0.0498642772436142,0.4162670969963074,0.7258366346359253,-0.0885481834411621,0.5812620520591736,0.6075211763381958,-0.0457070171833038,0.3654125332832336,0.6285943984985352,-0.0802876725792884,0.2390645146369934,0.6395992040634155,-0.1115026473999023,0.1469867825508117,0.6296223998069763,-0.1401991844177246,0.5758947134017944,0.637762188911438,-0.0764911621809005,0.4050064086914062,0.7557294368743896,-0.0959085449576377,0.46857351064682,0.8069904446601868,-0.102801077067852,0.5291945338249207,0.8071602582931519,-0.1168685406446456,0.5841533541679382,0.7014503479003906,-0.1042839959263801,0.4510321617126465,0.8278673887252808,-0.1168197393417358,0.5275073051452637,0.86435866355896,-0.1101113185286521,0.5880309343338013,0.8479791879653931,-0.1170379668474197,0.5941144824028015,0.7763321995735168,-0.1340375542640686,0.4945079684257507,0.8681803345680237,-0.1545696556568145,0.5445812940597534,0.8951734900474548,-0.1461061686277389,0.5936576724052429,0.8899950385093689,-0.1406241208314895,Pointing_Left
IMG_9704.JPG,0.7308869957923889,0.7599278092384338,-3.257462424244295e-07,0.663507878780365,0.725224494934082,0.009567879140377,0.6286430954933167,0.6552562117576599,0.0119430599734187,0.6302363872528076,0.5894036889076233,0.0148960212245583,0.6568197011947632,0.5637065768241882,0.0161957163363695,0.6517878770828247,0.585282027721405,-0.0193950310349464,0.6500357985496521,0.4795176386833191,-0.0268016383051872,0.6523255109786987,0.4206095933914184,-0.0315945111215114,0.6553594470024109,0.375044047832489,-0.0353277660906314,0.6982192397117615,0.5721015334129333,-0.0173414498567581,0.6820924282073975,0.528130292892456,-0.0062840445898473,0.6741790175437927,0.5611171126365662,0.0101601304486393,0.6728255748748779,0.5934669971466064,0.0176098812371492,0.7369568347930908,0.5804001688957214,-0.0132113806903362,0.7139587998390198,0.5575551390647888,-0.0025275128427892,0.7104402184486389,0.5850709676742554,0.0099841700866818,0.7131699919700623,0.6171442866325378,0.0140562104061245,0.766904354095459,0.5935887694358826,-0.0078079579398036,0.7474967837333679,0.5771825909614563,0.0012680463260039,0.7419335842132568,0.6039117574691772,0.0108359977602958,0.7436083555221558,0.6326477527618408,0.0162682458758354,Pointing_Left
509211772433881_.pic_thumb.jpg,0.1381371468305587,0.3498669266700744,-2.387185134011816e-07,0.3015477359294891,0.3201799392700195,-0.0297489669173955,0.410441905260086,0.2622557878494262,-0.0494987592101097,0.4817970991134643,0.2251958847045898,-0.064913272857666,0.5538147687911987,0.214510291814804,-0.0783876329660415,0.2585832476615906,0.1067982614040374,-0.0566349029541015,0.327839195728302,0.1482251435518264,-0.075118139386177,0.3389184474945068,0.2022176384925842,-0.0992168188095092,0.3193658292293548,0.2296117842197418,-0.1201604083180427,0.1503302156925201,0.1169932708144187,-0.0562096163630485,0.2268856614828109,0.1561723500490188,-0.0548150688409805,0.2425196915864944,0.1988438069820404,-0.0649918019771575,0.2233491241931915,0.2201099395751953,-0.0873357355594635,0.0698306411504745,0.1536546200513839,-0.0551800839602947,0.1382846683263778,0.1778050065040588,-0.0643379464745521,0.158681258559227,0.2121152430772781,-0.0670824274420738,0.146528884768486,0.2312204390764236,-0.0789039134979248,0.0119175314903259,0.1942532956600189,-0.055590521544218,0.0715344250202179,0.2121471762657165,-0.0659880638122558,0.0945716500282287,0.2421875149011612,-0.0588430352509021,0.0916793197393417,0.2614220976829529,-0.0576494522392749,Pointing_Right
508981772433853_.pic_thumb.jpg,0.5886451005935669,0.4187442362308502,-5.373291287469328e-07,0.7147407531738281,0.4032180905342102,-0.003026136662811,0.8040997982025146,0.3565431535243988,-0.0109743904322385,0.8684773445129395,0.3202911913394928,-0.0212830007076263,0.9286266565322876,0.3085001409053802,-0.0314607582986354,0.7430054545402527,0.2271911650896072,-0.0111674247309565,0.7499188780784607,0.2454256415367126,-0.0207926034927368,0.7455219626426697,0.2867675721645355,-0.0387141481041908,0.7357245087623596,0.3121817708015442,-0.0535867549479007,0.6630834937095642,0.2234701812267303,-0.0213969387114048,0.6772482395172119,0.2528797686100006,-0.0170518979430198,0.6782050728797913,0.2896874547004699,-0.0286886692047119,0.6703070998191833,0.3110896348953247,-0.0457128211855888,0.5909217000007629,0.2401012927293777,-0.029581906273961,0.6109287738800049,0.2662591934204101,-0.0304685104638338,0.61770099401474,0.2952378094196319,-0.0333924479782581,0.611965537071228,0.3126377463340759,-0.0418908484280109,0.531299889087677,0.2620486617088318,-0.0381054729223251,0.5542621612548828,0.2870806753635406,-0.0371689461171627,0.5617983341217041,0.314430296421051,-0.0262775253504514,0.5576475262641907,0.3300821483135223,-0.0199336800724267,Pointing_Right
IMG_9773.JPG,0.9014773368835448,0.5595917105674744,-4.3665107085644195e-08,0.8565446138381958,0.5676404237747192,-0.0226955134421587,0.8222598433494568,0.6033545136451721,-0.0398083440959453,0.8355000019073486,0.6394140124320984,-0.0570353791117668,0.8653702139854431,0.6649962663650513,-0.0739685967564582,0.8291120529174805,0.7227581143379211,-0.0345656685531139,0.8281567692756653,0.8077526092529297,-0.0655736699700355,0.83445805311203,0.8626282215118408,-0.0868766084313392,0.8430037498474121,0.9090546369552612,-0.1019705459475517,0.8703843951225281,0.7200745940208435,-0.0390212349593639,0.8817964196205139,0.7401183843612671,-0.0809909924864769,0.8842399716377258,0.6683483719825745,-0.0937576368451118,0.8776980638504028,0.6257492899894714,-0.0957622900605201,0.90598726272583,0.7056357860565186,-0.0458850301802158,0.9196327924728394,0.7152122855186462,-0.0848825797438621,0.9119513630867004,0.6491644978523254,-0.080899454653263,0.8987957239151001,0.6104733347892761,-0.0704201012849807,0.937151312828064,0.6849784255027771,-0.0547766275703907,0.943540334701538,0.6892551779747009,-0.0819201245903968,0.9335578680038452,0.6388353705406189,-0.0776226595044136,0.917700469493866,0.608924925327301,-0.0688391178846359,Pointing_Right
IMG_9560.JPG,0.7610385417938232,0.8624622821807861,-3.2639127311995253e-07,0.684982419013977,0.8422256112098694,0.0130208879709243,0.6367309093475342,0.7712128162384033,0.0219711791723966,0.6253078579902649,0.6989248991012573,0.0315925627946853,0.6485273241996765,0.6632177233695984,0.0401266515254974,0.6484507322311401,0.6825412511825562,-0.0016556890914216,0.6388178467750549,0.5773115158081055,0.006966067943722,0.6359565854072571,0.5214958190917969,0.0121575593948364,0.633769154548645,0.4769771695137024,0.013786431401968,0.6928985118865967,0.6586591005325317,0.0019008574308827,0.6728124022483826,0.6270623207092285,0.0255639720708131,0.6694796681404114,0.6616606116294861,0.0431680381298065,0.6724710464477539,0.692073404788971,0.050367847084999,0.7336338758468628,0.659817099571228,0.0082032764330506,0.7048653364181519,0.6497372388839722,0.0295384228229522,0.7049698829650879,0.6787552833557129,0.0389247126877307,0.7110179662704468,0.7076898813247681,0.0392729565501213,0.7655808925628662,0.667083203792572,0.0160530358552932,0.7403019070625305,0.6596722602844238,0.03384355828166,0.7395121455192566,0.6867678761482239,0.0429486632347106,0.7453641891479492,0.7150478363037109,0.0469549596309661,Pointing_Left
IMG_9688.JPG,0.6966032981872559,0.7471694350242615,-8.421574193562266e-08,0.6897112727165222,0.6591115593910217,0.0444040074944496,0.6953901648521423,0.5882154703140259,0.0537484660744667,0.711260199546814,0.5367043614387512,0.0512122809886932,0.7347118854522705,0.5025593638420105,0.0463555790483951,0.6591624021530151,0.5547578930854797,0.019948087632656,0.6644063591957092,0.4549437165260315,0.0174472033977508,0.6693013906478882,0.4017792642116546,0.0186893753707408,0.6732089519500732,0.3548465073108673,0.0176800303161144,0.6674712896347046,0.5560442209243774,-0.0149665940552949,0.66478431224823,0.4415294229984283,-0.029144961386919,0.6694217920303345,0.3732481002807617,-0.0376708582043647,0.6727516651153564,0.3286143839359283,-0.0431010089814662,0.6873664855957031,0.5722620487213135,-0.0456718131899833,0.7105569243431091,0.4675087928771972,-0.0618364475667476,0.7509447336196899,0.4358421266078949,-0.0687203258275985,0.7809459567070007,0.4242134094238281,-0.0718959271907806,0.7179303765296936,0.5949903726577759,-0.0716279819607734,0.7356197834014893,0.5079904794692993,-0.0831353813409805,0.7609150409698486,0.4922493100166321,-0.082371562719345,0.7840716242790222,0.4957669675350189,-0.080790139734745,Pointing_Left
IMG_9650.JPG,0.6869158744812012,0.7604835033416748,2.092286450761094e-07,0.7014216184616089,0.6684066653251648,0.019979165866971,0.7132724523544312,0.5810716152191162,0.0182203445583581,0.7372223734855652,0.526504397392273,0.0089452024549245,0.7636740207672119,0.4867251217365265,0.0003253076574765,0.6683677434921265,0.5519663095474243,-0.0038705023471266,0.6742416620254517,0.4567552804946899,-0.0213898718357086,0.6863315105438232,0.39939084649086,-0.0296003203839063,0.6904845833778381,0.3541836738586426,-0.0344047956168651,0.6724092364311218,0.5613028407096863,-0.0270404126495122,0.715878427028656,0.4671538472175598,-0.050980806350708,0.767706573009491,0.4652174711227417,-0.056334163993597,0.7958351373672485,0.4863446950912475,-0.0549125783145427,0.6854555606842041,0.5822674036026001,-0.048620082437992,0.728443443775177,0.4862597584724426,-0.0692922919988632,0.7762721180915833,0.4992368519306183,-0.0671630203723907,0.8005715608596802,0.5298094749450684,-0.0601526089012622,0.7079217433929443,0.6098332405090332,-0.0686609297990799,0.7451418042182922,0.5354093313217163,-0.0812188163399696,0.7780839800834656,0.540212094783783,-0.0769160464406013,0.7957537174224854,0.5629433989524841,-0.0701115280389785,Pointing_Left
IMG_9790.JPG,0.9377686977386476,0.5319608449935913,-6.829693575127749e-07,0.885446310043335,0.6230084300041199,-0.0078680859878659,0.8249726295471191,0.6948511600494385,-0.029456254094839,0.780415415763855,0.7646507620811462,-0.0483659245073795,0.7689560055732727,0.8388776779174805,-0.0661111995577812,0.834607720375061,0.6112757921218872,-0.0769562199711799,0.7247576117515564,0.6063650846481323,-0.093332827091217,0.7458857893943787,0.6150617003440857,-0.0855101943016052,0.7783225178718567,0.6130744814872742,-0.0764204338192939,0.836230993270874,0.5278006792068481,-0.0796312540769577,0.7183179259300232,0.5487341284751892,-0.0868191793560981,0.7406229376792908,0.5643704533576965,-0.0690512508153915,0.77277010679245,0.5601745247840881,-0.0602090768516063,0.8333049416542053,0.4576362073421478,-0.0783372595906257,0.717316746711731,0.4969489872455597,-0.0792391374707222,0.7422826886177063,0.511684238910675,-0.0568711906671524,0.7731829285621643,0.5058116912841797,-0.046959038823843,0.8279456496238708,0.4034350216388702,-0.0765390768647193,0.7398959994316101,0.4502294063568115,-0.0747317299246788,0.7562759518623352,0.4660133719444275,-0.0580069720745086,0.7803449630737305,0.4604659974575043,-0.0495315045118331,Pointing_Right
508891772433844_.pic_thumb.jpg,0.4505430459976196,0.7326732277870178,-3.378471546966466e-07,0.560640811920166,0.682210385799408,-0.0134528828784823,0.6227806806564331,0.6194649934768677,-0.0275970920920372,0.6625276207923889,0.5684437155723572,-0.0411354005336761,0.7129709720611572,0.5450032949447632,-0.0536304078996181,0.5042557716369629,0.5257131457328796,-0.0355030409991741,0.5395538210868835,0.5347148180007935,-0.0563823133707046,0.5526639223098755,0.5748923420906067,-0.0788143873214721,0.5449017882347107,0.6025657057762146,-0.0946540683507919,0.4293844103813171,0.5386999249458313,-0.0397056490182876,0.4731065630912781,0.5512171983718872,-0.0479133427143096,0.4880661070346832,0.5832180976867676,-0.0576679743826389,0.4790286719799042,0.6072632074356079,-0.0715627744793891,0.3731262683868408,0.5666741132736206,-0.0426607616245746,0.4124637246131897,0.577301025390625,-0.0515596121549606,0.4282009899616241,0.6019033193588257,-0.0489874072372913,0.4222085177898407,0.6227200031280518,-0.0521273016929626,0.3306869864463806,0.5953714847564697,-0.0468172393739223,0.3654330968856811,0.6045991778373718,-0.0526024885475635,0.3827517032623291,0.6261433362960815,-0.0423200391232967,0.3830350637435913,0.6440034508705139,-0.0353686437010765,Pointing_Right
IMG_9683.JPG,0.7373844385147095,0.8223487138748169,1.54794321360896e-07,0.7917452454566956,0.7301417589187622,0.0024501539301127,0.8069419264793396,0.6544429063796997,-0.0094893863424658,0.8246058821678162,0.6030802726745605,-0.0280233193188905,0.8213754296302795,0.5539239048957825,-0.0442105680704116,0.7071952223777771,0.5596305727958679,-0.0061105000786483,0.708962082862854,0.4819667935371399,-0.0323692522943019,0.7088557481765747,0.42122483253479,-0.0507986359298229,0.7007494568824768,0.3711239099502563,-0.0636402517557144,0.6823657751083374,0.5752686858177185,-0.0263015180826187,0.7633995413780212,0.5019068121910095,-0.0630829483270645,0.7991757988929749,0.5575280785560608,-0.0715747401118278,0.8003910779953003,0.6019570231437683,-0.0678254067897796,0.6807416081428528,0.6067978739738464,-0.0475680641829967,0.7692527770996094,0.5529218316078186,-0.081221267580986,0.8024123311042786,0.6105120182037354,-0.0708168894052505,0.7996402978897095,0.6509947776794434,-0.0540812276303768,0.6948593854904175,0.646365761756897,-0.0696576014161109,0.7684690952301025,0.6139340400695801,-0.0885888561606407,0.7939059138298035,0.6516295671463013,-0.0772265717387199,0.7917125225067139,0.682037353515625,-0.0630934312939643,Pointing_Left
IMG_9802.JPG,0.8225458860397339,0.5623460412025452,5.4528804582787416e-08,0.7781090140342712,0.5501368045806885,-0.0263063553720712,0.7289432287216187,0.5606478452682495,-0.048893753439188,0.7134748101234436,0.5834031105041504,-0.0715031549334526,0.740753173828125,0.6052235960960388,-0.0946174710988998,0.7078328132629395,0.6967631578445435,-0.0455803908407688,0.6938837766647339,0.7866775393486023,-0.0810811147093772,0.6855102181434631,0.845207691192627,-0.1073958575725555,0.68245530128479,0.8944658637046814,-0.1257474869489669,0.7508949637413025,0.7226875424385071,-0.0531494617462158,0.7414324283599854,0.7173949480056763,-0.1029559299349784,0.7571001052856445,0.641172468662262,-0.1201584264636039,0.7703959345817566,0.5944022536277771,-0.1233458817005157,0.7948209047317505,0.728547990322113,-0.0627090707421302,0.7925567626953125,0.715863823890686,-0.106578029692173,0.7985029220581055,0.6363399624824524,-0.1043306142091751,0.8018772602081299,0.5834945440292358,-0.093388982117176,0.8371267914772034,0.7221184968948364,-0.0748023688793182,0.8329914212226868,0.7209362387657166,-0.1023758798837661,0.8325493335723877,0.6663141846656799,-0.0969920828938484,0.8286230564117432,0.6285179257392883,-0.0872230380773544,Pointing_Right
IMG_9597.JPG,0.5936537981033325,0.7380620241165161,-1.071475850267234e-07,0.5307393670082092,0.6984227895736694,0.0076419003307819,0.5072450041770935,0.6276987791061401,0.005728499032557,0.5122224688529968,0.5637844204902649,0.0022984747774899,0.5316371321678162,0.532581627368927,-0.0011939835967496,0.4909344315528869,0.5613574385643005,-0.0171661749482154,0.490752249956131,0.4537223577499389,-0.0230119992047548,0.4959381222724914,0.392290711402893,-0.0237922258675098,0.5009349584579468,0.3468601703643799,-0.0248255096375942,0.5251160264015198,0.5395129919052124,-0.0221512727439403,0.5502271056175232,0.5072447657585144,-0.0236160662025213,0.5563809871673584,0.5371974110603333,-0.0160208400338888,0.5541945099830627,0.564579963684082,-0.0114344507455825,0.5647809505462646,0.5364418625831604,-0.0247092116624116,0.5795023441314697,0.5302698016166687,-0.0213232114911079,0.5822101831436157,0.5569159984588623,-0.0112404078245162,0.5794602632522583,0.5822349190711975,-0.0068954448215663,0.6004729270935059,0.5391218066215515,-0.0271804127842187,0.6061000823974609,0.5456456542015076,-0.0194822642952203,0.6071168780326843,0.5719109773635864,-0.0099859246984124,0.6042600870132446,0.5948779582977295,-0.0033361911773681,Pointing_Left
IMG_9770.JPG,0.811298668384552,0.4872894585132599,1.2885530509265666e-07,0.7656832337379456,0.4758075773715973,-0.020121194422245,0.7230069637298584,0.4900554418563843,-0.0375211089849472,0.6998498439788818,0.5116975903511047,-0.0555484183132648,0.7204031348228455,0.5364041328430176,-0.0737595558166503,0.712073028087616,0.6105539202690125,-0.0340354852378368,0.6973401308059692,0.6750814318656921,-0.0598247870802879,0.6886795163154602,0.7207671999931335,-0.0788356363773346,0.6832299828529358,0.7614466547966003,-0.0929779708385467,0.7454298734664917,0.6273576021194458,-0.0405174791812896,0.7298666834831238,0.6197807788848877,-0.0772263333201408,0.7374274134635925,0.5554560422897339,-0.0895635113120079,0.7462497353553772,0.5159893035888672,-0.0918390452861785,0.7806082367897034,0.6248303651809692,-0.0484399162232875,0.7659002542495728,0.6064262986183167,-0.0826227962970733,0.7653857469558716,0.546086847782135,-0.083006277680397,0.7683706879615784,0.509830117225647,-0.0762035697698593,0.8135727047920227,0.6114270687103271,-0.0583266243338584,0.7981523871421814,0.593757152557373,-0.0821381658315658,0.7932509779930115,0.5484187602996826,-0.0815048143267631,0.7914462089538574,0.5176535248756409,-0.0762650743126869,Pointing_Right
508281772433784_.pic_thumb.jpg,0.8836010694503784,0.8138210773468018,-7.015683536337747e-07,0.7982814311981201,0.698664665222168,0.0140826283022761,0.6728453636169434,0.6380382776260376,-0.003733126213774,0.5566220283508301,0.6238971948623657,-0.0299011580646038,0.480784147977829,0.6363868117332458,-0.0609542652964592,0.5715552568435669,0.5796690583229065,-0.0249137878417968,0.376485675573349,0.5936349630355835,-0.0577574893832206,0.2500053346157074,0.6082819700241089,-0.0905576050281524,0.1541805267333984,0.6113954186439514,-0.1208062693476677,0.561411440372467,0.6111835837364197,-0.0580364502966403,0.3984796404838562,0.7222741842269897,-0.070652849972248,0.4641656577587127,0.7582725286483765,-0.077179342508316,0.5267555117607117,0.7433743476867676,-0.0935030952095985,0.5701994299888611,0.672645628452301,-0.0889796391129493,0.4472015500068664,0.7900912761688232,-0.0919803380966186,0.5239327549934387,0.8076308965682983,-0.0819223746657371,0.5803164839744568,0.776361882686615,-0.0910327583551406,0.5847991704940796,0.7446351051330566,-0.1222726628184318,0.5098053216934204,0.8356809616088867,-0.1410490721464157,0.5758570432662964,0.8469480276107788,-0.1342056989669799,0.6269801259040833,0.8243661522865295,-0.1313343644142151,Pointing_Left
508181772433774_.pic_thumb.jpg,0.9834061861038208,0.707607090473175,-5.843405688210623e-07,0.9022927284240724,0.6146002411842346,0.0084618609398603,0.7766972780227661,0.5722547173500061,-0.0020276287104934,0.6600306034088135,0.5825341939926147,-0.0201690271496772,0.581092119216919,0.6119793653488159,-0.0431449823081493,0.7069151401519775,0.5145316123962402,-0.0095111494883894,0.5434902906417847,0.5379871726036072,-0.0312852263450622,0.4441693723201751,0.5486915111541748,-0.0561942122876644,0.3705897331237793,0.544451117515564,-0.0805448964238166,0.6963808536529541,0.5424450039863586,-0.0356614738702774,0.578774094581604,0.6410564184188843,-0.045927669852972,0.63730388879776,0.6738613843917847,-0.05406029894948,0.6923152804374695,0.6679940223693848,-0.0672354772686958,0.7037701606750488,0.5937311053276062,-0.0606802850961685,0.6192514300346375,0.7013379335403442,-0.0659835115075111,0.6858216524124146,0.7206211686134338,-0.062130868434906,0.7358119487762451,0.7016801834106445,-0.0689417868852615,0.7167366743087769,0.6537212133407593,-0.0883157402276992,0.6607136726379395,0.7332340478897095,-0.1050785183906555,0.7132346034049988,0.7485509514808655,-0.1009108424186706,0.7575533986091614,0.737045407295227,-0.0975699946284294,Pointing_Left
IMG_9608.JPG,0.6991963386535645,0.7891117930412292,-1.1785633091676573e-07,0.633269190788269,0.7495238780975342,0.0128191541880369,0.6066098809242249,0.6797504425048828,0.0146453930065035,0.6084474921226501,0.6168407201766968,0.0145927984267473,0.6261072158813477,0.5830360651016235,0.0135865146294236,0.6002533435821533,0.6145244836807251,-0.0115795917809009,0.6022175550460815,0.5103715658187866,-0.0140113038942217,0.6077466011047363,0.4533987641334533,-0.0126701220870018,0.6124560236930847,0.4095509052276611,-0.0127259204164147,0.6405725479125977,0.5960382223129272,-0.0167708676308393,0.6571033000946045,0.5480746626853943,-0.0101488661020994,0.6606547236442566,0.5761027932167053,0.0017551807686686,0.658660888671875,0.605353593826294,0.0074323057197034,0.6822389364242554,0.5971129536628723,-0.0194290839135646,0.68953937292099,0.5780037641525269,-0.0077879689633846,0.6917359828948975,0.600742757320404,0.0046923770569264,0.6899626851081848,0.6286739706993103,0.0081103881821036,0.7175614237785339,0.6048796772956848,-0.0217298287898302,0.719821035861969,0.6037269234657288,-0.0094920499250292,0.720166802406311,0.6272131204605103,-1.118598629545886e-05,0.7176867723464966,0.6503064036369324,0.0049270526506006,Pointing_Left
IMG_9868.JPG,0.8994358777999878,0.5458000302314758,-5.680442995981139e-07,0.8708928227424622,0.6242040395736694,-0.0301758758723735,0.8188410997390747,0.6847703456878662,-0.0657705143094062,0.7783405780792236,0.7357468008995056,-0.0920082628726959,0.7497467994689941,0.7944963574409485,-0.1133230626583099,0.866455614566803,0.60524582862854,-0.1429452449083328,0.7442669868469238,0.5865780711174011,-0.1788081973791122,0.7652003169059753,0.6155481338500977,-0.1723003983497619,0.8018017411231995,0.624164879322052,-0.1604782938957214,0.8788270950317383,0.5216231942176819,-0.1394156515598297,0.7392618060112,0.5257644653320312,-0.1775584071874618,0.7632650136947632,0.5632405877113342,-0.1558596491813659,0.8024544715881348,0.5691115856170654,-0.1375369429588318,0.8755420446395874,0.4583074748516083,-0.1311728805303573,0.745174765586853,0.4687693119049072,-0.154310330748558,0.7736225724220276,0.505864143371582,-0.1158650144934654,0.8117284178733826,0.5137298107147217,-0.0882855206727981,0.866914689540863,0.413814514875412,-0.1238623112440109,0.7728341221809387,0.4231562614440918,-0.1268896907567978,0.7873943448066711,0.4526086151599884,-0.0985883399844169,0.8180036544799805,0.4600911140441894,-0.0803709626197815,Pointing_Right
IMG_9873.JPG,0.8414000272750854,0.5292415618896484,1.1297563418111169e-07,0.7935423851013184,0.4968418180942535,-0.0407434329390525,0.7476729154586792,0.4828924536705017,-0.074807085096836,0.7489575743675232,0.4948495328426361,-0.1059163063764572,0.7787724733352661,0.5219550728797913,-0.1351068764925003,0.7061845064163208,0.6132282614707947,-0.0714856013655662,0.6995721459388733,0.7006697058677673,-0.1235439106822013,0.7015012502670288,0.7650066614151001,-0.1580564826726913,0.7041739821434021,0.8241563439369202,-0.17990043759346,0.7481236457824707,0.6560678482055664,-0.0736136958003044,0.7673439383506775,0.6418928503990173,-0.1243174523115158,0.7920680046081543,0.5637897849082947,-0.1351860910654068,0.7994834184646606,0.5205113887786865,-0.1371316909790039,0.7925872802734375,0.6727111339569092,-0.0801722556352615,0.819233238697052,0.6404623985290527,-0.1206984743475914,0.8312332034111023,0.5700217485427856,-0.1072658598423004,0.8286460041999817,0.5348084568977356,-0.092388167977333,0.8325482606887817,0.6743699312210083,-0.0920841619372367,0.8536031246185303,0.6517757177352905,-0.1187323033809661,0.8587576746940613,0.5959551930427551,-0.1100049167871475,0.8514734506607056,0.5641125440597534,-0.0988697931170463,Pointing_Right
IMG_9848.JPG,0.8335719704627991,0.5195358991622925,1.0598822086649309e-07,0.7890329360961914,0.5057433843612671,-0.0296724922955036,0.7419803142547607,0.5058716535568237,-0.0563875921070575,0.7392503619194031,0.5092105865478516,-0.0821298584342002,0.771183967590332,0.511215329170227,-0.1070525050163269,0.7387582063674927,0.632804274559021,-0.0562437735497951,0.7379849553108215,0.7056314945220947,-0.0964708924293518,0.7437469363212585,0.7521028518676758,-0.1208015605807304,0.7499212622642517,0.796644926071167,-0.1367648541927337,0.785554051399231,0.6673464179039001,-0.062019757926464,0.7910812497138977,0.6328903436660767,-0.102944977581501,0.7958558797836304,0.5603086948394775,-0.1084930598735809,0.7917341589927673,0.5329640507698059,-0.1068289801478385,0.8314313292503357,0.6652993559837341,-0.0709457471966743,0.8358889818191528,0.6099523305892944,-0.1066374108195304,0.8299921751022339,0.547348141670227,-0.0948460027575492,0.819884717464447,0.5278829336166382,-0.0809566006064415,0.8718003630638123,0.6462539434432983,-0.0837934017181396,0.8721224665641785,0.5982768535614014,-0.1066043004393577,0.8647452592849731,0.5514898896217346,-0.0977490693330764,0.8543429374694824,0.5368708372116089,-0.0867217928171157,Pointing_Right
IMG_9806.JPG,0.8423479199409485,0.6026395559310913,1.113370018401838e-07,0.7949754595756531,0.5944526195526123,-0.0247506462037563,0.7493289709091187,0.6174914240837097,-0.0437360852956771,0.7318297028541565,0.6535570025444031,-0.0635254979133606,0.7558684349060059,0.689656138420105,-0.0846286490559578,0.7320647835731506,0.7461553812026978,-0.0348257422447204,0.7222408652305603,0.8401714563369751,-0.0679137483239173,0.7163829803466797,0.9021485447883606,-0.0915945917367935,0.71376633644104,0.9551916718482972,-0.1080985590815544,0.7737309336662292,0.7588622570037842,-0.0430759489536285,0.760905921459198,0.7982261180877686,-0.0898611471056938,0.7741712331771851,0.7289239168167114,-0.1079907119274139,0.7832129001617432,0.6794950366020203,-0.1116998940706253,0.8168486952781677,0.7576890587806702,-0.0538480840623378,0.8159905672073364,0.7809319496154785,-0.1000713929533958,0.819284200668335,0.7051341533660889,-0.1018584743142128,0.8182658553123474,0.6508445143699646,-0.0923981070518493,0.8590796589851379,0.7489193677902222,-0.0663804486393928,0.8568269610404968,0.7771651148796082,-0.0970731303095817,0.8546197414398193,0.724308967590332,-0.0941947251558303,0.848861038684845,0.6815006732940674,-0.085823930799961,Pointing_Right
508411772433796_.pic.jpg,1.023680567741394,0.7858219146728516,-1.2018872439512052e-06,0.8938356041908264,0.6702828407287598,0.0311233662068843,0.7218554615974426,0.6130670309066772,0.0168441534042358,0.5592014789581299,0.6154128313064575,-0.0109918918460607,0.4433859288692474,0.6460072994232178,-0.0449912995100021,0.6091100573539734,0.4968096613883972,-0.0162041708827018,0.3702172935009002,0.5215874910354614,-0.0417698696255683,0.240039050579071,0.538293182849884,-0.0664729848504066,0.1406030654907226,0.5322745442390442,-0.0930428281426429,0.6076168417930603,0.5304221510887146,-0.0638593584299087,0.4112108051776886,0.6731511354446411,-0.0746401250362396,0.5000485777854919,0.7239946126937866,-0.073459692299366,0.58426833152771,0.7103793025016785,-0.0857083350419998,0.6199635863304138,0.6004937291145325,-0.1079432815313339,0.4699108004570007,0.7521218061447144,-0.1107323244214057,0.566010057926178,0.7832531929016113,-0.0928482934832573,0.6358465552330017,0.749703586101532,-0.0979882329702377,0.634252667427063,0.6835304498672485,-0.1534971892833709,0.5206303596496582,0.7952860593795776,-0.1689817607402801,0.5934292078018188,0.8193535804748535,-0.1539298444986343,0.6536656618118286,0.7980390787124634,-0.1461274474859237,Pointing_Left
509091772433865_.pic.jpg,0.1243850439786911,0.7248519062995911,2.8202768476148776e-07,0.2785303592681885,0.6663995981216431,-0.0563470125198364,0.3638896942138672,0.5846158862113953,-0.0721520185470581,0.4337072968482971,0.5212889909744263,-0.0748967826366424,0.5074896812438965,0.4889572858810425,-0.0704396069049835,0.1772008836269378,0.4887283742427826,-0.0339116975665092,0.2973896265029907,0.4993845224380493,-0.0378906428813934,0.3406615853309631,0.5454715490341187,-0.0482356026768684,0.3471597135066986,0.5749203562736511,-0.0556483939290046,0.1062966734170913,0.4956077635288238,-0.002441021380946,0.2374021708965301,0.519654393196106,0.004028738476336,0.2828982770442962,0.5619422197341919,-0.0072383782826364,0.2870478928089142,0.5924028158187866,-0.023692725226283,0.0665574818849563,0.5235564708709717,0.0260170344263315,0.182648628950119,0.5412929058074951,0.0269717834889888,0.2277535647153854,0.5748098492622375,0.0151415076106786,0.2331610769033432,0.6058109402656555,0.0020724008791148,0.0440030694007873,0.551480233669281,0.0508063249289989,0.1325424462556839,0.5594750046730042,0.0474454350769519,0.1699037402868271,0.5829256176948547,0.0429170094430446,0.1792728304862976,0.6071729063987732,0.0393570885062217,Pointing_Right
509021772433857_.pic.jpg,0.633841335773468,0.7906389236450195,-5.102272098156391e-07,0.7691389322280884,0.7331215143203735,0.0009252916788682,0.8417239189147949,0.655475378036499,-0.0030577152501791,0.8874955177307129,0.5855402946472168,-0.0049990424886345,0.9459757804870604,0.5593600273132324,-0.0059106932021677,0.7174597382545471,0.5370563864707947,-0.0367093086242675,0.7368461489677429,0.5520658493041992,-0.0351013094186782,0.7394059896469116,0.5997647643089294,-0.0389682874083519,0.7276561856269836,0.6297096610069275,-0.0448269098997116,0.6222000122070312,0.5419450998306274,-0.039244782179594,0.652662456035614,0.564858078956604,-0.018626207485795,0.6635390520095825,0.6041805148124695,-0.0139591069892048,0.6548165082931519,0.6308510899543762,-0.0254333540797233,0.548424482345581,0.5686547756195068,-0.0362214148044586,0.5757519602775574,0.589920163154602,-0.0203899405896663,0.5940710306167603,0.6221714019775391,-0.0148517936468124,0.5909604430198669,0.6500701904296875,-0.0236241817474365,0.4876022934913635,0.5985553860664368,-0.0326633788645267,0.5119398236274719,0.6154866814613342,-0.0244875904172658,0.5357649326324463,0.644844651222229,-0.0137366037815809,0.5441651940345764,0.6693212985992432,-0.0096314344555139,Pointing_Right
508351772433790_.pic.jpg,0.9784634709358216,0.7937464714050293,-9.69620373325597e-07,0.8559135794639587,0.6752898693084717,0.0308038964867591,0.6922231316566467,0.618516743183136,0.0163971446454525,0.5365495681762695,0.6253616213798523,-0.0122977439314126,0.4264396429061889,0.6607287526130676,-0.0484097599983215,0.5861762762069702,0.5115872025489807,-0.0109541844576597,0.3509940803050995,0.5427770018577576,-0.0318295620381832,0.2217059135437011,0.5619977712631226,-0.0553725846111774,0.12135511636734,0.5597380995750427,-0.0814737752079963,0.5710016489028931,0.5557652711868286,-0.0569065660238266,0.3855474293231964,0.68197101354599,-0.0688117519021034,0.4763524532318115,0.7296101450920105,-0.0700700879096984,0.561538815498352,0.7167002558708191,-0.0812620371580123,0.5754648447036743,0.6311852931976318,-0.0980570241808891,0.4406349956989288,0.7680405378341675,-0.0995561704039573,0.5300952792167664,0.7958316206932068,-0.0806857421994209,0.5959441661834717,0.7656904458999634,-0.082927331328392,0.5815197825431824,0.7161739468574524,-0.1405381262302398,0.4827304780483246,0.8147587180137634,-0.1531595885753631,0.5553311705589294,0.8363852500915527,-0.1343643814325332,0.6139282584190369,0.8155732154846191,-0.1225923597812652,Pointing_Left
IMG_9623.JPG,0.7937315106391907,0.8177116513252258,-2.071520981417052e-07,0.7322897911071777,0.7453866600990295,0.013142853975296,0.7232571840286255,0.659538745880127,0.0151489032432436,0.7450376749038696,0.5940152406692505,0.0161526780575513,0.7732153534889221,0.5674060583114624,0.0157639477401971,0.7269322276115417,0.6080352067947388,-0.0164133831858634,0.7451394200325012,0.4966591596603393,-0.019679581746459,0.7602391242980957,0.4352559447288513,-0.0179902836680412,0.7732776403427124,0.3874940276145935,-0.0176254566758871,0.7751768827438354,0.6061452627182007,-0.0207693111151456,0.7922862768173218,0.5361543297767639,-0.0144493021070957,0.7870016694068909,0.5649024844169617,-2.2090805941843428e-05,0.7781912684440613,0.5994497537612915,0.0077921319752931,0.8203863501548767,0.6217430830001831,-0.0221174862235784,0.8256361484527588,0.5713155269622803,-0.0119550032541155,0.822053074836731,0.5950341820716858,0.0024765117559581,0.8163297772407532,0.6273308992385864,0.0082098357379436,0.8572661280632019,0.6410332918167114,-0.0223817620426416,0.8539212346076965,0.6047782301902771,-0.0102520436048507,0.8495621085166931,0.6280092597007751,0.001925160177052,0.8470519781112671,0.6560298800468445,0.0086855934932827,Pointing_Left
IMG_9558.JPG,0.7093980312347412,0.8683962821960449,-3.350116912770318e-07,0.6353838443756104,0.8372721672058105,0.0226244106888771,0.5947999954223633,0.7632297873497009,0.0356456376612186,0.5912737250328064,0.6960560083389282,0.0478763729333877,0.6185678243637085,0.6652770638465881,0.0584940165281295,0.6004497408866882,0.6846625208854675,0.0034990217536687,0.5989927649497986,0.5757676362991333,0.0134731903672218,0.5989074110984802,0.5191138982772827,0.0205698907375335,0.5988245010375977,0.4747557044029236,0.0241044107824563,0.6452868580818176,0.6641273498535156,0.0037049991078674,0.6332125067710876,0.6241442561149597,0.0313062369823455,0.6290405988693237,0.6572874188423157,0.052174225449562,0.6299175024032593,0.689055323600769,0.0609189271926879,0.6873539686203003,0.6667569875717163,0.007282726932317,0.6646740436553955,0.6506918668746948,0.0330892018973827,0.6638672351837158,0.6803869009017944,0.043512724339962,0.6677694916725159,0.7102606296539307,0.0432633459568023,0.7214520573616028,0.674627423286438,0.0133275650441646,0.6990846991539001,0.6658037304878235,0.0357248783111572,0.6979653835296631,0.692042887210846,0.0460222698748111,0.7021255493164062,0.7192750573158264,0.0496899411082267,Pointing_Left
IMG_9803.JPG,0.831368625164032,0.5668312311172485,7.840348104082295e-08,0.7828916311264038,0.5583183169364929,-0.0245149917900562,0.7305703163146973,0.5734411478042603,-0.045047789812088,0.7151201367378235,0.5997967720031738,-0.0657327696681022,0.7444160580635071,0.6220407485961914,-0.0866528004407882,0.7129539251327515,0.7085367441177368,-0.042730938643217,0.6980551481246948,0.7992622256278992,-0.0771323814988136,0.6900603175163269,0.859052836894989,-0.1019284650683403,0.6872168779373169,0.911141037940979,-0.1192856952548027,0.7567474842071533,0.7365394234657288,-0.0504335276782512,0.7435477375984192,0.7361792922019958,-0.0996738001704216,0.7575730681419373,0.6595512628555298,-0.1161083653569221,0.7703989148139954,0.6125417351722717,-0.1182920634746551,0.8008203506469727,0.7441728711128235,-0.0600750297307968,0.7967268824577332,0.7260391116142273,-0.1041226387023925,0.8020792603492737,0.6456804871559143,-0.1022185757756233,0.8048502802848816,0.5943731069564819,-0.0907007977366447,0.8428786396980286,0.7388045191764832,-0.0720792636275291,0.8370674848556519,0.7309200763702393,-0.0989536792039871,0.8361905813217163,0.6752611398696899,-0.0938703790307045,0.832233190536499,0.6389324069023132,-0.0841205045580864,Pointing_Right
507921772433749_.pic.jpg,0.9586023092269896,0.7251463532447815,-7.152366379159503e-07,0.8581663370132446,0.6455020904541016,0.0212786700576543,0.7264713048934937,0.6134748458862305,0.0082883248105645,0.6077888607978821,0.6272709965705872,-0.015641676262021,0.5276237726211548,0.6564114093780518,-0.0441911779344081,0.6345847249031067,0.5179539918899536,-0.004284902010113,0.4466640949249267,0.5432303547859192,-0.0234044846147298,0.3416237831115722,0.5549479126930237,-0.0480963662266731,0.2637028694152832,0.5480660200119019,-0.0740097686648368,0.631036639213562,0.5410079956054688,-0.0379447937011718,0.5014755129814148,0.6573354005813599,-0.0418380126357078,0.5697896480560303,0.688399612903595,-0.0476233623921871,0.6300843954086304,0.6709526777267456,-0.0638421550393104,0.6418113708496094,0.5921518802642822,-0.0691405087709426,0.543639063835144,0.7134841680526733,-0.0625533610582351,0.6177070140838623,0.7284587025642395,-0.0523794256150722,0.6700786352157593,0.6988073587417603,-0.0617088377475738,0.6549533605575562,0.6547148823738098,-0.1028955578804016,0.5818068981170654,0.7455219030380249,-0.1111591234803199,0.643161416053772,0.756939709186554,-0.102898970246315,0.6935704946517944,0.7353804707527161,-0.0999898612499237,Pointing_Left
508421772433797_.pic.jpg,1.0469744205474854,0.9002033472061157,-9.179238418255408e-07,0.9130502939224244,0.8073248863220215,-0.0045813382603228,0.7235813736915588,0.7632682919502258,-0.0489044301211833,0.5418145656585693,0.7949725985527039,-0.100957803428173,0.434043288230896,0.8455833196640015,-0.1589673012495041,0.6854992508888245,0.6057032942771912,-0.0798258930444717,0.4145062863826751,0.6137966513633728,-0.1227048337459564,0.272561639547348,0.630137026309967,-0.159333273768425,0.1617102026939392,0.6212798953056335,-0.1977480053901672,0.6970731616020203,0.6441383361816406,-0.1173838451504707,0.4587877690792084,0.7765735387802124,-0.1412539929151535,0.5439311265945435,0.8325064778327942,-0.1448734551668167,0.6253080368041992,0.8162606358528137,-0.1651371270418167,0.7085129618644714,0.7241877317428589,-0.1524400264024734,0.5144643187522888,0.8813955187797546,-0.1599559634923935,0.6043827533721924,0.9160542488098145,-0.140709713101387,0.6729331016540527,0.8833695650100708,-0.1503161638975143,0.7089990377426147,0.8170766234397888,-0.1922476291656494,0.5717541575431824,0.9495522975921632,-0.21632020175457,0.6393272280693054,0.97433602809906,-0.2076679468154907,0.6977453827857971,0.9512510299682616,-0.20783631503582,Pointing_Left
508881772433843_.pic_thumb.jpg,0.4282955825328827,0.7594105005264282,-4.754122926442506e-07,0.5478585362434387,0.698550820350647,-0.0037298644892871,0.6147153973579407,0.6251704096794128,-0.0132854776456952,0.6533796787261963,0.5673781633377075,-0.0232257880270481,0.7058554887771606,0.5410796999931335,-0.0329683870077133,0.4856036901473999,0.528310239315033,-0.0348940342664718,0.518923819065094,0.5402135252952576,-0.0513186603784561,0.5316554307937622,0.5837869048118591,-0.070501297712326,0.5229969024658203,0.6125938892364502,-0.0853118672966957,0.4009903967380523,0.5410330295562744,-0.0433805510401725,0.4445573687553406,0.5560277104377747,-0.0442463755607605,0.4587039053440094,0.5915993452072144,-0.0503684282302856,0.448558509349823,0.6148824691772461,-0.0652456879615783,0.3367940485477447,0.5715675950050354,-0.04898701608181,0.3749313354492187,0.5826675891876221,-0.0533468499779701,0.3893299102783203,0.6113252639770508,-0.0487643629312515,0.3815736770629883,0.6318164467811584,-0.0536637157201767,0.2868616282939911,0.6036151647567749,-0.0547205843031406,0.3202674984931946,0.610135555267334,-0.0588473975658416,0.3383256793022156,0.6352885961532593,-0.0465188175439834,0.3380098938941955,0.6543492674827576,-0.03972789645195,Pointing_Right
509041772433859_.pic_thumb.jpg,0.4653578996658325,0.8457778692245483,-3.067977445425641e-07,0.6230460405349731,0.770628809928894,-0.0291836261749267,0.7112206816673279,0.6769214868545532,-0.0486120134592056,0.7616596817970276,0.5997891426086426,-0.0621432289481163,0.8236643075942993,0.5657346844673157,-0.0723062828183174,0.5272150635719299,0.5744252800941467,-0.0607288554310798,0.6142460107803345,0.5718224048614502,-0.0796315819025039,0.6384795308113098,0.6255793571472168,-0.0979654118418693,0.6232936978340149,0.6609958410263062,-0.1123989969491958,0.4258789718151092,0.59151291847229,-0.0554924421012401,0.5262004733085632,0.5945131778717041,-0.0581113174557685,0.5521297454833984,0.6379511952400208,-0.0635031089186668,0.536109209060669,0.6684301495552063,-0.0790079608559608,0.3569799065589905,0.6268833875656128,-0.0491024069488048,0.4469929337501526,0.6235727667808533,-0.0551224760711193,0.4692130386829376,0.6569329500198364,-0.0503087118268013,0.4540313184261322,0.6848938465118408,-0.0556806325912475,0.3088533580303192,0.6635857820510864,-0.0443646609783172,0.3805563449859619,0.6521871089935303,-0.0503510758280754,0.4042904376983642,0.6801602244377136,-0.0394374802708625,0.3997590243816376,0.7059874534606934,-0.0337611511349678,Pointing_Right
IMG_9835.JPG,0.8793240785598755,0.5634711980819702,-3.971968354221645e-08,0.8254459500312805,0.5549619197845459,-0.035688430070877,0.7752963304519653,0.5728726387023926,-0.0616174601018428,0.7824605107307434,0.6172952651977539,-0.0848386660218238,0.8175287246704102,0.6638914346694946,-0.1074169352650642,0.7705088257789612,0.7346649169921875,-0.0512718185782432,0.7628452181816101,0.8341074585914612,-0.0910931974649429,0.7665743231773376,0.8989947438240051,-0.1199422478675842,0.7725764513015747,0.9583609104156494,-0.140823557972908,0.8191304206848145,0.7422716021537781,-0.0531245283782482,0.8234775066375732,0.7938601970672607,-0.1044989228248596,0.8358937501907349,0.7113716006278992,-0.1222461089491844,0.836216926574707,0.6629626154899597,-0.1268306970596313,0.8633939027786255,0.7377848029136658,-0.0579448565840721,0.8778886198997498,0.7816208600997925,-0.1043679490685463,0.8804372549057007,0.7006498575210571,-0.0966951176524162,0.871811032295227,0.6504936218261719,-0.0828259587287902,0.9037622809410096,0.7225027084350586,-0.065874196588993,0.919194519519806,0.7523641586303711,-0.0972158387303352,0.913273274898529,0.6906986236572266,-0.0890047773718833,0.8966207504272461,0.6528871655464172,-0.0769489407539367,Pointing_Right
IMG_9855.JPG,0.6995569467544556,0.542050302028656,-4.437363827491936e-07,0.6474341750144958,0.6189630031585693,-0.0033476934768259,0.5956374406814575,0.6703031063079834,-0.0156233645975589,0.5583328604698181,0.7208199501037598,-0.0290074869990348,0.5498388409614563,0.7803364396095276,-0.0429157502949237,0.5335027575492859,0.5712841153144836,-0.0169875193387269,0.5202692747116089,0.5806237459182739,-0.0145403305068612,0.5480465888977051,0.5865878462791443,-0.0145300710573792,0.5707788467407227,0.590174674987793,-0.0167523529380559,0.5370134711265564,0.5125625133514404,-0.0201004371047019,0.5315881371498108,0.5344457030296326,-0.0073025450110435,0.5556132197380066,0.5447779297828674,-0.0042267711833119,0.576137125492096,0.5443194508552551,-0.0094570349901914,0.5538762807846069,0.4668485224246979,-0.0210229232907295,0.54842609167099,0.4944696426391601,-0.0074312249198555,0.5695757865905762,0.5059085488319397,-0.0041185957379639,0.5904691219329834,0.511489748954773,-0.0093644028529524,0.5746022462844849,0.4294184148311615,-0.0230813920497894,0.5711361765861511,0.4497915804386139,-0.0097187478095293,0.5887600183486938,0.4666469097137451,-0.0002619471633806,0.6062995791435242,0.4760844111442566,0.0029858166817575,Pointing_Right
IMG_9671.JPG,0.8019688129425049,0.8022868633270264,-2.33764168910966e-07,0.7168515920639038,0.7804862260818481,-0.0139219695702195,0.671920120716095,0.7227697372436523,-0.0159009899944067,0.6445631384849548,0.6738880276679993,-0.0034721761476248,0.6159278154373169,0.6273003220558167,0.0078140227124094,0.6947353482246399,0.6127457022666931,-0.0534561052918434,0.6711282134056091,0.5217162370681763,-0.0458602271974086,0.6546007394790649,0.4673240184783935,-0.0438929758965969,0.6447126269340515,0.4237197339534759,-0.0424473211169242,0.7363352179527283,0.6062676906585693,-0.018000615760684,0.6905830502510071,0.5627591013908386,0.0296769645065069,0.6758573651313782,0.6187042593955994,0.0654205381870269,0.6744508147239685,0.6529561877250671,0.0796344131231308,0.7664265036582947,0.6068036556243896,0.0202114954590797,0.7163845300674438,0.580635130405426,0.0684973150491714,0.7073023319244385,0.6345682144165039,0.0792161151766777,0.7111901640892029,0.6672661900520325,0.0714509934186935,0.7877151370048523,0.5995232462882996,0.0595116801559925,0.7456119060516357,0.5945510268211365,0.0943235978484153,0.7323158979415894,0.6318535208702087,0.099434956908226,0.7312725782394409,0.6604601144790649,0.0939933061599731,Pointing_Left
IMG_9771.JPG,0.8062698245048523,0.5203746557235718,1.2988228093036014e-07,0.7630691528320312,0.5075371265411377,-0.0168924629688262,0.718807578086853,0.5303041338920593,-0.0291942451149225,0.6949986815452576,0.558719277381897,-0.0421490035951137,0.7156566977500916,0.5846538543701172,-0.0554739274084568,0.7093020677566528,0.6388648748397827,-0.0261200740933418,0.6943832635879517,0.7079142332077026,-0.0494922809302806,0.6835415959358215,0.7546895742416382,-0.06698589771986,0.6769976019859314,0.7951166033744812,-0.0800380483269691,0.7402067184448242,0.650690495967865,-0.0318590849637985,0.7231118679046631,0.6625824570655823,-0.0660828948020935,0.7327038049697876,0.5993809103965759,-0.0774820297956466,0.7434813976287842,0.5585336089134216,-0.0788482651114463,0.7726542353630066,0.6487874984741211,-0.0391431935131549,0.7584348320960999,0.6509182453155518,-0.0730519220232963,0.7604108452796936,0.586991012096405,-0.0740792751312255,0.7653186321258545,0.5468253493309021,-0.0670384615659713,0.8040525913238525,0.6387720108032227,-0.0476710684597492,0.7889881730079651,0.6376491785049438,-0.0723805725574493,0.7865210771560669,0.5907412171363831,-0.0724872425198555,0.7869765758514404,0.5579982995986938,-0.0674726888537406,Pointing_Right
508931772433848_.pic_thumb.jpg,0.6302782893180847,0.6301822066307068,-5.825277185067534e-07,0.731467068195343,0.5868715047836304,-0.0045466180890798,0.8019487261772156,0.5257412195205688,-0.0123620787635445,0.849605917930603,0.4791670441627502,-0.0206460244953632,0.8973948955535889,0.4599049091339111,-0.0295687019824981,0.6892722249031067,0.4343307018280029,-0.02600690536201,0.7082987427711487,0.460049569606781,-0.0422010235488414,0.710572361946106,0.4946777522563934,-0.0640226230025291,0.7018505334854126,0.5149567723274231,-0.0808911174535751,0.6154890060424805,0.441324919462204,-0.03408695012331,0.6386142373085022,0.4692483246326446,-0.0355989597737789,0.6487985253334045,0.5001674294471741,-0.0450191423296928,0.6435897350311279,0.5197029113769531,-0.0607672110199928,0.5583639740943909,0.4614565670490265,-0.0397517941892147,0.5782366991043091,0.4787766933441162,-0.0441768914461135,0.5895668268203735,0.5058697462081909,-0.0417813658714294,0.5872125029563904,0.5265901684761047,-0.046547994017601,0.5101888179779053,0.4819803833961487,-0.0459039993584156,0.5230968594551086,0.4900351464748382,-0.0504953302443027,0.5329050421714783,0.5147247314453125,-0.0396002158522605,0.5322626829147339,0.53331059217453,-0.0325747691094875,Pointing_Right
507941772433751_.pic_thumb.jpg,0.8167179226875305,0.7216535806655884,-5.03199828472134e-07,0.7243337631225586,0.6335288286209106,0.0208151638507843,0.6106086373329163,0.6005584001541138,0.0079532032832503,0.5150546431541443,0.6183042526245117,-0.0164927206933498,0.4493745565414428,0.659221887588501,-0.0466788299381732,0.522695004940033,0.5458877086639404,0.0026804073713719,0.3569386601448059,0.5608090162277222,-0.0173132568597793,0.258549690246582,0.5718470811843872,-0.0408629812300205,0.1825577914714813,0.5739402174949646,-0.0641298815608024,0.5010687708854675,0.5746740102767944,-0.029003145173192,0.3939895629882812,0.6699485182762146,-0.0474298484623432,0.4586907923221588,0.7025200128555298,-0.0585364364087581,0.5110307931900024,0.6913119554519653,-0.0702513307332992,0.4965765476226806,0.6250020861625671,-0.057825680822134,0.4175660014152527,0.7224167585372925,-0.0682224333286285,0.4870630800724029,0.7406320571899414,-0.0622500628232955,0.5341953635215759,0.7180407047271729,-0.0657445266842842,0.499447762966156,0.6828508377075195,-0.0876765847206115,0.4570745527744293,0.7604116201400757,-0.1065023243427276,0.517210841178894,0.7761949896812439,-0.0997405052185058,0.5605883598327637,0.7594262361526489,-0.0931686386466026,Pointing_Left
508861772433841_.pic.jpg,0.4263171255588531,0.776573657989502,-3.819135088178882e-07,0.5539621114730835,0.7059909105300903,-0.0038639130070805,0.6207793951034546,0.6290205121040344,-0.0117181930691003,0.6681306958198547,0.56684809923172,-0.0173931550234556,0.7254220247268677,0.5398687720298767,-0.0206474550068378,0.4827033579349518,0.5304432511329651,-0.0386385023593902,0.5308247804641724,0.5322206020355225,-0.0416765064001083,0.5454044938087463,0.5802006721496582,-0.0455221198499202,0.5352810621261597,0.6136363744735718,-0.0499412417411804,0.3967397212982178,0.54242342710495,-0.0414255186915397,0.4610580801963806,0.5513044595718384,-0.0269369296729564,0.4791971743106842,0.5887253284454346,-0.021563334390521,0.4711489379405975,0.6149490475654602,-0.0314556993544101,0.3317948579788208,0.5742670297622681,-0.0402969345450401,0.3884572386741638,0.5817793607711792,-0.0304896514862775,0.40619096159935,0.6123442649841309,-0.0205991882830858,0.398626297712326,0.637006402015686,-0.0253270957618951,0.2834001183509826,0.6082968711853027,-0.0390760116279125,0.3278537392616272,0.6088299751281738,-0.0319329500198364,0.3478648066520691,0.633331298828125,-0.0160943455994129,0.3477978110313415,0.6548289060592651,-0.0088014341890811,Pointing_Right
IMG_9854.JPG,0.6167969107627869,0.538665771484375,-4.2689691781561123e-07,0.5630667209625244,0.6081315279006958,-0.0078998776152729,0.5104343891143799,0.6499749422073364,-0.0220702681690454,0.4750145673751831,0.6890929341316223,-0.0363207124173641,0.4638615548610687,0.7437212467193604,-0.0503364540636539,0.4442390501499176,0.5430933237075806,-0.0234066545963287,0.4590590596199035,0.5456687808036804,-0.0267406292259693,0.4890444576740265,0.5511001348495483,-0.0313717685639858,0.509050726890564,0.5605762004852295,-0.0366884544491767,0.4543446600437164,0.4848577380180359,-0.0270943343639373,0.4750294983386993,0.4960634112358093,-0.0184241887181997,0.4998899698257446,0.5053282380104065,-0.0176597088575363,0.5173479318618774,0.5098550915718079,-0.0243175830692052,0.4785252809524536,0.4417216777801513,-0.0294250380247831,0.4977059662342071,0.461631715297699,-0.0201857462525367,0.5180689096450806,0.4734254777431488,-0.0183788146823644,0.5325828790664673,0.4816441237926483,-0.0242191199213266,0.5069162845611572,0.4085122644901275,-0.0336763635277748,0.524941623210907,0.4238307774066925,-0.0247160177677869,0.5415893197059631,0.4382759630680084,-0.0185910835862159,0.5524088740348816,0.4473163783550262,-0.0174328777939081,Pointing_Right
IMG_9625.JPG,0.7377716898918152,0.7893657684326172,3.188308710377896e-07,0.7780500650405884,0.710068941116333,0.0300540067255496,0.7970132231712341,0.6651519536972046,0.0009714051848277,0.817574679851532,0.6331433057785034,-0.0377570055425167,0.8340701460838318,0.6172375082969666,-0.0800436437129974,0.7159639596939087,0.592829704284668,-0.0542874932289123,0.7240029573440552,0.505187451839447,-0.0978670194745063,0.7280235290527344,0.4385212063789367,-0.1229317784309387,0.7295982837677002,0.3894596695899963,-0.137955829501152,0.7092368006706238,0.620484471321106,-0.0914962142705917,0.7976552844047546,0.5857381820678711,-0.1146944835782051,0.8065388202667236,0.6423959732055664,-0.0902799516916275,0.7873702049255371,0.6665593981742859,-0.073396198451519,0.7144047021865845,0.665257453918457,-0.127265527844429,0.8034921884536743,0.6371528506278992,-0.141865074634552,0.8081340193748474,0.6867907047271729,-0.1046426892280578,0.781552255153656,0.7078877687454224,-0.0831288024783134,0.7310564517974854,0.7038305997848511,-0.1614392846822738,0.7994784712791443,0.6866190433502197,-0.1603620201349258,0.8056109547615051,0.7188833951950073,-0.1291453093290329,0.7823077440261841,0.7408294677734375,-0.1115338206291198,Pointing_Left
508791772433834_.pic.jpg,0.4105553925037384,0.953122615814209,-6.488727990472398e-07,0.6487789154052734,0.8390172719955444,0.0109987938776612,0.76658695936203,0.696816623210907,0.0181460361927747,0.8509865403175354,0.5919860601425171,0.0261851530522108,0.9441717863082886,0.5615494847297668,0.0366604998707771,0.5725737810134888,0.5329940915107727,-0.0253311023116111,0.6457597017288208,0.5430887341499329,-0.0119927851483225,0.6479685306549072,0.6221686005592346,-0.0098953051492571,0.6250224113464355,0.6680311560630798,-0.0144252395257353,0.4222409725189209,0.545738935470581,-0.032717190682888,0.5116047859191895,0.5750479102134705,0.0110608292743563,0.5283595323562622,0.641150176525116,0.0210113655775785,0.5046114325523376,0.6791220307350159,0.002900039544329,0.301992803812027,0.5955392718315125,-0.0327749364078044,0.3790242075920105,0.6209447979927063,0.000120807912026,0.4060664772987366,0.6747310161590576,0.0090240826830267,0.3855959177017212,0.7125424146652222,-0.0070782797411084,0.2054453194141388,0.651213526725769,-0.0312389731407165,0.2643053233623504,0.6609808206558228,-0.012414232827723,0.2997083663940429,0.7028468251228333,0.005454268772155,0.2969965040683746,0.7363328337669373,0.0096898917108774,Pointing_Right
IMG_9775.JPG,0.9253473281860352,0.592793881893158,-1.267486737788204e-07,0.8793186545372009,0.5974841117858887,-0.0289935171604156,0.8406185507774353,0.6310266256332397,-0.0494059547781944,0.8511911034584045,0.6657203435897827,-0.0683729127049446,0.8849092721939087,0.6940590143203735,-0.087100476026535,0.8503715395927429,0.7583698034286499,-0.0458883494138717,0.8517569899559021,0.852239191532135,-0.0804146453738212,0.8592557311058044,0.9099997878074646,-0.1049403101205825,0.8682678937911987,0.959650218486786,-0.1225247979164123,0.8925964832305908,0.7555283308029175,-0.0481784343719482,0.908100426197052,0.7706241011619568,-0.0968857035040855,0.9102157950401306,0.6926304697990417,-0.1125512197613716,0.9041466116905212,0.6443853974342346,-0.1156272292137146,0.9300345182418824,0.741305410861969,-0.0526921078562736,0.9486455321311952,0.7506442070007324,-0.0962661951780319,0.9399651288986206,0.6791685223579407,-0.0912136659026146,0.9250226020812988,0.633781909942627,-0.0792795494198799,0.9628817439079284,0.7216716408729553,-0.0597486980259418,0.9759142398834229,0.7251592874526978,-0.0905071273446083,0.965682089328766,0.6702545285224915,-0.0853887498378753,0.9480867981910706,0.6375099420547485,-0.0751466825604438,Pointing_Right
IMG_9710.JPG,0.7306478023529053,0.7907088994979858,1.531343229999038e-08,0.6635209321975708,0.757286548614502,0.0208211317658424,0.6306715607643127,0.691778838634491,0.0299195032566785,0.6330673694610596,0.6238338351249695,0.0382372736930847,0.6559813618659973,0.5937073826789856,0.0479261130094528,0.6472741365432739,0.6280335187911987,-0.0066876085475087,0.6312066316604614,0.5231606364250183,-0.0120819322764873,0.6238565444946289,0.4664695262908935,-0.0136165302246809,0.6213308572769165,0.4234312176704407,-0.0132608897984027,0.6874576210975647,0.6122651100158691,-0.0088550047948956,0.6618633270263672,0.5019334554672241,-0.0115276835858821,0.6488018035888672,0.4397192597389221,-0.0072695943526923,0.643604040145874,0.395050048828125,-0.0031581725925207,0.7256863117218018,0.6126692891120911,-0.0060441070236265,0.7012043595314026,0.5430434942245483,0.0055793514475226,0.6899958848953247,0.5642327070236206,0.0245467089116573,0.687718391418457,0.5938786268234253,0.038886584341526,0.7565546035766602,0.6229948997497559,-0.0019838828593492,0.730259895324707,0.5796917080879211,0.0156007390469312,0.7163636684417725,0.5962018966674805,0.0332866832613945,0.7159736752510071,0.6203417778015137,0.0478445775806903,Pointing_Left
IMG_9596.JPG,0.6723417043685913,0.9140504598617554,-1.866978891484905e-07,0.5829107761383057,0.8583812117576599,0.0245335828512907,0.547316312789917,0.7584527730941772,0.0295532047748565,0.5532814264297485,0.6753337979316711,0.0318341366946697,0.5893487930297852,0.6370105147361755,0.0321174524724483,0.5308473706245422,0.6712902188301086,-0.0133352670818567,0.5358941555023193,0.5271398425102234,-0.0139203071594238,0.5428825616836548,0.4464481770992279,-0.0117679554969072,0.5502276420593262,0.383419781923294,-0.0116627151146531,0.585175633430481,0.6486737728118896,-0.021378468722105,0.6007383465766907,0.5749315023422241,-0.0092811156064271,0.6049705147743225,0.6182502508163452,0.0091356756165623,0.6044781804084778,0.6652421355247498,0.0186979286372661,0.6426287293434143,0.6500445604324341,-0.0245026592165231,0.6424577832221985,0.6101632714271545,-0.0029950242023915,0.6456637978553772,0.6442096829414368,0.0161398537456989,0.645832359790802,0.6865173578262329,0.0218803472816944,0.6906642913818359,0.6590057611465454,-0.0262234453111886,0.6822590827941895,0.6423601508140564,-0.0025051662232726,0.6830143928527832,0.6726915836334229,0.0151640744879841,0.6836361289024353,0.7057410478591919,0.0245178695768117,Pointing_Left
507991772433756_.pic_thumb.jpg,0.8603833913803101,0.6315749883651733,-5.420569664238428e-07,0.7662394046783447,0.5575724244117737,0.0093310615047812,0.6502076387405396,0.5271201729774475,-0.0045770406723022,0.55156409740448,0.5434937477111816,-0.0275069829076528,0.4868508577346802,0.5819612145423889,-0.0539496354758739,0.5681254863739014,0.4628119468688965,0.0020210475195199,0.4188718795776367,0.4799117743968963,-0.0222037769854068,0.3267870545387268,0.4881296753883362,-0.0475439429283142,0.2566123604774475,0.4897997081279754,-0.0702656656503677,0.5569073557853699,0.4812279343605041,-0.0238727424293756,0.4452732801437378,0.5823142528533936,-0.0448887459933757,0.5078405141830444,0.6141681671142578,-0.0554528906941413,0.5592581033706665,0.6026700735092163,-0.0654063522815704,0.560697615146637,0.5235059857368469,-0.0493067577481269,0.4736698567867279,0.62959223985672,-0.0619439631700515,0.5416558384895325,0.6476826667785645,-0.0564716160297393,0.5888789892196655,0.6263731122016907,-0.0589255392551422,0.5692859292030334,0.5764280557632446,-0.0770514830946922,0.5110445022583008,0.6592276096343994,-0.095210000872612,0.5686622262001038,0.6733158826828003,-0.0900756195187568,0.6131787300109863,0.6556473970413208,-0.084887221455574,Pointing_Left
IMG_9875.JPG,0.8203008770942688,0.5574369430541992,1.550950230466697e-07,0.7787874341011047,0.5301473736763,-0.0347824469208717,0.7376808524131775,0.5290335416793823,-0.0588627643883228,0.7387181520462036,0.558740496635437,-0.0798582956194877,0.7641641497612,0.5914984345436096,-0.0986549034714698,0.6999679803848267,0.6450327634811401,-0.0529012754559516,0.6891981959342957,0.7259474396705627,-0.094120368361473,0.6863150000572205,0.7842653393745422,-0.1221434623003006,0.6829763650894165,0.8356145620346069,-0.1406996846199035,0.7350724339485168,0.6853147149085999,-0.0530265308916568,0.7534571290016174,0.6734998226165771,-0.0948935374617576,0.7767869830131531,0.6102015972137451,-0.1037608310580253,0.7820270657539368,0.5766361951828003,-0.1038776636123657,0.7747420072555542,0.6996394991874695,-0.0574395880103111,0.8020844459533691,0.6671321392059326,-0.0916146486997604,0.8116629123687744,0.6105589866638184,-0.0820529386401176,0.8056413531303406,0.5858365893363953,-0.06967294216156,0.8124870657920837,0.7003868818283081,-0.0664086192846298,0.8332976698875427,0.6701674461364746,-0.0880990549921989,0.8367568850517273,0.6251866221427917,-0.0814319476485252,0.8269304633140564,0.6042286157608032,-0.0720277577638626,Pointing_Right
IMG_9644.JPG,0.6816438436508179,0.7765676975250244,-2.2310253200430455e-07,0.6613500118255615,0.6951612234115601,0.0397058315575122,0.6675257086753845,0.6200483441352844,0.0451660715043544,0.6947119235992432,0.5715413689613342,0.0435668528079986,0.7210874557495117,0.5448287129402161,0.0410752668976783,0.654299259185791,0.5638441443443298,-0.0031924478244036,0.676876425743103,0.4726635813713074,-0.0116652203723788,0.6914811134338379,0.4211454689502716,-0.0174602419137954,0.7017326354980469,0.3775467574596405,-0.0223516505211591,0.6767538785934448,0.5734655261039734,-0.0252460706979036,0.7471225261688232,0.5214973092079163,-0.0207898933440446,0.7528539896011353,0.5646330118179321,-0.0076777241192758,0.7387717366218567,0.5891645550727844,-0.0023727880325168,0.705005943775177,0.5963739156723022,-0.0425699688494205,0.7732738852500916,0.5544891357421875,-0.0329593755304813,0.7705260515213013,0.5944041013717651,-0.0126549778506159,0.7537192702293396,0.6175684332847595,-0.005000224802643,0.7355318069458008,0.6231000423431396,-0.0566562041640281,0.7878168821334839,0.5972239971160889,-0.0432255156338214,0.780596137046814,0.6300906538963318,-0.0236541610211133,0.7632628083229065,0.6490854620933533,-0.0137448338791728,Pointing_Left
508001772433757_.pic.jpg,0.9558671116828918,0.6342702507972717,-7.639870318598696e-07,0.8550716638565063,0.5584650635719299,0.0195392556488513,0.7303759455680847,0.5249336957931519,0.0097481645643711,0.6147871017456055,0.5326379537582397,-0.0096546784043312,0.5341290235519409,0.563035249710083,-0.0343946330249309,0.6531559824943542,0.4397887885570526,-0.0013253311626613,0.4676212072372436,0.4641718864440918,-0.01726227812469,0.3656900525093078,0.473716676235199,-0.0366990230977535,0.2902541160583496,0.465415358543396,-0.058142390102148,0.645314633846283,0.4605374932289123,-0.0317768566310405,0.5067777037620544,0.5704707503318787,-0.038350585848093,0.571382462978363,0.6061704754829407,-0.0404582135379314,0.630192756652832,0.5964934229850769,-0.0500016026198864,0.6485556960105896,0.5074290633201599,-0.0604738518595695,0.5462008714675903,0.6240783929824829,-0.0574362911283969,0.6165542602539062,0.6457668542861938,-0.0500467233359813,0.6669264435768127,0.6220713257789612,-0.0580165758728981,0.6532291769981384,0.564384400844574,-0.0913635194301605,0.5831606984138489,0.6527214050292969,-0.1022221073508262,0.6403962969779968,0.6703950762748718,-0.0988388583064079,0.6858183145523071,0.6537156105041504,-0.0982151478528976,Pointing_Left
IMG_9729.JPG,0.6457982659339905,0.865646481513977,-5.999230552333756e-07,0.5951999425888062,0.7645666003227234,0.0267326515167951,0.5992673635482788,0.6760594844818115,0.0368907004594802,0.6339110136032104,0.6161394715309143,0.0429821982979774,0.6639087200164795,0.600239634513855,0.0467444881796836,0.6312069892883301,0.5996800065040588,0.0043671652674674,0.6526764035224915,0.4900279939174652,0.0101917525753378,0.6655943989753723,0.4285732507705688,0.0165296699851751,0.6771237850189209,0.3849718272686004,0.0198627393692731,0.6846786141395569,0.616345226764679,-0.0017119509866461,0.6966792941093445,0.5779283046722412,0.015843516215682,0.6827414631843567,0.6139785647392273,0.0309078097343444,0.6749383807182312,0.6432649493217468,0.0363064147531986,0.7269251346588135,0.654373824596405,-0.003293669084087,0.726889967918396,0.6229780912399292,0.0162275545299053,0.7127180695533752,0.6503382325172424,0.0286057852208614,0.7032228112220764,0.6771038770675659,0.0297759640961885,0.7589989304542542,0.6914442777633667,-0.0024154288694262,0.7530931830406189,0.6683710813522339,0.0191362909972667,0.7385880947113037,0.6927785277366638,0.0335328578948974,0.7278653979301453,0.7171326875686646,0.0402545630931854,Pointing_Left
509031772433858_.pic.jpg,0.5689091682434082,0.8529301881790161,-5.334835577741615e-07,0.7178689241409302,0.7820796966552734,-0.009640097618103,0.7901188731193542,0.6926064491271973,-0.01518215239048,0.8354777693748474,0.6166704893112183,-0.0158480275422334,0.8968424797058105,0.5905142426490784,-0.0137619478628039,0.6336768865585327,0.5836931467056274,-0.0467814803123474,0.6947469115257263,0.5887119770050049,-0.0423054061830043,0.7103139162063599,0.6422523856163025,-0.0401580482721328,0.698936939239502,0.6781326532363892,-0.0414343886077404,0.5323877334594727,0.5928230881690979,-0.0418313331902027,0.610942542552948,0.6046031713485718,-0.0205934103578329,0.6302850246429443,0.6494303345680237,-0.0128307426348328,0.6193934679031372,0.6806290745735168,-0.0208860412240028,0.4602492749691009,0.6221960186958313,-0.0315507389605045,0.5339380502700806,0.6281905174255371,-0.0152593180537223,0.5548222064971924,0.6640341281890869,-0.0070319445803761,0.5429112315177917,0.6949210166931152,-0.0134797934442758,0.4054388999938965,0.6550303101539612,-0.0211825929582119,0.4705743789672851,0.6532039642333984,-0.0118871759623289,0.4953891038894653,0.6835901141166687,0.0015718472423031,0.4944364428520202,0.7116668820381165,0.007742119487375,Pointing_Right
508901772433845_.pic_thumb.jpg,0.5801418423652649,0.6663280129432678,-5.68617224416812e-07,0.6653542518615723,0.612976610660553,-0.0023396087344735,0.7178610563278198,0.5548629760742188,-0.0143780466169118,0.7534112930297852,0.5108755826950073,-0.0284421667456626,0.7955487966537476,0.4879735708236694,-0.0438747219741344,0.6032867431640625,0.4749514162540436,-0.0302899032831192,0.6067752242088318,0.4967597424983978,-0.0494198277592659,0.6164693832397461,0.5297213196754456,-0.0718942880630493,0.6178295016288757,0.5510551929473877,-0.0878611952066421,0.5317105054855347,0.4904705584049225,-0.0404977202415466,0.5418406128883362,0.5184407234191895,-0.042954783886671,0.5541143417358398,0.546307384967804,-0.0503368340432643,0.5602152347564697,0.5671011209487915,-0.0634109303355217,0.4771593809127807,0.5180858373641968,-0.0479297004640102,0.4918226897716522,0.5418572425842285,-0.0511881001293659,0.5068272352218628,0.5637743473052979,-0.0483629815280437,0.5140329003334045,0.5831296443939209,-0.0523996129631996,0.433651328086853,0.5473629236221313,-0.0562446415424346,0.4516339302062988,0.5683907270431519,-0.0580108650028705,0.4697495698928833,0.5898270010948181,-0.046634629368782,0.4787877202033996,0.6051405668258667,-0.0389499813318252,Pointing_Right
IMG_9850.JPG,0.87961745262146,0.57099848985672,-3.9752296743245097e-07,0.8185858130455017,0.6420945525169373,-0.0064361318945884,0.755708634853363,0.6882777214050293,-0.0192979853600263,0.7060583233833313,0.7333040833473206,-0.0305592883378267,0.6866458058357239,0.7881365418434143,-0.0397605709731578,0.7249301671981812,0.6102874875068665,-0.0380319580435752,0.6621398329734802,0.5972875952720642,-0.0368815846741199,0.6852520108222961,0.6002262234687805,-0.025286903604865,0.7109463810920715,0.6049293279647827,-0.0175541080534458,0.7282518744468689,0.545600175857544,-0.0373545326292514,0.6663480997085571,0.5435182452201843,-0.0317668430507183,0.6876230835914612,0.5552419424057007,-0.0205702204257249,0.7112104296684265,0.5596429109573364,-0.0174410678446292,0.7385034561157227,0.4911917150020599,-0.0335093438625335,0.676090657711029,0.4982625246047973,-0.0234318114817142,0.6958130598068237,0.5098780989646912,-0.0115744555369019,0.7201303243637085,0.5161817669868469,-0.0100457072257995,0.7528272867202759,0.4501268863677978,-0.0300303809344768,0.7030104994773865,0.4614827930927276,-0.020574340596795,0.7162315845489502,0.4766064882278442,-0.009224796667695,0.734541118144989,0.4839313626289367,-0.0043041808530688,Pointing_Right
IMG_9811.JPG,0.7737215757369995,0.6868354678153992,7.267354362738844e-08,0.7313371300697327,0.7076454162597656,-0.012498565018177,0.7063894271850586,0.7481040358543396,-0.0156933274120092,0.7020455598831177,0.7968852519989014,-0.0199676752090454,0.7174503803253174,0.8283893465995789,-0.0235339663922786,0.7025923728942871,0.793262779712677,0.012336422689259,0.6884592771530151,0.8353338241577148,0.0049703805707395,0.6834339499473572,0.8635752201080322,-0.0031516444869339,0.6792796850204468,0.8860301375389099,-0.009542291983962,0.7237216830253601,0.8040674328804016,0.0104271667078137,0.7119159698486328,0.8513445258140564,-0.0053438520990312,0.7198346257209778,0.8281564116477966,-0.0151832420378923,0.7254202365875244,0.8058190941810608,-0.0169963184744119,0.7470594644546509,0.8051016926765442,0.0057330052368342,0.7440599203109741,0.8428648710250854,-0.0133929830044507,0.7468557357788086,0.8077435493469238,-0.0175863653421401,0.749812126159668,0.7811331152915955,-0.0140663376078009,0.7725563645362854,0.7995269298553467,-0.0001314091787207,0.7674033641815186,0.8294047117233276,-0.0129651324823498,0.7673231959342957,0.8055798411369324,-0.0129438042640686,0.7681221961975098,0.7827244997024536,-0.0096036102622747,Pointing_Right
508571772433812_.pic_thumb.jpg,0.9639306664466858,0.7911070585250854,-7.496330454159761e-07,0.837310791015625,0.6858130693435669,0.0163174737244844,0.6820027232170105,0.648190975189209,-0.0047981031239032,0.5376226902008057,0.6715335845947266,-0.0384425781667232,0.4369498789310455,0.7109414935112,-0.0770379155874252,0.5883526802062988,0.5369260907173157,-0.0106307910755276,0.3669681251049042,0.5683391094207764,-0.0405725091695785,0.2394120693206787,0.5866830945014954,-0.072720855474472,0.1477265357971191,0.5872572660446167,-0.1040208637714386,0.5885934233665466,0.5668317079544067,-0.049425333738327,0.4096086919307709,0.7055038213729858,-0.058576762676239,0.485086441040039,0.7443572282791138,-0.065211184322834,0.5562363862991333,0.7243527770042419,-0.0841915383934974,0.603816032409668,0.6315513253211975,-0.0877294167876243,0.4684237241744995,0.7818993330001831,-0.088568314909935,0.5559409856796265,0.8021326661109924,-0.0780141651630401,0.6202563047409058,0.7698194980621338,-0.0883771851658821,0.6192776560783386,0.7103322744369507,-0.1296817660331726,0.5230357050895691,0.8223628997802734,-0.1475252360105514,0.59296053647995,0.838492751121521,-0.1412902176380157,0.6538549661636353,0.8163177967071533,-0.1394969522953033,Pointing_Left
507971772433754_.pic_thumb.jpg,0.9547964930534364,0.7190461158752441,-6.485847166004532e-07,0.854165256023407,0.639880359172821,0.0178326610475778,0.7307921648025513,0.6015570759773254,0.0095310006290674,0.6212942600250244,0.6111624240875244,-0.0092044975608587,0.5486192107200623,0.6408255100250244,-0.0320943482220172,0.6349841356277466,0.5243272185325623,0.0058600222691893,0.4688828885555267,0.5376903414726257,-0.0133797032758593,0.3699834942817688,0.5441574454307556,-0.0372275859117507,0.2970881760120392,0.540586531162262,-0.0615104734897613,0.6247766017913818,0.5478179454803467,-0.0241313930600881,0.4987729489803314,0.6531027555465698,-0.0373172312974929,0.5634791254997253,0.683253824710846,-0.0470771081745624,0.6188485622406006,0.6675679683685303,-0.0614190138876438,0.6331605315208435,0.5952839255332947,-0.0524040088057518,0.5386297702789307,0.7055702209472656,-0.0565428994596004,0.607674777507782,0.7225460410118103,-0.0498676747083663,0.6556404232978821,0.6971773505210876,-0.0568900406360626,0.6470615267753601,0.6541006565093994,-0.0829056948423385,0.5827670693397522,0.7391709685325623,-0.1001213043928146,0.6428897380828857,0.7515909075737,-0.0960943773388862,0.6905036568641663,0.7310468554496765,-0.0938039794564247,Pointing_Left
508031772433760_.pic.jpg,0.918917953968048,0.7770156860351562,-7.557856065432134e-07,0.8371435403823853,0.661259651184082,0.0242722984403371,0.7096077799797058,0.5969380736351013,0.0092266546562314,0.5925307273864746,0.579148530960083,-0.0156349372118711,0.5136001706123352,0.5878859162330627,-0.046104796230793,0.6237064599990845,0.5245838165283203,-0.0221266373991966,0.4217121303081512,0.5408022403717041,-0.0443811491131782,0.3053393363952636,0.5502291917800903,-0.0692031905055046,0.2193317115306854,0.5423057079315186,-0.0946112126111984,0.6092761158943176,0.5591791868209839,-0.0576192662119865,0.4530408084392547,0.6663208603858948,-0.062369517982006,0.5180175304412842,0.7021456360816956,-0.0646879523992538,0.5828338861465454,0.6903126239776611,-0.0791651159524917,0.6070119142532349,0.6210926175117493,-0.088644191622734,0.4864509701728821,0.7304903864860535,-0.0798589214682579,0.5566442608833313,0.7507379651069641,-0.065606027841568,0.6132257580757141,0.7250844836235046,-0.0736864507198333,0.608456015586853,0.6906758546829224,-0.1216751858592033,0.5252572298049927,0.7724326252937317,-0.1296629309654235,0.5841530561447144,0.7875452637672424,-0.1193883270025253,0.6332119107246399,0.7704379558563232,-0.1149748340249061,Pointing_Left
509091772433865_.pic_thumb.jpg,0.1179866939783096,0.7061668634414673,1.7494436121978654e-07,0.2693275213241577,0.6588565111160278,-0.0434196814894676,0.3544561266899109,0.5824313163757324,-0.0601931549608707,0.4243324995040893,0.5195279717445374,-0.0703373029828071,0.4947966933250427,0.4836751222610473,-0.0736163854598999,0.1818969100713729,0.4936606884002685,-0.0213514231145381,0.2913495004177093,0.489806205034256,-0.0431022197008132,0.3234598934650421,0.5324408411979675,-0.0664565861225128,0.3160935342311859,0.5586434602737427,-0.0811900943517685,0.1128371953964233,0.4955406188964844,-0.004985888954252,0.2291793823242187,0.4981498420238495,-0.0168428961187601,0.2623626887798309,0.5353876352310181,-0.0322201997041702,0.2514534592628479,0.5614461898803711,-0.0477654226124286,0.0712427198886871,0.513960599899292,0.0065187667496502,0.1769272089004516,0.5104343295097351,-0.0063390275463461,0.2074842751026153,0.5379211902618408,-0.0114818811416625,0.1990583389997482,0.5634188652038574,-0.0163112916052341,0.0495954751968383,0.5335221886634827,0.0144907450303435,0.132590040564537,0.523051381111145,0.0053590820170938,0.1605858653783798,0.5417640805244446,0.0070867054164409,0.1593315303325653,0.5628225803375244,0.0095101771876215,Pointing_Right
IMG_9721.JPG,0.6676989793777466,0.7466306090354919,-2.4375941620746744e-07,0.6821027398109436,0.6567990779876709,-0.0251885913312435,0.6621938943862915,0.5643435716629028,-0.0390503816306591,0.6463587284088135,0.4981588721275329,-0.04889777302742,0.6436800360679626,0.4392655491828918,-0.0550394169986248,0.5705294013023376,0.5790520310401917,-0.0517682135105133,0.6232829093933105,0.5911979079246521,-0.0788720324635505,0.6591975688934326,0.6216903328895569,-0.0896766483783721,0.6589359045028687,0.6359737515449524,-0.0957233607769012,0.5528854727745056,0.6351101398468018,-0.0523168593645095,0.6194084882736206,0.6475909948348999,-0.0774419531226158,0.6539305448532104,0.6688978672027588,-0.0830731391906738,0.6473867893218994,0.6742493510246277,-0.0886986032128334,0.5515919923782349,0.6936700940132141,-0.0542374998331069,0.6092886328697205,0.7021685838699341,-0.0806968808174133,0.6427615284919739,0.7123829126358032,-0.0791627913713455,0.6375100612640381,0.7103490829467773,-0.0776595845818519,0.5565425753593445,0.7476701736450195,-0.0577664524316787,0.6020634770393372,0.7518677711486816,-0.075432002544403,0.6291604042053223,0.7494401335716248,-0.0740191265940666,0.630591094493866,0.7456240653991699,-0.0721716880798339,Pointing_Left
IMG_9861.JPG,0.81694495677948,0.5964004993438721,-4.717022363820434e-07,0.7509396076202393,0.6432366967201233,0.0046561476774513,0.6902998685836792,0.6591293811798096,-0.0015578782185912,0.6437662839889526,0.6752954721450806,-0.0101864272728562,0.6206617951393127,0.7175045013427734,-0.0189355369657278,0.6396298408508301,0.5584747195243835,-0.0098359193652868,0.6097185611724854,0.5221835374832153,-0.0054689766839146,0.6321726441383362,0.5340738892555237,-0.0005389712750911,0.6515823006629944,0.5474428534507751,0.0011934799840673,0.6556442975997925,0.5079028010368347,-0.0161250531673431,0.6377519369125366,0.4978271722793579,-0.0052276910282671,0.6621353626251221,0.5203484296798706,0.0013180795358493,0.6850582957267761,0.5367235541343689,0.0012789070606231,0.6843230724334717,0.471197098493576,-0.0203034672886133,0.6704694032669067,0.4774775505065918,-0.0088030463084578,0.6914440393447876,0.4992543458938598,-0.0034515142906457,0.712073802947998,0.5202015042304993,-0.0056493156589567,0.7150883078575134,0.4422410130500793,-0.0246948283165693,0.7083447575569153,0.4566858410835266,-0.0134871620684862,0.7232899069786072,0.4798875749111175,-0.005769224371761,0.7378342151641846,0.4981019794940948,-0.0027830007020384,Pointing_Right
508111772433767_.pic.jpg,0.9957965016365052,0.6832647919654846,-3.8287393522296043e-07,0.8984819650650024,0.6086905002593994,0.0458512529730796,0.768038809299469,0.5782641172409058,0.0349604487419128,0.6565511226654053,0.5921264886856079,0.0051654544658958,0.580289363861084,0.6214275360107422,-0.0334920212626457,0.7202357053756714,0.4868447482585907,0.0229746159166097,0.5474289655685425,0.5158623456954956,0.0079303868114948,0.4529367089271545,0.5264679789543152,-0.0023158863186836,0.3941640257835388,0.5176251530647278,-0.0147035438567399,0.7156824469566345,0.5054610967636108,-0.0252828150987625,0.5712494850158691,0.6082778573036194,-0.0291059762239456,0.6251659393310547,0.6474763751029968,-0.0219336915761232,0.6775100231170654,0.6459571719169617,-0.0200085956603288,0.7195807099342346,0.5531797409057617,-0.0719444826245307,0.6200807094573975,0.6700833439826965,-0.0709577500820159,0.6878969073295593,0.7018261551856995,-0.0619579516351223,0.7377937436103821,0.686184287071228,-0.0643189921975135,0.7184766530990601,0.6102806329727173,-0.1183710098266601,0.6614618301391602,0.7046770453453064,-0.1321650743484497,0.7152066826820374,0.7265733480453491,-0.1347469240427017,0.7632184624671936,0.7142278552055359,-0.1359433829784393,Pointing_Left
IMG_9716.JPG,0.6303640604019165,0.7909595966339111,-3.127447598672007e-07,0.6391010284423828,0.6868317723274231,-0.0014722797786816,0.6614888906478882,0.5945156216621399,-0.0181017201393842,0.6715071201324463,0.511816680431366,-0.0337880402803421,0.6622058749198914,0.4483531713485718,-0.0473769381642341,0.7215584516525269,0.6095698475837708,-0.0438094027340412,0.7883700728416443,0.605441689491272,-0.0415693707764148,0.7640889883041382,0.6278993487358093,-0.0277188662439584,0.7356544137001038,0.6349360346794128,-0.0184931103140115,0.7411483526229858,0.6704767942428589,-0.0495610870420932,0.802742600440979,0.6545701622962952,-0.0397235415875911,0.7801628708839417,0.6728487014770508,-0.0258030835539102,0.753574013710022,0.6819661855697632,-0.0219486467540264,0.7548107504844666,0.7318704724311829,-0.0515119917690753,0.8134636878967285,0.7027970552444458,-0.0388237424194812,0.7920932769775391,0.7212704420089722,-0.023674588650465,0.7666168212890625,0.7327471971511841,-0.0214551910758018,0.762766420841217,0.7878605127334595,-0.0530987493693828,0.8133617639541626,0.7563184499740601,-0.045382160693407,0.7935752272605896,0.76662278175354,-0.0315082035958766,0.7702233195304871,0.7765641808509827,-0.0250509548932313,Pointing_Left
508641772433819_.pic.jpg,0.3301797211170196,0.8606869578361511,-1.746633415677934e-07,0.5059491991996765,0.7645314335823059,0.0152953155338764,0.5985679626464844,0.6601817011833191,0.0126230241730809,0.6812208294868469,0.5898714661598206,0.0060272314585745,0.7644374966621399,0.5756415128707886,0.000764496915508,0.4312899112701416,0.5432770252227783,-0.0169673468917608,0.525448739528656,0.5283994674682617,-0.0250254366546869,0.5494949817657471,0.5795915722846985,-0.0346116013824939,0.5356340408325195,0.6198575496673584,-0.0399946980178356,0.3201687932014465,0.5504153370857239,-0.0295406877994537,0.4117081761360168,0.5402883887290955,-0.0144207188859581,0.4392041563987732,0.5841330885887146,-0.0104071041569113,0.4306024610996246,0.6200157403945923,-0.0197207182645797,0.2321225106716156,0.5820304155349731,-0.0374908000230789,0.3130538463592529,0.5734402537345886,-0.0201722849160432,0.3411362767219543,0.6116011738777161,-0.0079964734613895,0.331204891204834,0.6471077799797058,-0.0118111968040466,0.1632860898971557,0.6214423179626465,-0.0441506877541542,0.2288856506347656,0.6153874397277832,-0.0239703003317117,0.258660227060318,0.6476285457611084,-5.008924563298933e-05,0.2571440041065216,0.678494930267334,0.0125537514686584,Pointing_Right
IMG_9642.JPG,0.6809074282646179,0.7693730592727661,2.779600833946461e-07,0.7172312140464783,0.6852853298187256,0.0758679062128067,0.729272186756134,0.6275186538696289,0.0847041979432106,0.7444633841514587,0.5891820788383484,0.0723384991288185,0.7588392496109009,0.5555800199508667,0.0586409233510494,0.6814053654670715,0.5632193684577942,0.0397963933646678,0.6954911351203918,0.4859682321548462,0.0336398668587207,0.706635057926178,0.4329566955566406,0.0315162278711795,0.714298665523529,0.3874220252037048,0.026590421795845,0.6843999624252319,0.5773051381111145,-0.0137732503935694,0.6908350586891174,0.4754687547683716,-0.0368991196155548,0.7021839618682861,0.4186418950557709,-0.0403318144381046,0.7131308913230896,0.3670308887958526,-0.0410348661243915,0.690857470035553,0.6041046380996704,-0.06041070073843,0.739071786403656,0.5334510803222656,-0.0725229606032371,0.7677226066589355,0.5706413984298706,-0.0430217310786247,0.7770698070526123,0.6006050109863281,-0.0196757614612579,0.7092393636703491,0.6319298148155212,-0.102596066892147,0.7557951211929321,0.5902474522590637,-0.1080131530761718,0.7872825264930725,0.6077708005905151,-0.089047335088253,0.8064741492271423,0.6238548159599304,-0.0724408775568008,Pointing_Left
IMG_9582.JPG,0.9190425276756288,0.8113030791282654,-4.1707386344569386e-07,0.8381823301315308,0.7862141728401184,0.0142767494544386,0.7891916632652283,0.7149309515953064,0.0306384526193141,0.7817177176475525,0.6502024531364441,0.054321426898241,0.8046749830245972,0.6172172427177429,0.0778503492474556,0.8127742409706116,0.6239480376243591,-0.0064133992418646,0.8049056529998779,0.532393217086792,0.0106213251128792,0.7962459325790405,0.4842843115329742,0.0149400383234024,0.7919808626174927,0.4428519606590271,0.0154200242832303,0.8585363030433655,0.6133745312690735,0.0094520784914493,0.832221269607544,0.5880058407783508,0.0622995495796203,0.8260019421577454,0.6312979459762573,0.0925278961658477,0.8299430012702942,0.6623230576515198,0.101155549287796,0.893856942653656,0.6204258799552917,0.0282382164150476,0.8595460653305054,0.6052806973457336,0.0775525569915771,0.8561604022979736,0.6463062167167664,0.0851187109947204,0.8637831807136536,0.6729773879051208,0.0753554850816726,0.921722650527954,0.625683069229126,0.0492981746792793,0.8908963799476624,0.6176755428314209,0.0867267251014709,0.8848401308059692,0.647589921951294,0.0937037318944931,0.889072060585022,0.6740004420280457,0.0895416960120201,Pointing_Left
507911772433746_.pic.jpg,0.9169215559959412,0.7674000263214111,-6.237440857148613e-07,0.8173540830612183,0.6808711290359497,0.006742775440216,0.6822699308395386,0.6460918188095093,-0.0112354457378387,0.5628432631492615,0.6592934727668762,-0.0366704277694225,0.480999618768692,0.6886067986488342,-0.0650689303874969,0.5815799832344055,0.5602264404296875,-0.0171480160206556,0.3978988230228424,0.5839024186134338,-0.0387930423021316,0.2973901629447937,0.5954598784446716,-0.0644491463899612,0.2222435474395752,0.5909692645072937,-0.0905863121151924,0.5777103900909424,0.5886057615280151,-0.0448353625833988,0.4568406343460083,0.7049875259399414,-0.0541632249951362,0.5270023345947266,0.7342464327812195,-0.0622525252401828,0.5844197869300842,0.7140005230903625,-0.078953169286251,0.5890724062919617,0.6424026489257812,-0.0711212903261184,0.4999181926250458,0.7631246447563171,-0.0706861317157745,0.5738204717636108,0.775198757648468,-0.0642692744731903,0.6229451894760132,0.7421443462371826,-0.0750168338418006,0.603948175907135,0.7057585716247559,-0.1007353886961937,0.5427201986312866,0.7979040145874023,-0.1142893806099891,0.6042039394378662,0.8071866035461426,-0.1088403612375259,0.6494235396385193,0.7835891246795654,-0.107219286262989,Pointing_Left
508361772433792_.pic_thumb.jpg,0.8845640420913696,0.8277885913848877,-8.363019787793746e-07,0.7906718254089355,0.6882921457290649,0.0158529002219438,0.6248807311058044,0.6241925954818726,-0.0115792015567421,0.4646004736423492,0.6379983425140381,-0.0474794246256351,0.3612474203109741,0.6812446713447571,-0.0922155752778053,0.5523654222488403,0.5473714470863342,-0.0597195588052272,0.2971179783344269,0.5763432383537292,-0.0921246260404586,0.1435357630252838,0.6031430959701538,-0.1241427436470985,0.0352643728256225,0.608283519744873,-0.1552214920520782,0.5319802761077881,0.5986366868019104,-0.0953550487756729,0.3472985923290252,0.7205119729042053,-0.1039770692586898,0.421112596988678,0.7723003029823303,-0.1059349998831749,0.4964978396892547,0.7706080079078674,-0.1217214316129684,0.529420018196106,0.6795707941055298,-0.1244250759482383,0.3949113488197326,0.8084452152252197,-0.1222665533423423,0.4824953377246856,0.8352546691894531,-0.1116652712225914,0.5541139841079712,0.813278317451477,-0.1226066946983337,0.5270553827285767,0.766821026802063,-0.1550403833389282,0.4336904287338257,0.8683866262435913,-0.171868696808815,0.5004197955131531,0.8883011341094971,-0.1621827483177185,0.5624577403068542,0.8708984851837158,-0.1579479873180389,Pointing_Left
IMG_9574.JPG,0.7552786469459534,0.8157318234443665,-4.166022335994058e-07,0.7124856114387512,0.7419420480728149,0.0326256603002548,0.7069388628005981,0.6732075214385986,0.0470094792544841,0.7263326644897461,0.6198296546936035,0.0584042333066463,0.7474424839019775,0.5925968885421753,0.0680978745222091,0.7090348601341248,0.6110656261444092,0.0073592672124505,0.7138462066650391,0.5193473100662231,0.0113627538084983,0.7187520861625671,0.4661495685577392,0.0133370207622647,0.7246297001838684,0.4263471961021423,0.0138344503939151,0.7484467625617981,0.6150400638580322,-0.0006340807303786,0.7724427580833435,0.5673906207084656,0.0189438257366418,0.7700573801994324,0.6004817485809326,0.0326339863240718,0.7646018862724304,0.624292254447937,0.0367081053555011,0.7862630486488342,0.6342234015464783,-0.0041320980526506,0.8021866083145142,0.6010270714759827,0.0175301376730203,0.7961376905441284,0.629184901714325,0.0287158899009227,0.7893065214157104,0.652304470539093,0.0289209056645631,0.818846583366394,0.6548954844474792,-0.0044218646362423,0.8260091543197632,0.6293718814849854,0.0166071243584156,0.81916344165802,0.654622495174408,0.0299688577651977,0.8116847276687622,0.677740216255188,0.0357249528169631,Pointing_Left
508651772433820_.pic_thumb.jpg,0.5235157012939453,0.90513014793396,-6.37884795651189e-07,0.6970972418785095,0.8270785808563232,0.0366778783500194,0.7839358448982239,0.7260305881500244,0.0528791844844818,0.8486950993537903,0.6455041766166687,0.0603887476027011,0.926235556602478,0.6236870884895325,0.0679156109690666,0.6554727554321289,0.553138256072998,0.0349179618060588,0.6897220015525818,0.5652774572372437,0.0522620528936386,0.6984775066375732,0.6356568932533264,0.0468715839087963,0.6901366114616394,0.6859768629074097,0.0387350805103778,0.5217344760894775,0.5575739741325378,0.015274747274816,0.5650767087936401,0.5815960764884949,0.056112989783287,0.5816370844841003,0.6394469738006592,0.0587723813951015,0.5756309628486633,0.680473804473877,0.0446829460561275,0.4103319346904754,0.5940457582473755,0.0016477690078318,0.448654294013977,0.6099959015846252,0.0297486018389463,0.4745400249958038,0.6578900814056396,0.0308302734047174,0.4741223454475403,0.6969814300537109,0.0178976580500602,0.3168597221374511,0.6379693150520325,-0.00847705360502,0.3521879017353058,0.6547646522521973,0.0087563544511795,0.3840948641300201,0.6973268389701843,0.0259956195950508,0.3915973603725433,0.7350119352340698,0.0356891937553882,Pointing_Right
IMG_9654.JPG,0.731309175491333,0.7358060479164124,6.703634625182532e-08,0.6665440797805786,0.6962141394615173,0.0052966554649174,0.6316310167312622,0.629288911819458,0.0040116966702044,0.6349809169769287,0.5576097369194031,0.0043389601632952,0.6591724157333374,0.5250009298324585,0.0053769294172525,0.6673324108123779,0.5726197361946106,-0.0255208201706409,0.6725988984107971,0.4624986946582794,-0.0320158265531063,0.6782384514808655,0.4067965447902679,-0.0265577882528305,0.6840965151786804,0.3668583035469055,-0.0202275980263948,0.7108646631240845,0.5680050253868103,-0.0282337497919797,0.7156463861465454,0.4490807056427002,-0.0378276444971561,0.7174090147018433,0.390361487865448,-0.0306182857602834,0.7193595170974731,0.3531745076179504,-0.0213941652327775,0.7477007508277893,0.5753828883171082,-0.0281456802040338,0.7501531839370728,0.4687266945838928,-0.0357504487037658,0.748131513595581,0.4153006076812744,-0.028059221804142,0.7440621852874756,0.3827936053276062,-0.0182555485516786,0.7769498825073242,0.5920273661613464,-0.0262740906327962,0.7785855531692505,0.5047255754470825,-0.02619662694633,0.7738591432571411,0.4648747146129608,-0.0168046355247497,0.767175018787384,0.4403127431869507,-0.0067159472964704,Pointing_Left
